zh_name,full_name
½ğÉÑ·ïµû,Troides aeacus
ÉÑ·ïµû,Troides helena
Ó«¹âÉÑ·ïµû,Troides magellenus
Å¯Êï·ïµû,Atrophaneura aidoneus
ÂêÊï·ïµû,Atrophaneura nox
Êï·ïµû,Atrophaneura horishana
Õ­Êï·ïµû,Atrophaneura zaleuca
ÍßÊï·ïµû,Atrophaneura varuna
÷ê·ïµû,Byasa alcinous
ÖĞ»ª÷ê·ïµû,Byasa confusa
³¤Î²÷ê·ïµû,Byasa impediens
»ÒÈŞ÷ê·ïµû,Byasa mencius
´ïÄ¦÷ê·ïµû,Byasa daemonius
¶ÌÎ²÷ê·ïµû,Byasa crassipes
Í»Ôµ÷ê·ïµû,Byasa plutonius
´ÖÈŞ÷ê·ïµû,Byasa nevilli
¶à×Ë÷ê·ïµû,Byasa polyeuctes
°×°ß÷ê·ïµû,Byasa dasarada
ÔÆÄÏ÷ê·ïµû,Byasa hedistus
æı¿ã÷ê·ïµû,Byasa latreillei
²ÊÈ¹÷ê·ïµû,Byasa polla
æ¬÷ê·ïµû,Byasa rhadinus
´¸Î²·ïµû,Losaria coon
ºìÖé·ïµû,Pachliopta aristolochiae
ºÖ°ß·ïµû,Chilasa agestor
°ß·ïµû,Chilasa clytia
Ğ¡ºÚ°ß·ïµû,Chilasa epycides
´äÀ¶°ß·ïµû,Chilasa paradoxa
ÍÎÖé°ß·ïµû,Chilasa slateri
ÓñÑÀ·ïµû,Papilio castor
ºÚÃÀ·ïµû,Papilio bootes
Óñ°ß·ïµû,Papilio helenus
ÃÃÃÀ·ïµû,Papilio macilentus
ÃÀ·ïµû,Papilio memnon
¿í´ø·ïµû,Papilio nephelus
ÄÉ²¹·ïµû,Papilio noblei
Óñ´ø·ïµû,Papilio polytes
À¶·ïµû,Papilio protenor
ºì»ùÃÀ·ïµû,Papilio alcmenor
Ì¨Íå·ïµû,Papilio thaiwanus
ºì°ßÃÀ·ïµû,Papilio rumanzovia
Âí¹ş·ïµû,Papilio mahadeva
Õ­°ß´ä·ïµû,Papilio arcturus
±Ì·ïµû,Papilio bianor
ñ·´ä·ïµû,Papilio dialis
¶ÌÎ²´ä·ïµû,Papilio doddsi
ÖØàø´ä·ïµû,Papilio hoppo
²¨ÂÌ·ïµû,Papilio polyctor
¿ËÀï´ä·ïµû,Papilio krishna
ÂÌ´ø´ä·ïµû,Papilio maackii
°ÍÀè´ä·ïµû,Papilio paris
Î÷·¬´ä·ïµû,Papilio syfanius
´ïÄ¦´ä·ïµû,Papilio demoleus
¸ÌéÙ·ïµû,Papilio xuthus
½ğ·ïµû,Papilio machaon
¿íÎ²·ïµû,Agehana elwesi
Ì¨Íå¿íÎ²·ïµû,Agehana maraho
Ñà·ïµû,Lamproptera curius
ÂÌ´øÑà·ïµû,Lamproptera meges
Í³Ë§Çà·ïµû,Graphium agamemnon
Ëé°ßÇà·ïµû,Graphium chironides
¿í´øÇà·ïµû,Graphium cloanthus
Ä¾À¼Çà·ïµû,Graphium doson
Òø¹³Çà·ïµû,Graphium eurypylus
Çà·ïµû,Graphium sarpedon
ÀèÊÏÇà·ïµû,Graphium leechi
ÎÆ·ïµû,Paranticopsis macareus
Ï¸ÎÆ·ïµû,Paranticopsis megarus
¿ÍÎÆ·ïµû,Paranticopsis xenocles
Ğ±ÎÆÂÌ·ïµû,Pathysa agetes
ÂÌ·ïµû,Pathysa antiphates
Ã¢ÂÌ·ïµû,Pathysa aristea
ºìç·ÂÌ·ïµû,Pathysa nomius
½ğ°ß½£·ïµû,Pazala alebion
ÌúÄ¾½£·ïµû,Pazala timur
ÉıÌì½£·ïµû,Pazala euroa
»ªÏÄ½£·ïµû,Pazala glycerion
Ô²³á½£·ïµû,Pazala incerta
ÎÚ¿ËÀ¼½£·ïµû,Pazala tamerlana
ËÄ´¨½£·ïµû,Pazala hoenei
ì½·ïµû,Iphiclides podalirius
Î÷²Øì½·ïµû,Iphiclides podalirinus
ºÖ¹³·ïµû,Meandrusa sciron
ºÚ¹³·ïµû,Meandrusa lachinus
¹³·ïµû,Meandrusa payeni
à¹·ïµû,Teinopalpus imperialis
½ğ°ßà¹·ïµû,Teinopalpus aureus
Ë¿´ø·ïµû,Sericinus montelus
¶àÎ²·ïµû,Bhutanitis lidderdalii
¶şÎ²·ïµû,Bhutanitis mansfieldi
Àö°ßÎ²·ïµû,Bhutanitis pulchristata
ÈıÎ²·ïµû,Bhutanitis thaidina
²»µ¤Î²·ïµû,Bhutanitis ludlowi
ÓñÁúÎ²·ïµû,Bhutanitis yulongensis
ĞşÉÑÎ²·ïµû,Bhutanitis nigrilima
ÖĞ»ª»¢·ïµû,Luehdorfia chinensis
»¢·ïµû,Luehdorfia puziloi
³¤Î²»¢·ïµû,Luehdorfia longicaudata
ÔÆ¾îµû,Hypermnestra helios
ôËºÍ¾îµû,Parnassius apollonius
ºìÖé¾îµû,Parnassius bremeri
¸£²¼¾îµû,Parnassius phoebus
ÏÄÃÎ¾îµû,Parnassius jacquemontii
ÒÀÅÁ¾îµû,Parnassius epaphus
ÌìÉ½¾îµû,Parnassius tianschanicus
Ğ¡ºìÖé¾îµû,Parnassius nomion
°¢²¨ÂŞ¾îµû,Parnassius apollo
ÃÙÃÎ¾îµû,Parnassius mnemosyne
°×¾îµû,Parnassius stubbendorfii
±ùÇå¾îµû,Parnassius glacialis
°¬ö©¾îµû,Parnassius eversmanni
°®ÂÂ¾îµû,Parnassius ariadne
ÕäÖé¾îµû,Parnassius orleans
ÁªÖé¾îµû,Parnassius hardwickii
ËÄ´¨¾îµû,Parnassius szechenyii
ÖÜÊÏ¾îµû,Parnassius choui
ÔªÊ×¾îµû,Parnassius cephalus
Ê¦¹Å¾îµû,Parnassius schulteri
Âí¹ş¾îµû,Parnassius maharajus
À¯±´¾îµû,Parnassius labeyriei
°®çæ¾îµû,Parnassius acco
ÆÕÊÏ¾îµû,Parnassius przewalskii
°ÍÒá¾îµû,Parnassius baileyi
À¶¾«Áé¾îµû,Parnassius acdestis
´äÈ¸¾îµû,Parnassius delphius
Î÷Úï¾îµû,Parnassius staudingeri
¾ıÖ÷¾îµû,Parnassius imperator
æ±Í«¾îµû,Parnassius charltonius
¿×È¸¾îµû,Parnassius loxias
Î¢µã¾îµû,Parnassius tenedius
Î÷ºï¾îµû,Parnassius simo
°²¶È¾îµû,Parnassius andreji
Ç¨·Ûµû,Catopsilia pomona
ïÓ»ÆÇ¨·Ûµû,Catopsilia scylla
Àæ»¨Ç¨·Ûµû,Catopsilia pyranthe
Ëé°ßÇ¨·Ûµû,Catopsilia florella
ºÚ½Ç·½·Ûµû,Dercas lycorias
³È³á·½·Ûµû,Dercas nina
Ì´·½·Ûµû,Dercas verhuelli
°ßÔµ¶¹·Ûµû,Colias erate
³È»Æ¶¹·Ûµû,Colias fieldii
ºÚÔµ¶¹·Ûµû,Colias palaeno
ÀèÃ÷¶¹·Ûµû,Colias heos
ïÖ½ğ¶¹·Ûµû,Colias chrysotheme
¶¹·Ûµû,Colias hyale
É½¶¹·Ûµû,Colias montium
ÓñÉ«¶¹·Ûµû,Colias berylla
÷ó¶¹·Ûµû,Colias richthofrni
ºìºÚ¶¹·Ûµû,Colias arida
Êïºì¶¹·Ûµû,Colias eogene
¸ñÂ³¶¹·Ûµû,Colias grumi
Î÷èó¶¹·Ûµû,Colias sieversi
Î÷·¬¶¹·Ûµû,Colias sifanica
Ë¹ÍĞ¶¹·Ûµû,Colias stoliczkana
Ğ¡¶¹·Ûµû,Colias cocandica
½ğ¶¹·Ûµû,Colias ladakensis
»ÆÜÎ¶¹·Ûµû,Colias erschoffi
¶«ÑÇ¶¹·Ûµû,Colias poliographus
Å®Éñ¶¹·Ûµû,Colias diva
Àè¶¹·Ûµû,Colias nebulosa
Î÷²Ø¶¹·Ûµû,Colias tibetana
°¢¶¹·Ûµû,Colias adelaidae
Íò´ï¶¹·Ûµû,Colias wanda
¶ı¶¹·Ûµû,Colias aegidii
ĞÂ½®¶¹·Ûµû,Colias tamerlana
ÄáÄÇ¶¹·Ûµû,Colias nina
ÓÂ¶¹·Ûµû,Colias thrasibulus
·Æ¶ù¶¹·Ûµû,Colias felderi
À­¶¹·Ûµû,Colias lada
É°¶¹·Ûµû,Colias thisoa
Ç³³È¶¹·Ûµû,Colias staudingeri
ĞË°²¶¹·Ûµû,Colias tyche
¶Å±È¶¹·Ûµû,Colias dubia
±±Àè¶¹·Ûµû,Colias viluiensis
¼â½Ç»Æ·Ûµû,Eurema laeta
¿í±ß»Æ·Ûµû,Eurema hecabe
éŞ»Æ·Ûµû,Eurema blanda
°²µÏ»Æ·Ûµû,Eurema andersoni
Ã´ÃÃ»Æ·Ûµû,Eurema ada
ÎŞ±ê»Æ·Ûµû,Eurema brigitta
°²Àï»Æ·Ûµû,Eurema alitha
«\»Æ·Ûµû,Gandaca harina
¼â¹³·Ûµû,Gonepteryx mahaguru
¹³·Ûµû,Gonepteryx rhamni
Ô²³á¹³·Ûµû,Gonepteryx amintha
Ì¨Íå¹³·Ûµû,Gonepteryx taiwana
³È·Ûµû,Ixias pyrene
±¨Ï²°ß·Ûµû,Delias pasithoe
ºìÒ¸°ß·Ûµû,Delias acalis
ÓÅÔ½°ß·Ûµû,Delias hyparete
²àÌõ°ß·Ûµû,Delias lativitta
ÒşÌõ°ß·Ûµû,Delias subnubila
»ÆÈ¹°ß·Ûµû,Delias wilemani
ÑŞ¸¾°ß·Ûµû,Delias belladonna
È÷Çà°ß·Ûµû,Delias sanaca
±¶ÁÖ°ß·Ûµû,Delias berinda
°Â¹Å°ß·Ûµû,Delias agostina
Àö°ß·Ûµû,Delias descombesi
°×³á¼â·Ûµû,Appias albina
±¦Áá¼â·Ûµû,Appias paulina
À×Õğ¼â·Ûµû,Appias indra
Àû±È¼â·Ûµû,Appias libythea
ÁéÆæ¼â·Ûµû,Appias lyncida
À¼¼§¼â·Ûµû,Appias lalage
À¼Î÷¼â·Ûµû,Appias lalassis
ÁªÃ¼¼â·Ûµû,Appias remedios
ºì³á¼â·Ûµû,Appias nero
ºì¼ç¾â·Ûµû,Prioneris clemanthe
¾â·Ûµû,Prioneris thestylis
¾î·Ûµû,Aporia crataegi
Ğ¡ŞÁ¾î·Ûµû,Aporia hippia
Âí¶¡¾î·Ûµû,Aporia martineti
°µÉ«¾î·Ûµû,Aporia bieti
¼ıÎÆ¾î·Ûµû,Aporia procris
¾âÎÆ¾î·Ûµû,Aporia goutellei
»Ò¹ÃÄï¾î·Ûµû,Aporia intercostata
ÀÒÉ«¾î·Ûµû,Aporia potanini
´ó³á¾î·Ûµû,Aporia largeteaui
°Â±¶¾î·Ûµû,Aporia oberthueri
ÖĞÑÇ¾î·Ûµû,Aporia leucodice
Àû¼ı¾î·Ûµû,Aporia harrietae
Èı»Æ¾î·Ûµû,Aporia larraldei
â¬ĞÎ¾î·Ûµû,Aporia hastata
ºÚ±ß¾î·Ûµû,Aporia acraea
ÍêÉÆ¾î·Ûµû,Aporia agathon
É­ÏÂ¾î·Ûµû,Aporia morishitai
Ñ¾ÎÆ¾î·Ûµû,Aporia delavayi
ÆÕÍ¨¾î·Ûµû,Aporia genestieri
ÇØÁë¾î·Ûµû,Aporia tsinglingica
Î÷´å¾î·Ûµû,Aporia nishimurai
¹şÄ¬¾î·Ûµû,Aporia lhamo
µÈ¾à¾î·Ûµû,Aporia howarthi
¹ê¾®¾î·Ûµû,Aporia kamei
»Æ³á¾î·Ûµû,Aporia lemoulti
¸ßÀè¹±¾î·Ûµû,Aporia kaolinkonensis
ÃÃ·Ûµû,Mesapia peloria
ºÚÂöÔ°·Ûµû,Cepora nerissa
ÇàÔ°·Ûµû,Cepora nadina
»ÆÈ¹Ô°·Ûµû,Cepora judith
ÎâÊÏÔ°·Ûµû,Cepora wui
Å·ÖŞ·Ûµû,Pieris brassicae
²Ë·Ûµû,Pieris rapae
°ßÔµ²Ë·Ûµû,Pieris deota
¶«·½²Ë·Ûµû,Pieris canidia
°µÂö²Ë·Ûµû,Pieris napi
ºÚÎÆ·Ûµû,Pieris melete
´óÕ¹·Ûµû,Pieris extensa
¶Å±´·Ûµû,Pieris dubernardi
´óÎÀ·Ûµû,Pieris davidis
ÍõÊÏ·Ûµû,Pieris wangi
¿ËÀ³·Ûµû,Pieris krueperi
Ë¹Ì¹·Ûµû,Pieris steinigeri
¶«±±·Ûµû,Pieris orientis
ºÚ±ß·Ûµû,Pieris melaina
´ºØ§·Ûµû,Pieris chumbiensis
¿â´Ä·Ûµû,Pieris kozlovi
Ù¼Ë¼·Ûµû,Pieris rothschildi
°¢¶û½ğ·Ûµû,Pieris aljinensis
Ë¹ÍĞ·Ûµû,Pieris stotzneri
ÂÌÔÆ·Ûµû,Pontia chloridice
ÔÆ·Ûµû,Pontia daplidice
¼ıÎÆÔÆ·Ûµû,Pontia callidice
·ÉÁú·Ûµû,Talbotia naganum
Ùª·Ûµû,Baltia butleri
ÏË·Ûµû,Leptosia nina
Çà·Ûµû,Pareronia valeria
»Æ¼â½ó·Ûµû,Anthocharis scolymus
Æ¤ÊÏ¼â½ó·Ûµû,Anthocharis bieti
ºì½ó·Ûµû,Anthocharis cardamines
³È³á½ó·Ûµû,Anthocharis bambusarum
²Ø½ó·Ûµû,Anthocharis thibetana
³àÃ¼·Ûµû,Zegris pyrothoe
Í»½ÇĞ¡·Ûµû,Leptidea amurensis
¾âÎÆĞ¡·Ûµû,Leptidea serrata
ÄªÊÏĞ¡·Ûµû,Leptidea morsei
Ô²³áĞ¡·Ûµû,Leptidea gigantea
¾ıÖ÷°ßµû,Danaus plexippus
½ğ°ßµû,Danaus chrysippus
»¢°ßµû,Danaus genutia
ºÚ»¢°ßµû,Danaus melanippus
Çà°ßµû,Tirumala limniace
æéÎÆÇà°ßµû,Tirumala gautama
ØÄÇà°ßµû,Tirumala septentrionis
°×É«Çà°ßµû,Tirumala alba
´ó¾î°ßµû,Parantica sita
Î÷²Ø¾î°ßµû,Parantica pedonga
ºÚ¾î°ßµû,Parantica melanea
¾î°ßµû,Parantica aglea
ì½°ßµû,Ideopsis vulgaris
Äâì½°ßµû,Ideopsis similis
´ó²¯°ßµû,Idea leuconoe
À¶µã×Ï°ßµû,Euploea midamus
»Ã×Ï°ßµû,Euploea core
ºÚ×Ï°ßµû,Euploea eunice
Ë«±ê×Ï°ßµû,Euploea sylvester
¶ÊÀö×Ï°ßµû,Euploea tulliola
ÒìĞÍ×Ï°ßµû,Euploea mulciber
Àä×Ï°ßµû,Euploea algea
Ä¬×Ï°ßµû,Euploea klugii
Ì¨ÄÏ×Ï°ßµû,Euploea phaenareta
°×±Ú×Ï°ßµû,Euploea radamantha
¿§Âê×Ï°ßµû,Euploea cameralzeman
·ïÑÛ·½»·µû,Discophora sondaica
¾ª¿Ö·½»·µû,Discophora timora
ÔÂÎÆ¾Ø»·µû,Enispe lunatum
À¶´ø¾Ø»·µû,Enispe cycnus
¾Ø»·µû,Enispe euthymius
×Ï°ß»·µû,Thaumantis diores
º£ÄÏ×Ï°ß»·µû,Thaumantis hainana
É­ÏÂ½»Âö»·µû,Amathuxidia morishitai
Ğ±´ø»·µû,Thauria lathyi
ÎÆ»·µû,Aemona amathusia
¼â³áÎÆ»·µû,Aemona lena
°Â±¶ÎÆ»·µû,Aemona oberthueri
Ë«ĞÇ¼ı»·µû,Stichophthalma neumogeni
°×Ğä¼ı»·µû,Stichophthalma louisa
°×¶µ¼ı»·µû,Stichophthalma fruhstorferi
¼ı»·µû,Stichophthalma howqua
ĞÄ°ß¼ı»·µû,Stichophthalma nourmahal
Àè¼ı»·µû,Stichophthalma le
Ë¹°Í´ï¼ı»·µû,Stichophthalma sparta
Ï²Âí¼ı»·µû,Stichophthalma camadeva
´®Öé»·µû,Faunis eumeus
»Ò³á´®Öé»·µû,Faunis aerope
ºÖ´®Öé»·µû,Faunis canens
ÄºÑÛµû,Melanitis leda
íûÄºÑÛµû,Melanitis phedima
»Æ´øÄºÑÛµû,Melanitis zitenius
÷ìÑÛµû,Lethe dura
ËØÀ­÷ìÑÛµû,Lethe sura
¸ÊÈø÷ìÑÛµû,Lethe kansa
¼âÎ²÷ìÑÛµû,Lethe sinorix
ÂíÌ«÷ìÑÛµû,Lethe mataja
³¤ÎÆ÷ìÑÛµû,Lethe europa
²¨ÎÆ÷ìÑÛµû,Lethe rohria
Ğ¡ÔÆ°ß÷ìÑÛµû,Lethe jalaurida
Ã×ÀÕ÷ìÑÛµû,Lethe moelleri
ÇúÎÆ÷ìÑÛµû,Lethe chandica
ÈıĞ¨÷ìÑÛµû,Lethe mekara
»ªÉ½÷ìÑÛµû,Lethe serbonis
°×´ø÷ìÑÛµû,Lethe confusa
ÉîÉ½÷ìÑÛµû,Lethe insana
Óñ´ø÷ìÑÛµû,Lethe verma
°ËÄ¿÷ìÑÛµû,Lethe oculatissima
¿í´ø÷ìÑÛµû,Lethe helena
×ÏÏß÷ìÑÛµû,Lethe violaceopicta
Ğ¡È¦÷ìÑÛµû,Lethe ocellata
Î÷á¼÷ìÑÛµû,Lethe sidonis
Ê¥Ä¸÷ìÑÛµû,Lethe cybele
ºÚ´ø÷ìÑÛµû,Lethe nigrifascia
ó´ÎÆ÷ìÑÛµû,Lethe labyrinthea
åû÷ìÑÛµû,Lethe yantra
Ã÷´ø÷ìÑÛµû,Lethe helle
ÃÔÎÆ÷ìÑÛµû,Lethe maitrya
ÓñÉ½÷ìÑÛµû,Lethe niitakana
°×Ìõ÷ìÑÛµû,Lethe albolineata
»Æ´ø÷ìÑÛµû,Lethe luteofascia
°²Í½Éú÷ìÑÛµû,Lethe andersoni
ÒøÏß÷ìÑÛµû,Lethe argentata
Î÷²Ø÷ìÑÛµû,Lethe baladeva
ÔÆÄÏ÷ìÑÛµû,Lethe yunnana
×ØºÖ÷ìÑÛµû,Lethe christophi
ÆæÎÆ÷ìÑÛµû,Lethe cyrene
Á¬ÎÆ÷ìÑÛµû,Lethe syrcis
±ßÎÆ÷ìÑÛµû,Lethe marginalis
ÂŞµ¤÷ìÑÛµû,Lethe laodamia
Ì©æ§÷ìÑÛµû,Lethe titania
Ì¦ÄÈ÷ìÑÛµû,Lethe diana
¿µ¶¨÷ìÑÛµû,Lethe sicelides
ÎÄæ·÷ìÑÛµû,Lethe windhya
Ö±´ø÷ìÑÛµû,Lethe lanaris
ÖØÍ«÷ìÑÛµû,Lethe trimacula
±ÈÄ¿÷ìÑÛµû,Lethe proxima
Ë´Ä¿÷ìÑÛµû,Lethe bipupilla
ÂÏ°ß÷ìÑÛµû,Lethe gemina
ÃÅ×ó÷ìÑÛµû,Lethe manzora
ÖéÁ¬÷ìÑÛµû,Lethe monolifera
Ô²³á÷ìÑÛµû,Lethe butleri
ÉßÉñ÷ìÑÛµû,Lethe satyrina
Ï¸÷ìÑÛµû,Lethe siderea
°×È¹÷ìÑÛµû,Lethe visrava
»ªÎ÷÷ìÑÛµû,Lethe baucis
²à´ø÷ìÑÛµû,Lethe latiaris
Ä¾Æº÷ìÑÛµû,Lethe moupinensis
²Ê°ß÷ìÑÛµû,Lethe procne
±´Àû÷ìÑÛµû,Lethe baileyi
¿¨Ã×À­÷ìÑÛµû,Lethe camilla
ÅÁµÂÀ­ÒñÑÛµû,Neope bhadra
°¢Ã¢ÒñÑÛµû,Neope armandii
ÈéÉ«ÒñÑÛµû,Neope lacticolora
»Æ°ßÒñÑÛµû,Neope pulaha
ºÚ°ßÒñÑÛµû,Neope pulahoides
²¼À³ÒñÑÛµû,Neope bremeri
ÌïÔ°ÒñÑÛµû,Neope agrestis
ÍøÎÆÒñÑÛµû,Neope christi
ÄâÍøÎÆÒñÑÛµû,Neope simulans
µÂÏéÒñÑÛµû,Neope dejeani
ÃÉÁ´ÒñÑÛµû,Neope muirheadii
Ë¿Á´ÒñÑÛµû,Neope yama
°ÂÒñÑÛµû,Neope oberthueri
´ó°ßÒñÑÛµû,Neope ramosa
ËÄ´¨ÒñÑÛµû,Neope shirozui
»ÆÒñÑÛµû,Neope contrasta
²ìÓçÒñÑÛµû,Neope chayuensis
ÄşÑÛµû,Ninguta schrenkii
À¶°ßÀöÑÛµû,Mandarinia regalis
Ğ±°ßÀöÑÛµû,Mandarinia uemurai
ÍøÑÛµû,Rhaphicera dumicola
»ÆÍøÑÛµû,Rhaphicera satricus
°×ÎÆÔÀÑÛµû,Orinoma alba
±ªÑÛµû,Nosea hainanensis
×Ø´øÑÛµû,Chonala praeusta
´øÑÛµû,Chonala episcopalis
ÂíÉ­´øÑÛµû,Chonala masoni
²ØÑÛµû,Tatinga tibetana
»Æ»·Á´ÑÛµû,Lopinga achine
´ÔÁÖÁ´ÑÛµû,Lopinga dumetora
Ğ¡Á´ÑÛµû,Lopinga nemorum
»Æ³áÃ«ÑÛµû,Lasiommata eversmanni
Ğ¡Ã«ÑÛµû,Lasiommata minuscula
´óÃ«ÑÛµû,Lasiommata majuscula
ºÍ·áÃ«ÑÛµû,Lasiommata hefengana
¶·Ã«ÑÛµû,Lasiommata deidamia
¶àÑÛµû,Kirinia epaminondas
°ÂÑÛµû,Orsotriaena medus
Ğ¡Ã¼ÑÛµû,Mycalesis mineus
µ¾Ã¼ÑÛµû,Mycalesis gotama
É®ôÂÃ¼ÑÛµû,Mycalesis sangaica
ÅáË¹Ã¼ÑÛµû,Mycalesis perseus
Äâµ¾Ã¼ÑÛµû,Mycalesis francisca
ÖĞ½éÃ¼ÑÛµû,Mycalesis intermedia
Æ½¶¥Ã¼ÑÛµû,Mycalesis panthaka
çó°ÍÃ¼ÑÛµû,Mycalesis lepcha
¾ıÖ÷Ã¼ÑÛµû,Mycalesis anaxias
ÃÜÉ´Ã¼ÑÛµû,Mycalesis misenus
´óÀíÊ¯Ã¼ÑÛµû,Mycalesis mamerta
ºÖÃ¼ÑÛµû,Mycalesis unica
°×°ßÑÛµû,Penthema adelma
Ì¨Íå°ßÑÛµû,Penthema formosana
²ÊÉÑ°ßÑÛµû,Penthema darlisa
¼ıÎÆ·ÛÑÛµû,Callarge sagitta
·ïÑÛµû,Neorina patria
»Æ´ø·ïÑÛµû,Neorina hilda
ºÚÑÛµû,Ethope henrici
°×½óºÚÑÛµû,Ethope noirei
ÁúÅ®¾âÑÛµû,Elymnias nesaea
ÉÁ×Ï¾âÑÛµû,Elymnias malelas
´äĞä¾âÑÛµû,Elymnias hypermnestra
À¶ñ·ÑÛµû,Coelites nothis
çéÑÛµû,Ragadia crisilida
µßÑÛµû,Acropolis thalia
¶íÂŞË¹°×ÑÛµû,Melanargia russiae
°×ÑÛµû,Melanargia halimede
»ªÎ÷°×ÑÛµû,Melanargia leda
¸Ê²Ø°×ÑÛµû,Melanargia ganymedes
ºÚÉ´°×ÑÛµû,Melanargia lugens
»ª±±°×ÑÛµû,Melanargia epimede
ÂüÀö°×ÑÛµû,Melanargia meridionalis
É½µØ°×ÑÛµû,Melanargia montana
¾Ó¼äÔÆÑÛµû,Hyponephele interposita
»Æ³ÄÔÆÑÛµû,Hyponephele lupina
Î÷·½ÔÆÑÛµû,Hyponephele dysdora
»Æ³áÔÆÑÛµû,Hyponephele davendra
ĞşÉÑÑÛµû,Satyrus ferula
±ßÑÛµû,Satyrus parisatis
ÉßÑÛµû,Minois dryas
ÓÀÔóÉßÑÛµû,Minois nagasawae
¸ßÉ½ÉßÑÛµû,Minois aurata
¹Å±±Äâ¾ÆÑÛµû,Paroeneis palaearctica
Îı½ğÄâ¾ÆÑÛµû,Paroeneis sikkimensis
Äâ¾ÆÑÛµû,Paroeneis pumilus
éÂÑÛµû,Karanasa regeli
²àÌõéÂÑÛµû,Karanasa latifasciata
ÊÙÑÛµû,Pseudochazara hippolyte
Ë«ĞÇÊÙÑÛµû,Pseudochazara baldiva
ÈÊÑÛµû,Eumenis autonoe
»¨ÑÒÑÛµû,Chazara anthe
°×ÊÒÑÒÑÛµû,Chazara heydenreichii
°Ë×ÖÑÒÑÛµû,Chazara briseis
´óĞÍÁÖÑÛµû,Aulocera padma
ÂŞ¹şÁÖÑÛµû,Aulocera loha
Ï¸Ã¼ÁÖÑÛµû,Aulocera merlina
ËÄÉäÁÖÑÛµû,Aulocera magica
Ğ¡ĞÍÁÖÑÛµû,Aulocera sybillina
Ï²ÂíÁÖÑÛµû,Aulocera brahminoides
¾îÑÛµû,Davidina armandi
ºÚ¾îÑÛµû,Davidina alticola
ÛÇÑÛµû,Ypthima balda
×¿ÛÇÑÛµû,Ypthima zodia
ÓÄÛÇÑÛµû,Ypthima conjuncta
Ì¨ÍåÛÇÑÛµû,Ypthima formosana
É½ÖĞÛÇÑÛµû,Ypthima yamanakai
ÀèÉ£ÛÇÑÛµû,Ypthima lisandra
Ä§Å®ÛÇÑÛµû,Ypthima medusa
Á¬°ßÛÇÑÛµû,Ypthima sakra
ÈÚ°ßÛÇÑÛµû,Ypthima nikaea
´ó²¨ÛÇÑÛµû,Ypthima tappana
Ç°ÎíÛÇÑÛµû,Ypthima praenubila
ğØÛÇÑÛµû,Ypthima ciris
ÍêèµÛÇÑÛµû,Ypthima perfecta
½­ÆéÛÇÑÛµû,Ypthima esakii
ÖĞ»ªÛÇÑÛµû,Ypthima chinensis
Ğ¡ÛÇÑÛµû,Ypthima nareda
ÄâËÄÑÛÛÇÑÛµû,Ypthima imitans
ºçÛÇÑÛµû,Ypthima iris
ÃÜÎÆÛÇÑÛµû,Ypthima multistriata
ÖØ¹âÛÇÑÛµû,Ypthima dromon
ÂÒÔÆÛÇÑÛµû,Ypthima megalomma
Çú°ßÛÇÑÛµû,Ypthima zyzzomacula
¶«ÑÇÛÇÑÛµû,Ypthima motschulskyi
ÂõÊ½ÛÇÑÛµû,Ypthima melli
Ğ¡ÈıÛÇÑÛµû,Ypthima norma
¶«±±ÛÇÑÛµû,Ypthima argus
²»¹ÂÛÇÑÛµû,Ypthima insolita
Ä«ÍÑÛÇÑÛµû,Ypthima muotuoensis
¹ÅÑÛµû,Palaeonympha opalina
´óÑŞÑÛµû,Callerebia suroia
»ìÍ¬ÑŞÑÛµû,Callerebia confusa
¶à°ßÑŞÑÛµû,Callerebia polyphemus
°×±ßÑŞÑÛµû,Callerebia baileyi
°×Í«Ë´ÑÛµû,Loxerebia saxicola
ºá²¨Ë´ÑÛµû,Loxerebia delavayi
´¹ÀáË´ÑÛµû,Loxerebia ruricola
²İÔ­Ë´ÑÛµû,Loxerebia pratorum
ºÚË´ÑÛµû,Loxerebia martyr
Ê®Ä¿Ë´ÑÛµû,Loxerebia carola
ÁÖÇøË´ÑÛµû,Loxerebia sylvicola
Ã÷íøÑÛµû,Argestina pomena
É½ÑÛµû,Paralasa batanga
¶ú»·É½ÑÛµû,Paralasa herse
»ªÑÛµû,Sinonympha amoena
»ªÑÛµû,Sinonympha avinoffi
±´ÑÛµû,Boeberia parmenio
¾ÆÑÛµû,Oeneis urda
ÄÈÄÈ¾ÆÑÛµû,Oeneis nanna
ÆĞÈø¾ÆÑÛµû,Oeneis buddha
ÃÉ¹Å¾ÆÑÛµû,Oeneis mongolica
ÄÁÅ®ÕäÑÛµû,Coenonympha amaryllis
ĞÂ½®ÕäÑÛµû,Coenonympha xinjiangensis
°®ÕäÑÛµû,Coenonympha oedippus
ÅË·ÇÕäÑÛµû,Coenonympha pamphilus
ÂÌ°ßÕäÑÛµû,Coenonympha sunbecca
Î÷ÃÅÕäÑÛµû,Coenonympha semenovi
Ó¢ĞÛÕäÑÛµû,Coenonympha hero
Òş²ØÕäÑÛµû,Coenonympha arcania
µÒÌ©ÕäÑÛµû,Coenonympha tydeus
ÖĞ»ªÕäÑÛµû,Coenonympha sinica
ÓÍÇìÕäÑÛµû,Coenonympha glycerion
°¢·ÒÑÛµû,Aphantopus hyperantus
ó¸ÑÛµû,Triphysa phryne
ºìÑÛµû,Erebia alcmena
°µºìÑÛµû,Erebia neriene
²¨³áºìÑÛµû,Erebia ligea
õ¢ºìÑÛµû,Erebia theano
Í¼À¼ºìÑÛµû,Erebia turanica
Î÷±¦ºìÑÛµû,Erebia sibo
äÖºÚÑÛµû,Atercoloratus alini
·ïÎ²òÌµû,Polyura arja
Õ­°ß·ïÎ²òÌµû,Polyura athamas
ºÚ·ïÎ²òÌµû,Polyura schreiber
¶şÎ²òÌµû,Polyura narcaea
´ó¶şÎ²òÌµû,Polyura eudamippus
ÕëÎ²òÌµû,Polyura dolon
ÍüÓÇÎ²òÌµû,Polyura nepenthes
Õ´½óÎ²òÌµû,Polyura posidonius
òüòÌµû,Charaxes marmax
ÑÇÁ¦òüòÌµû,Charaxes aristogiton
°×´øòüòÌµû,Charaxes bernardus
»¨°ßòüòÌµû,Charaxes kahruba
è±òÌµû,Prothoe franck
ºì¾âòÌµû,Cethosia biblis
°×´ø¾âòÌµû,Cethosia cyane
×ÏÉÁòÌµû,Apatura iris
Áø×ÏÉÁòÌµû,Apatura ilia
Ï¸´øÉÁòÌµû,Apatura metis
Çú´øÉÁòÌµû,Apatura laverna
ÃÔòÌµû,Mimathyma chevana
Ò¹ÃÔòÌµû,Mimathyma nycteis
»·´øÃÔòÌµû,Mimathyma ambica
°×°ßÃÔòÌµû,Mimathyma schrenckii
»Æ´øîøòÌµû,Chitoria fasciola
ÎäîøòÌµû,Chitoria ulupi
ÀõîøòÌµû,Chitoria subcaerulea
²¬îøòÌµû,Chitoria pallas
Ğ±´øîøòÌµû,Chitoria sordida
½ğîøòÌµû,Chitoria chrysolora
Ä£îøòÌµû,Chitoria modesta
ÄÇîøòÌµû,Chitoria naga
ÀîÊÏîøòÌµû,Chitoria leei
ÂŞòÌµû,Rohana parisatis
ÕäÏ¡ÂŞòÌµû,Rohana parvata
ÄÇÂŞòÌµû,Rohana nakula
Ã¨òÌµû,Timelaea maculata
°×ÉÑÃ¨òÌµû,Timelaea albescens
ÒìĞÍÃ¨òÌµû,Timelaea aformis
·¢ÉäÎÆÃ¨òÌµû,Timelaea radiata
Ã÷´°òÌµû,Dilipa fenestra
´°òÌµû,Dilipa morgiana
ÀÛ»ıòÌµû,Lelecella limenitoides
Ë§òÌµû,Sephisa chandra
»ÆË§òÌµû,Sephisa princeps
Ì¨ÍåË§òÌµû,Sephisa daimio
Ì¨Íå°×òÌµû,Helcyra plesseni
Òø°×òÌµû,Helcyra subalba
°Á°×òÌµû,Helcyra superba
Å¼µã°×òÌµû,Helcyra heminea
Ø³òÌµû,Herona marathus
¶úòÌµû,Eulaceura osteria
Ã¢òÌµû,Euripus nyctelius
ºÚÂöòÌµû,Hestina assimilis
Äâ°ßÂöòÌµû,Hestina persimilis
Ú©ÂöòÌµû,Hestina ouvrardi
İğŞ¼ÎÆÂöòÌµû,Hestina nama
ºÚ×ÏòÌµû,Sasakia funebris
´ó×ÏòÌµû,Sasakia charonda
×îÃÀ×ÏòÌµû,Sasakia pulcherrima
ĞãòÌµû,Pseudergolis wedah
ÊÎòÌµû,Stibochiona nicea
µçòÌµû,Dichorragia nesimachus
³¤ÎÆµçòÌµû,Dichorragia nesseus
ÎÄòÌµû,Vindula erota
Ì¨ÎÄòÌµû,Vindula dejone
²ÊòÌµû,Vagrans egista
¹³³áÌûòÌµû,Terinos atlita
»Æ½óòÌµû,Cupha erymanthis
·©òÌµû,Phalanta phalantha
ĞÒÔËê¤òÌµû,Cirrochroa tyche
ì³±ªòÌµû,Argyreus hyperbius
ÂÌ±ªòÌµû,Argynnis paphia
ÀÏ±ªòÌµû,Argyronome laodice
ÈÚ°ßÀÏ±ªòÌµû,Argyronome kuniga
ºìÀÏ±ªòÌµû,Argyronome ruslana
ÅË±ªòÌµû,Pandoriana pandora
ÔÆ±ªòÌµû,Nephargynnis anadyomene
Å·ÖŞĞ¡±ªòÌµû,Brenthis hecate
Ğ¡±ªòÌµû,Brenthis daphne
ÒÁÅµĞ¡±ªòÌµû,Brenthis ino
çêòÌµû,Paduca fasciata
Çà±ªòÌµû,Damora sagana
Òø±ªòÌµû,Childrena childreni
ÇúÎÆÒø±ªòÌµû,Childrena zenobia
Òø°ß±ªòÌµû,Speyeria aglaja
Ã¾°ß±ªòÌµû,Speyeria clara
¸£òÌµû,Fabriciana niobe
ó¸¸£òÌµû,Fabriciana nerippe
²Ó¸£òÌµû,Fabriciana adippe
¶«ÑÇ¸£±ªòÌµû,Fabriciana xipe
ÕäòÌµû,Clossiana gong
Å®ÉñÕäòÌµû,Clossiana dia
·ğÕäòÌµû,Clossiana freija
Î÷ÀäÕäòÌµû,Clossiana selenis
Í¨ÕäòÌµû,Clossiana thore
¶«±±ÕäòÌµû,Clossiana perryi
²¬òÌµû,Proclossiana eunomia
ÂåÉñ±¦òÌµû,Boloria napaea
ÁúÅ®±¦òÌµû,Boloria pales
Çú°ßÖéòÌµû,Issoria eugenia
ÖéòÌµû,Issoria lathonia
ÂÌòÌµû,Dophla evelina
ÂÌÈ¹çéòÌµû,Tanaecia julii
ºÖÈ¹çéòÌµû,Tanaecia jahnu
°×È¹´äòÌµû,Euthalia lepidea
»ÆÈ¹´äòÌµû,Euthalia cocytus
ÂÌÈ¹±ß´äòÌµû,Euthalia niepelti
ºìÈ¹±ß´äòÌµû,Euthalia irrubescens
ºì°ß´äòÌµû,Euthalia lubentina
°µ°ß´äòÌµû,Euthalia monina
Ó¥´äòÌµû,Euthalia anosia
°µ´äòÌµû,Euthalia eriphylae
¼â³á´äòÌµû,Euthalia phemius
»ÆÍ­´äòÌµû,Euthalia nara
Ã¬´äòÌµû,Euthalia aconthea
Äí´ø´äòÌµû,Euthalia strephon
É¢°ß´äòÌµû,Euthalia khama
Öé´äòÌµû,Euthalia perlella
ÎÆ´äòÌµû,Euthalia alpheda
»Æ´ø´äòÌµû,Euthalia patala
çê´äòÌµû,Euthalia pratti
¼Î´äòÌµû,Euthalia kardama
·©ÀÅ´äòÌµû,Euthalia franciae
¿××Ó´äòÌµû,Euthalia confucius
»Æ³á´äòÌµû,Euthalia kosempoma
¶É´ø´äòÌµû,Euthalia duda
Î÷²Ø´äòÌµû,Euthalia thibetana
¾â´ø´äòÌµû,Euthalia alpherakyi
Ì¨Íå´äòÌµû,Euthalia formosana
Á´°ß´äòÌµû,Euthalia sahadeva
ºÖİí´äòÌµû,Euthalia hebe
²¨ÎÆ´äòÌµû,Euthalia undosa
Õ­§´äÍµû,Euthalia insulae
¶ëÃ¼´äòÌµû,Euthalia omeia
Ñà×ÓÆº´äòÌµû,Euthalia linpingensis
²ìÓç´äòÌµû,Euthalia chayuensis
Ì«Æ½´äòÌµû,Euthalia pacifica
²¼´äòÌµû,Euthalia bunzoi
¹ã¶«´äòÌµû,Euthalia guangdongensis
À¶±ªÂÉòÌµû,Lexias cyanipardus
Ğ¡±ªÂÉòÌµû,Lexias pardalis
ºÚ½ÇÂÉòÌµû,Lexias dirtea
¼â³áÂÉòÌµû,Lexias acutipenna
ºìÏßòÌµû,Limenitis populi
À¶ÏßòÌµû,Limenitis dubernardi
ÒşÏßòÌµû,Limenitis camilla
ÇÉ¿ËÁ¦ÏßòÌµû,Limenitis ciocolatina
ÕÛÏßòÌµû,Limenitis sydyi
Ï¸ÏßòÌµû,Limenitis cleophas
ºáÃ¼ÏßòÌµû,Limenitis moltrechti
ÖØÃ¼ÏßòÌµû,Limenitis amphyssa
ÑïÃ¼ÏßòÌµû,Limenitis helmanni
êªÃ¼ÏßòÌµû,Limenitis homeyeri
¶ÏÃ¼ÏßòÌµû,Limenitis doerriesi
²ĞïÉÏßòÌµû,Limenitis sulpitia
³îÃ¼ÏßòÌµû,Limenitis disjucta
ÖéÂÄ´øòÌµû,Athyma asura
ò°Ã¼´øòÌµû,Athyma opalina
ĞşÖé´øòÌµû,Athyma perius
ĞÂÔÂ´øòÌµû,Athyma selenophora
Ë«É«´øòÌµû,Athyma cama
¹Â°ß´øòÌµû,Athyma zeroca
Áùµã´øòÌµû,Athyma punctata
Àë°ß´øòÌµû,Athyma ranga
µ¹¹³´øòÌµû,Athyma recurva
ÓñèÆ´øòÌµû,Athyma jina
ĞÒ¸£´øòÌµû,Athyma fortuna
»û´øòÌµû,Athyma pravara
ÏàË¼´øòÌµû,Athyma nefte
¸£½¨´øòÌµû,Athyma minensis
ÄâÂÆòÌµû,Litinga mimica
ÂÆòÌµû,Litinga cottini
æ¹òÌµû,Abrota ganga
°ÂòÌµû,Auzakia danava
°ÒòÌµû,Bhagadatta austenia
ÄÂòÌµû,Moduza procris
ËàòÌµû,Sumalia daraxa
ÖĞ»ªİâòÌµû,Patsuia sinensis
Ñ¾ÎÆÙ½òÌµû,Parasarpa dudu
°×°ßÙ½òÌµû,Parasarpa albomaculata
ß¹²ÊÒÂÙ½òÌµû,Parasarpa hourberti
Î÷²ØËàòÌµû,Parasarpa zayla
½õÉªòÌµû,Seokia pratti
æ±òÌµû,Chalinga elwesi
Î¶À¯òÌµû,Lasippa viraja
ÈÕ¹âÀ¯òÌµû,Lasippa heliodore
½ğó´òÌµû,Pantoporia hordonia
É½ó´òÌµû,Pantoporia sandaka
ğÎó´òÌµû,Pantoporia paraka
Æƒó´òÌµû,Pantoporia bieti
¶Ì´øó´òÌµû,Pantoporia assamica
¿Â»·òÌµû,Neptis clinia
·Â¿Â»·òÌµû,Neptis clinioides
Ğ¡»·òÌµû,Neptis sappho
ÖĞ»·òÌµû,Neptis hylas
Ò®»·òÌµû,Neptis yerburii
ÄÈ»·òÌµû,Neptis nata
æ¶»·òÌµû,Neptis soma
ÖÜÊÏ»·òÌµû,Neptis choui
»Ø»·òÌµû,Neptis reducta
¿í»·òÌµû,Neptis mahendra
°×»·òÌµû,Neptis leucoporos
ÃÖ»·òÌµû,Neptis miah
è§»·òÌµû,Neptis noyala
¶Ï»·òÌµû,Neptis sankara
·È»·òÌµû,Neptis philyra
Ë¾»·òÌµû,Neptis speyeri
»ù»·òÌµû,Neptis nashona
¿¨»·òÌµû,Neptis cartica
°¢»·òÌµû,Neptis ananta
ÄÈ°Í»·òÌµû,Neptis namba
Ì¨Íå»·òÌµû,Neptis taiwana
Ì©»·òÌµû,Neptis thestias
Áç»·òÌµû,Neptis antilope
ÁÖ»·òÌµû,Neptis sylvana
½­Æé»·òÌµû,Neptis esakii
Ãµ»·òÌµû,Neptis meloria
¹ğ±±»·òÌµû,Neptis guia
Ã¬»·òÌµû,Neptis armandia
Á«»¨»·òÌµû,Neptis hesione
×Ï»·òÌµû,Neptis radha
µ¥»·òÌµû,Neptis rivularis
ÖØ»·òÌµû,Neptis alwina
Á´»·òÌµû,Neptis pryeri
Âê»·òÌµû,Neptis manasa
»Æ»·òÌµû,Neptis themis
Îå¶Î»·òÌµû,Neptis divisa
ÕÛ»·òÌµû,Neptis beroe
Ìá»·òÌµû,Neptis thisbe
ÒÁÂå»·òÌµû,Neptis ilos
µÂ»·òÌµû,Neptis dejeani
çæ»·òÌµû,Neptis clynia
¹ã¶«»·òÌµû,Neptis kuangtungensis
°ª·ÆòÌµû,Phaedyma aspasia
Öù·ÆòÌµû,Phaedyma columella
ÇØ·ÆòÌµû,Phaedyma chinga
ºÚÌõÉ¡òÌµû,Aldania raddei
·Â°ßÉ¡òÌµû,Aldania imitans
ÀöòÌµû,Parthenos sylvia
²¨òÌµû,Ariadne ariadne
Ï¸ÎÆ²¨òÌµû,Ariadne merione
ºÚÔµË¿òÌµû,Cyrestis themire
°ËÄ¿Ë¿òÌµû,Cyrestis cocles
ÍøË¿òÌµû,Cyrestis thyodamas
Ñ©°×Ë¿òÌµû,Cyrestis nivea
»Æ¾î¿²òÌµû,Chersonesia risa
ó¼Ò¶òÌµû,Doleschallia bisaltide
¿İÒ¶òÌµû,Kallima inachus
À¶´ø¿İÒ¶òÌµû,Kallima knyvetti
ÑşòÌµû,Yoma sabina
½ğ°ßòÌµû,Hypolimnas missipus
»Ã×Ï°ßòÌµû,Hypolimnas bolina
»ûÎÆ×Ï°ßòÌµû,Hypolimnas anomala
İ¡ÂéòÌµû,Aglais urticae
Î÷²ØÂéòÌµû,Aglais ladakensis
´óºìòÌµû,Vanessa indica
Ğ¡ºìòÌµû,Vanessa cardui
ÁğÁ§òÌµû,Kaniska canace
»ÆÔµòÌµû,Nymphalis antiopa
ÖìòÌµû,Nymphalis xanthomelas
°×¾ØÖìòÌµû,Nymphalis vau-album
°×¹³òÌµû,Polygonia c-album
»Æ¹³òÌµû,Polygonia c-aureum
¾ŞĞÍ¹³òÌµû,Polygonia gigantea
Õ¹¹³òÌµû,Polygonia extensa
¿×È¸òÌµû,Inachis io
ÃÀÑÛòÌµû,Junonia almana
´äÀ¶ÑÛòÌµû,Junonia orithya
»ÆÉÑÑÛòÌµû,Junonia hierta
ÉßÑÛòÌµû,Junonia lemonias
²¨ÎÆÑÛòÌµû,Junonia atlites
¹³³áÑÛòÌµû,Junonia iphita
»Æ±ªÊ¢òÌµû,Symbrenthia brabira
°ß±ªÊ¢òÌµû,Symbrenthia leoparda
»¨±ªÊ¢òÌµû,Symbrenthia hypselis
ÔÆ±ªÊ¢òÌµû,Symbrenthia niphanda
É¢ÎÆÊ¢òÌµû,Symbrenthia lilaea
Ö±ÎÆÖ©òÌµû,Araschnia prorsoides
ÇúÎÆÖ©òÌµû,Araschnia doris
¶ÏÎÆÖ©òÌµû,Araschnia dohertyi
²¼ÍøÖ©òÌµû,Araschnia burejana
´óÎÀÖ©òÌµû,Araschnia davidis
ÕÅÊÏÖ©òÌµû,Araschnia zhangi
Ö©òÌµû,Araschnia levana
½ğİÀòÌµû,Euphydryas aurinia
ÒÁİÀòÌµû,Euphydryas iduna
ÖĞİÀòÌµû,Euphydryas intermedia
»ÆÃÛòÌµû,Mellicta athalia
ÍøÎÆÃÛòÌµû,Mellicta dictynna
ºÚÃÛòÌµû,Mellicta plotina
µÒÍøòÌµû,Melitaea didyma
°ßÍøòÌµû,Melitaea didymoides
Ô²³áÍøòÌµû,Melitaea yuenty
ÂŞÍøòÌµû,Melitaea romanovi
ÇìÍøòÌµû,Melitaea cinxia
²üÍøòÌµû,Melitaea pallas
¾úÍøòÌµû,Melitaea agar
À¼ÍøòÌµû,Melitaea bellona
ºÚÍøòÌµû,Melitaea jezabel
ÍøòÌµû,Melitaea diamina
´óÍøòÌµû,Melitaea scotosia
´óÎÀ¾îòÌµû,Calinaga davidis
¾îòÌµû,Calinaga buddha
ºÚ¾îòÌµû,Calinaga lhatso
ÜÑÂéÕäµû,Acraea issoria
°ßÕäµû,Acraea violae
ÆÓà¹µû,Libythea celtis
°ôÎÆà¹µû,Libythea myrrha
×Ïà¹µû,Libythea geoffroyi
µÚÒ»Ğ¡ò¹µû,Polycaena princeps
À®ÂïĞ¡ò¹µû,Polycaena lama
ÆçÎÆĞ¡ò¹µû,Polycaena chauchawensis
ºìÂöĞ¡ò¹µû,Polycaena carmelita
Â¶æ«Ğ¡ò¹µû,Polycaena lua
ÃÜ°ßĞ¡ò¹µû,Polycaena matuta
¸ÊËàĞ¡ò¹µû,Polycaena kansuensis
ÔÆÄÏĞ¡ò¹µû,Polycaena yunnana
·½È¹ºÖò¹µû,Abisara freda
»Æ´øºÖò¹µû,Abisara fylla
°×´øºÖò¹µû,Abisara fylloides
³¤Î²ºÖò¹µû,Abisara neophron
°×µãºÖò¹µû,Abisara burnii
ÉßÄ¿ºÖò¹µû,Abisara echerius
Ìİ³áºÖò¹µû,Abisara saturata
Çú´øºÖò¹µû,Abisara abnormis
°µò¹µû,Paralaxita dora
°×ò¹µû,Stiboges nymphidia
²¨ò¹µû,Zemeros flegyas
ÒøÎÆÎ²ò¹µû,Dodona eugenes
´ó°ßÎ²ò¹µû,Dodona egeon
ÍºÎ²ò¹µû,Dodona dipoea
ºìÍºÎ²ò¹µû,Dodona adonira
ÎŞÎ²ò¹µû,Dodona durga
Ğ±´øÈ±Î²ò¹µû,Dodona ouida
ºÚÑàÎ²ò¹µû,Dodona deodata
°×ÑàÎ²ò¹µû,Dodona henrici
°£Ô²»Òµû,Poritia ericynoides
µÂï±»Òµû,Allotinus drumila
²¼ÒÂÔÆ»Òµû,Miletus boisduvali
ÖĞ»ªÔÆ»Òµû,Miletus chinensis
ÑòÃ«ÔÆ»Òµû,Miletus mallus
ÄıÔÆ»Òµû,Miletus nymphis
¹ÅÔÆ»Òµû,Miletus archilochus
ÂéÂ¤»Òµû,Logania marmorata
Îõ»Òµû,Spalgis epeus
ÑÁ»Òµû,Taraka hamada
°×°ßÑÁ»Òµû,Taraka shiloi
¼â³áÒø»Òµû,Curetis acuta
Ô²³áÒø»Òµû,Curetis saronis
Òø»Òµû,Curetis bulis
ºÖ³áÒø»Òµû,Curetis brunnea
Ê«»Òµû,Shirozua jonasi
ÃÄÊ«»Òµû,Shirozua melpomene
Ïß»Òµû,Thecla betulae
àŞÏß»Òµû,Thecla ohyai
Ò¢»Òµû,Iozephyrus betulinus
çæ»Òµû,Cordelia comes
åµÄİçæ»Òµû,Cordelia minerva
±±Ğ­çæ»Òµû,Cordelia kitawakii
ÌìÊ¹¹¤»Òµû,Gonerilia seraphim
ÒøÏß¹¤»Òµû,Gonerilia thespis
·ğ¹¤»Òµû,Gonerilia buddha
¸Ô´å¹¤»Òµû,Gonerilia okamurai
Åå¹¤»Òµû,Gonerilia pesthis
ÉÂ»Òµû,Shaanxiana takashimai
ËÄ´¨ÉÂ»Òµû,Shaanxiana pauper
·¶ô÷»Òµû,Ussuriana fani
ô÷»Òµû,Ussuriana michaelis
²Ø±¦ô÷»Òµû,Ussuriana takarana
ÖÜô÷»Òµû,Ussuriana choui
Æ½ô÷»Òµû,Ussuriana plania
³¯»Òµû,Coreana raphaelis
°ß¾«»Òµû,Artopoetes pryeri
è±¾«»Òµû,Artopoetes praetextatus
Õ¤»Òµû,Japonica saepestriata
»ÆÕ¤»Òµû,Japonica lutea
Ì¨ÍåÕ¤»Òµû,Japonica patungkoanui
°¢Õ¤»Òµû,Japonica adusta
ÄÏÁë»Òµû,Nanlingozephyrus bella
ñ®»Òµû,Araragi enthea
É¼É½ñ®»Òµû,Araragi sugiyamai
ĞÜÃ¨ñ®»Òµû,Araragi panda
×æ»Òµû,Protantigius superans
Çà»Òµû,Antigius attilia
°ÍÇà»Òµû,Antigius butleri
³ÂÊÏÇà»Òµû,Antigius cheni
è´»Òµû,Leucantigius atayalicus
Îú»Òµû,Wagimo signata
»ªÎú»Òµû,Wagimo sulgeri
³¯Ò°Îú»Òµû,Wagimo asanoi
±¦µºÎú»Òµû,Wagimo insularis
Ğ±ÏßÎú»Òµû,Wagimo asanoi
»¢»Òµû,Yamamotozephyrus kwangtungensis
Öé»Òµû,Iratsume orsedice
×Ïéî»Òµû,Euaspa forsteri
éî»Òµû,Euaspa milionia
³ÂÊÏºÎ»ª»Òµû,Howarthia cheni
ºÎ»ª»Òµû,Howarthia caelestis
ºÚÔµºÎ»ª»Òµû,Howarthia nigricans
¿ÂÊÏºÎ»ª»Òµû,Howarthia courvoisieri
ÃÀÀöºÎ»ª»Òµû,Howarthia melli
¶É±ßºÎ»ª»Òµû,Howarthia watanabei
ºÚÌú»Òµû,Teratozephyrus hecale
ÏíÌú»Òµû,Teratozephyrus hinomaru
Ç§Ò¶Ìú»Òµû,Teratozephyrus chibahideyukii
´ÙÌú»Òµû,Teratozephyrus tsukiyamahiroshii
ÍßÌú»Òµû,Teratozephyrus vallonia
²ÖÌú»Òµû,Teratozephyrus tsangkie
Å­ºÍÌú»Òµû,Teratozephyrus nuwai
ÓáÌú»Òµû,Teratozephyrus yugaii
¸£ÊÏÌú»Òµû,Teratozephyrus florianii
Ìú»Òµû,Teratozephyrus arisanus
Æ¤Ìú»Òµû,Teratozephyrus picquenardi
°¢ÀïÌú»Òµû,Teratozephyrus arisanus
Æé»Òµû,Esakiozephyrus icanus
²Ø¶«Æé»Òµû,Esakiozephyrus zhengi
ÄÎË¹Æé»Òµû,Esakiozephyrus neis
±ÏÅÍ»Òµû,Iwaseozephyrus bieti
°¢ÅÍ»Òµû,Iwaseozephyrus ackeryi
ÈıÖ¦»Òµû,Saigusaozephyrus atabyrius
Ì¨Íå´ä»Òµû,Neozephyrus taiwanus
ÉÁ¹â´ä»Òµû,Neozephyrus coruscans
º£Â×ÄÈ´ä»Òµû,Neozephyrus helenae
ÈÕ±¾´ä»Òµû,Neozephyrus japonicus
¶Å´ä»Òµû,Neozephyrus dubernardi
ÉÏÌï´ä»Òµû,Neozephyrus uedai
½ğ»Òµû,Chrysozephyrus smaragdinus
ÖØ½ğ»Òµû,Chrysozephyrus smaragdina
Ò«½ğ»Òµû,Chrysozephyrus brillantinus
É«½ğ»Òµû,Chrysozephyrus setohi
ºÚ½Ç½ğ»Òµû,Chrysozephyrus nigroapicalis
¼Ó²¼À×½ğ»Òµû,Chrysozephyrus kabrua
ÉÁ¹â½ğ»Òµû,Chrysozephyrus scintillans
Ìú³í½ğ»Òµû,Chrysozephyrus teisoi
ÇåË®½ğ»Òµû,Chrysozephyrus shimizui
¿íÔµ½ğ»Òµû,Chryozephyrus marginatus
ÃÀ½ğ»Òµû,Chrysozephyrus meili
¸Á½ğ»Òµû,Chrysozephyrus garmanitus
ÓÄ°ß½ğ»Òµû,Chrysozephyrus zoa
Èø½ğ»Òµû,Chrysozephyrus sakula
µÏ½ğ»Òµû,Chrysozephyrus desgodinsi
¶¼½ğ»Òµû,Chrysozephyrus duma
¿µ¶¨½ğ»Òµû,Chrysozephyrus tatsienluensis
Î÷·ç½ğ»Òµû,Chrysozephyrus nishikaze
ÔÆÄÏ½ğ»Òµû,Chrysozephyrus yunnanensis
Ñü½ğ»Òµû,Chrysozephyrus yoshikoae
¸ßÊÏ½ğ»Òµû,Chrysozephyrus gaoi
ÁÖÊÏ½ğ»Òµû,Chrysozephyrus linae
ÅÓ½ğ»Òµû,Chrysozephyrus giganteus
ÌìÄ¿É½½ğ»Òµû,Chrysozephyrus tiemushanus
ÖĞ»ª½ğ»Òµû,Chrysozephyrus chinensis
ËÕ½ğ»Òµû,Chrysozephyrus souleana
Íß½ğ»Òµû,Chrysozephyrus watsoni
ÁÑ°ß½ğ»Òµû,Chrysozephyrus disparatus
Ó¯½ğ»Òµû,Chrysozephyrus inthanonensis
çÑË¹½ğ»Òµû,Chrysozephyrus mushaellus
Àí½ğ»Òµû,Chrysozephyrus rileyi
¾ÃËÉ½ğ»Òµû,Chrysozephyrus splendidulus
ÆÒÀï½ğ»Òµû,Chrysozephyrus yuchingkinus
°×µ×½ğ»Òµû,Chrysozephyrus ataxus
æ¬æ¬½ğ»Òµû,Chrysozephyrus rarasanus
À×¹«É½½ğ»Òµû,Chrysozephyrus leigongshanensis
ÅÁ½ğ»Òµû,Chrysozephyrus paona
É­ÏÂ½ğ»Òµû,Chrysozephyrus morishitai
Ò¢½ğ»Òµû,Chrysozephyrus ioi
Ô¬ÊÏ½ğ»Òµû,Chrysozephyrus yuani
¿â½ğ»Òµû,Chrysozephyrus kuromon
Îı½ğ½ğ»Òµû,Chrysozephyrus sikkimensis
½­Æé½ğ»Òµû,Chrysozephyrus esakii
ÖÜÊÏ½ğ»Òµû,Chrysozephyrus choui
¹óÖİ²ñ¹È»Òµû,Sibataniozephyrus Iijinae
Ì¨Íå²ñ¹È»Òµû,Sibataniozephyrus kuafui
ÑŞ»Òµû,Favonius orientalis
´äÑŞ»Òµû,Favonius taxila
ÈøÑŞ»Òµû,Favonius saphirinus
³¬ÑŞ»Òµû,Favonius ultramarinus
¿¼ÑŞ»Òµû,Favonius korshunovi
ÀïÆæÑŞ»Òµû,Favonius leechi
Ç×ÑŞ»Òµû,Favonius congnatus
°Ùæ¬»Òµû,Arhopala bazala
ÈÕ±¾æ¬»Òµû,Arhopala japonica
¶ğæ¬»Òµû,Arhopala eumolphus
º£À¶æ¬»Òµû,Arhopala hellenore
´äĞäæ¬»Òµû,Arhopala hellenoroides
³İ³áæ¬»Òµû,Arhopala rama
Ğ¡æ¬»Òµû,Arhopala paramuta
Çíµºæ¬»Òµû,Arhopala qiongdaoensis
æ¹ÒÁæ¬»Òµû,Arhopala aida
ÎŞÎ²æ¬»Òµû,Arhopala arvina
¾Ææ¬»Òµû,Arhopala oenea
ÒøÁ´æ¬»Òµû,Arhopala pseudocentaurus
Ãåµéæ¬»Òµû,Arhopala birmana
Æææ¬»Òµû,Arhopala comica
Ååæ¬»Òµû,Arhopala perimuta
²¦æ¬»Òµû,Arhopala bazaloides
Ëş»Òµû,Thaduka multicaudata
Âê»Òµû,Mahathala ameria
æ¹Âê»Òµû,Mahathala ariadeva
Ù½»Òµû,Panchala ganesa
ºÚÙ½»Òµû,Panchala paraganesa
±ÌÙ½»Òµû,Panchala birmana
»ûÙ½»Òµû,Panchala aberrans
°¢Ù½»Òµû,Panchala ammonides
Ëøîø»¨»Òµû,Flos asoka
ÖĞ»ª»¨»Òµû,Flos chinensis
°®íù»¨»Òµû,Flos areste
µÏ»¨»Òµû,Flos diardi
°¢»¨»Òµû,Flos adriana
µá»¨»Òµû,Flos yunnanensis
ËÖ»Òµû,Surendra quercetorum
»ûÌÕ»Òµû,Zinaspa distorta
ÒÁÌÕ»Òµû,Zinaspa isshiki
ÔúÌÕ»Òµû,Zinaspa zana
ÌÕ»Òµû,Zinaspa todara
ÑîÌÕ»Òµû,Zinaspa youngi
Ñ¾»Òµû,Amblopala avidiena
êÄ»Òµû,Amblypodia anita
ÌúÄ¾À³Òì»Òµû,Iraota timoleon
ÈıÎ²»Òµû,Catapaecilma major
º£ÄÏ´Ì»Òµû,Acupicta hainanicum
Â¹»Òµû,Loxura atymnus
ĞÛÇòèâ»Òµû,Yasoda androconifera
Èıµãèâ»Òµû,Yasoda tripunctata
Ğ±Ìõ°ß»Òµû,Horaga rarasana
°×°ß»Òµû,Horaga albimacula
°ß»Òµû,Horaga onyx
Îı°ß»Òµû,Horaga syrinx
ÈıµÎ»Òµû,Ticherra acte
½Ø»Òµû,Cheritrella truncipennis
¸»Àö»Òµû,Apharitis acamas
¶¹Á£ÒøÏß»Òµû,Spindasis syama
ÒøÏß»Òµû,Spindasis lohita
»ÆÒøÏß»Òµû,Spindasis kuyaniana
ËşÒøÏß»Òµû,Spindasis takanonis
Â¶ÒøÏß»Òµû,Spindasis rukmini
ÀïÆæÒøÏß»Òµû,Spindasis leechi
Î÷²ØÒøÏß»Òµû,Spindasis zhengweilie
±ª°ßË«Î²»Òµû,Tajuria maculata
Ë«Î²»Òµû,Tajuria cippus
µ­À¶Ë«Î²»Òµû,Tajuria illurgis
²ÓÀÃË«Î²»Òµû,Tajuria luculenta
¹ËÊÏË«Î²»Òµû,Tajuria gui
°×ÈÕË«Î²»Òµû,Tajuria diaeus
ÌìÀ¶Ë«Î²»Òµû,Tajuria caerulea
ÄÏÁëË«Î²»Òµû,Tajuria nanlingana
¿¼´ï»Òµû,Dacalana cotys
çê»Òµû,Pratapa deva
Ğ¡çê»Òµû,Pratapa icetas
ÂêÄË»Òµû,Maneca bhotea
·ï»Òµû,Charana mandarina
·©ÄÎ»Òµû,Neocheritra fabronia
¿Ë»Òµû,Creon cleobis
À³»Òµû,Remelana jangala
°²»Òµû,Ancema ctesia
°×³Ä°²»Òµû,Ancema blanka
¼ªÆÑ»Òµû,Chliaria kina
ÆÑ»Òµû,Chilaria othona
ÛÂÀ°ÆÑ»Òµû,Chliaria menglaensis
Õä»Òµû,Zeltus amasa
çé»Òµû,Deudorix epijarbas
µ­ºÚçé»Òµû,Deudorix rapaloides
ÒøÏÂçé»Òµû,Deudorix hypargyria
º£ÄÏçé»Òµû,Deudorix hainana
ÄâÑàçé»Òµû,Deudorix pseudorapaloides
ÄÏÁëçé»Òµû,Deudorix nanlingensis
É¢çé»Òµû,Deudorix sankakuhonis
ÂÌ»Òµû,Artipe eryx
ÄŞÉ´Ñà»Òµû,Rapala nissa
¸ßÉ³×ÓÑà»Òµû,Rapala takasagonis
ºìÑà»Òµû,Rapala iarbus
Ñà»Òµû,Rapala varuna
¿í´øÑà»Òµû,Rapala arata
µãÈ¾Ñà»Òµû,Rapala suffusa
À¶Ñà»Òµû,Rapala caerulea
ÄÎÑà»Òµû,Rapala nemorensis
ç³ÀÃÑà»Òµû,Rapala pheretima
ÂéÑà»Òµû,Rapala manea
²¨ÃÜÑà»Òµû,Rapala bomiensis
°×´øÑà»Òµû,Rapala repercussa
ÇØ»Òµû,Qinorapala qinlingana
Éú»Òµû,Sinthusa chandrana
ÄÈÉú»Òµû,Sinthusa nasaka
À­Éú»Òµû,Sinthusa rayata
Õã½­Éú»Òµû,Sinthusa zhejiangensis
·ÑÍĞ»Òµû,Tomares fedtschenkoi
Äá²ÉÊá»Òµû,Ahlbergia nicevillei
¶«±±Êá»Òµû,Ahlbergia frivaldszkyi
Å¨À¶Êá»Òµû,Ahlbergia prodiga
ÒøÊá»Òµû,Ahlbergia chalybeia
Ë«°ßÊá»Òµû,Ahlbergia bimaculata
³¯ÏÊÊá»Òµû,Ahlbergia korea
ÀîÊá»Òµû,Ahlbergia leei
°¢Êá»Òµû,Ahlbergia arquata
ÆÕÊá»Òµû,Ahlbergia pluto
°×Êá»Òµû,Ahlbergia aleucopuncta
µ¥É«Êá»Òµû,Ahlbergia unicolora
ĞãÊá»Òµû,Ahlbergia pictila
ÌìÀ¶Êá»Òµû,Ahlbergia caerulea
»·Êá»Òµû,Ahlbergia circe
Å¨À¶Êá»Òµû,Ahlbergia prodiga
À¶»ÒÊá»Òµû,Ahlbergia caesius
ÁÖ´ïÊá»Òµû,Ahlbergia lynda
½ğÊá»Òµû,Ahlbergia chalcides
¿¨»Òµû,Callophrys rubi
ÆÕÊÏ³İ»Òµû,Novosatsuma pratti
¾Ş³İ»Òµû,Novosatsuma collosa
ÂíÊÏ³İ»Òµû,Novosatsuma matusiki
´ó³İ»Òµû,Novosatsuma magnasuffusa
è±³İ»Òµû,Novosatsuma plumbagina
°Â³İ»Òµû,Novosatsuma oppocoenosa
×Ï³İ»Òµû,Novosatsuma magnapurpurea
±Î³İ»Òµû,Novosatsuma cibdela
Ê¼»Òµû,Cissatsuma albilinea
¸ÊËàÊ¼»Òµû,Cissatsuma kansuensis
¹şÊ¼»Òµû,Cissatsuma halosa
¹ÜÊ¼»Òµû,Cissatsuma tuba
³İÊ¼»Òµû,Cissatsuma crenata
×ÛÊ¼»Òµû,Cissatsuma contexta
Åå»ÒµûÊô,Petrelaea Toxopeus
Ì¨ÍåÈ÷»Òµû,Satyrium formosanum
ÌïÖĞÈ÷»Òµû,Satyrium tanakai
ÓÅĞãÈ÷»Òµû,Satyrium eximia
ÄÏ·çÈ÷»Òµû,Satyrium austrinum
¾®ÉÏÈ÷»Òµû,Satyrium inouei
µÂË¹»Òµû,Satyrium dejeani
ÊÎÈ÷»Òµû,Satyrium ornata
Îä´óÈ÷»Òµû,Satyrium watarii
ºì°ßÈ÷»Òµû,Satyrium rubicundula
´óÈ÷»Òµû,Satyrium grandis
ÑîÊÏÈ÷»Òµû,Satyrium yangi
Î¢È÷»Òµû,Satyrium v-album
ÆÕÈ÷»Òµû,Satyrium prunoides
Æ»¹ûË¹»Òµû,Satyrium pruni
ËşÈ÷»Òµû,Satyrium thalia
Å·È÷»Òµû,Satyrium oenone
ÀñÈ÷»Òµû,Satyrium percomis
·ÆË¹È÷»Òµû,Satyrium phyllodendri
½­ÆéË¹»Òµû,Satyrium esakii
¸¸Ë¹»Òµû,Satyrium patrius
ÏñË¹»Òµû,Satyrium persimilis
À­Ë¹»Òµû,Satyrium lais
ÓÄÈ÷»Òµû,Satyrium iyonis
áºÉ½È÷»Òµû,Satyrium minshanicum
¿×Ã÷È÷»Òµû,Satyrium kongmingi
ÄâĞÓÈ÷»Òµû,Satyrium pseudopruni
ĞÂĞãÈ÷»Òµû,Satyrium neoeximia
´ÌğëÈ÷»Òµû,Satyrium spini
ËÄ¹ÃÄïÈ÷»Òµû,Satyrium siguniangshanicum
¾Ã±£È÷»Òµû,Satyrium kuboi
ÀëÎÆÈ÷»Òµû,Satyrium w-album
¾Ã±£Ë¹»Òµû,Satyrium kuboi
ĞÂË¹»Òµû,Satyrium neosinica
·üË¹»Òµû,Satyrium volt
À³Ë¹»Òµû,Satyrium redae
ÊóÀîĞÂ»Òµû,Neolycaena rhymnus
°×°ßĞÂ»Òµû,Neolycaena tengstroemi
´óÎÀĞÂ»Òµû,Neolycaena davidi
ĞÂ»Òµû,Neolycaena sinensis
ÒÁÀçĞÂ»Òµû,Neolycaena yiliensis
ÒÁÖŞĞÂ»Òµû,Neolycaena iliensis
Àöº±À³»Òµû,Helleia li
º±À³»Òµû,Helleia helle
ºì»Òµû,Lycaena phlaeas
³Èê¼»Òµû,Thersamonia dispar
ê¼»Òµû,Thersamonia thersamon
Ëó¶ûê¼»Òµû,Thersamonia solskyi
°¢ê¼»Òµû,Thersamonia alpherakyi
Àöê¼»Òµû,Thersamonia splendens
ºÑ»Òµû,Heodes virgaureae
¼â³áºÑ»Òµû,Heodes alciphron
°ººÑ»Òµû,Heodes ouang
ÒÁºÑ»Òµû,Heodes irmae
ÌáºÑ»Òµû,Heodes tityrus
³ÂßÀ»Òµû,Athamanthia tseng
»ªÉ½ßÀ»Òµû,Athamanthia svenhedini
ÅÓßÀ»Òµû,Athamanthia pang
ßÀ»Òµû,Athamanthia athamantis
ÅÁßÀ»Òµû,Athamanthia pavana
¿¨ßÀ»Òµû,Athamanthia kasyapa
Ë¹µ©ßÀ»Òµû,Athamanthia standfussi
µÏßÀ»Òµû,Athamanthia dimorpha
¹Å»Òµû,Palaeochrysomphanus hippothoe
Ä¦À´²Ê»Òµû,Heliophorus moorei
Ğ±°ß²Ê»Òµû,Heliophorus phoenicoparyphus
ÃÀÄĞ²Ê»Òµû,Heliophorus androcles
Å¨×Ï²Ê»Òµû,Heliophorus ila
ÃÀÀö²Ê»Òµû,Heliophorus pulcher
¹ÅÍ­²Ê»Òµû,Heliophorus brahma
É¯·Æ²Ê»Òµû,Heliophorus saphir
É¯ÂŞ²Ê»Òµû,Heliophorus saphiroides
¿¾²Ê»Òµû,Heliophorus kohimensis
Ò«²Ê»Òµû,Heliophorus gloria
ÔÆÄÏ²Ê»Òµû,Heliophorus yunnani
´ä²Ê»Òµû,Heliophorus viridipunctata
Ó¡¶È²Ê»Òµû,Heliophorus indicus
²Ê»Òµû,Heliophorus epicles
ÉÁ¹â²Ê»Òµû,Heliophorus brillantinus
Ëş²Ê»Òµû,Heliophorus tamu
ºÚ»Òµû,Niphanda fusca
Ğ¡ºÚ»Òµû,Niphanda cymbia
¼â½Ç»Òµû,Anthene emolus
¾â»Òµû,Orthomiella pontis
ÖĞ»ª¾â»Òµû,Orthomiella sinensis
ÂÍÌ«¾â»Òµû,Orthomiella rantaizana
´¿»Òµû,Una usta
Åå»Òµû,Petrelaea dana
ÇúÎÆÍØ»Òµû,Caleta roxus
É¢ÎÆÍØ»Òµû,Caleta elna
éÑ»Òµû,Discolampa ethion
±ª»Òµû,Castalius rosimon
´ï»Òµû,Tarucus theophrastus
Ï¸»Òµû,Syntarucus plinius
±´ÄÈ»Òµû,Nacaduba beroe
¹ÅÂ¥ÄÈ»Òµû,Nacaduba kurava
ÅÁÄÈ»Òµû,Nacaduba pactolus
ºØÄÈ»Òµû,Nacaduba hermus
°ÙÄÈ»Òµû,Nacaduba berenice
ÄÈÀ­²¨»Òµû,Prosotas nora
°¢²¨»Òµû,Prosotas aluta
»Æ²¨»Òµû,Prosotas lutea
²¨»Òµû,Prosotas dubiosa
²¼²¨»Òµû,Prosotas bhutea
Æ¤²¨»Òµû,Prosotas pia
ÑÅ»Òµû,Jamides bochus
±ÌÑÅ»Òµû,Jamides elpis
ËØÑÅ»Òµû,Jamides alecto
ÎıÀäÑÅ»Òµû,Jamides celeno
¾»ÑÅ»Òµû,Jamides pura
¿§»Òµû,Catochrysops strabo
À¶¿§»Òµû,Catochrysops panormus
ÁÁ»Òµû,Lampides boeticus
×Ø»Òµû,Euchrysops cnejus
¼ª»Òµû,Zizeeria karsandra
çæ¼ª»Òµû,Zizeeria knysna
õ¡½¬»Òµû,Pseudozizeeria maha
Ã«ÑÛ»Òµû,Zizina otis
³¤¸¹»Òµû,Zizula hylax
·©»Òµû,Famegana alsulus
¿İ»Òµû,Cupido minimus
·ğ¿İ»Òµû,Cupido buddhista
ÆÕ¿İ»Òµû,Cupido prosecusa
»ª¿İ»Òµû,Sinocupido lokiangensis
É½»Òµû,Shijimia moorei
µãĞş»Òµû,Tongeia filicaudis
º£ÄÏĞş»Òµû,Tongeia hainani
Ğş»Òµû,Tongeia fischeri
Öñ¶¼Ğş»Òµû,Tongeia zuthus
²¨Ì«Ğş»Òµû,Tongeia potanini
µ­ÎÆĞş»Òµû,Tongeia ion
»¡Ğş»Òµû,Tongeia arcana
´óÎÀĞş»Òµû,Tongeia davidi
Î÷²ØĞş»Òµû,Tongeia menpae
À¶»Òµû,Everes argiades
³¤Î²À¶»Òµû,Everes lacturnus
ÎŞÎ²À¶»Òµû,Everes acaudata
ÔÆ²µ»Òµû,Bothrinia nebulosa
ºÚÍè»Òµû,Pithecops corvus
À¶Íè»Òµû,Pithecops fulgens
ÁğÇòÍè»Òµû,Pithecops ryukyuensis
Å¥»Òµû,Acytolepis puspa
è¹Óñ»Òµû,Celatoxia marginata
°×°ßåü»Òµû,Udara albocaerulea
Õä¹óåü»Òµû,Udara dilecta
Àµ»Òµû,Lestranicus transpectus
ÁğÁ§»Òµû,Celastrina argiola
Ñ¬ÒÂÁ§»Òµû,Celastrina lavendularis
´ó×ÏÁ§»Òµû,Celastrina oreas
»ªÎ÷Á§»Òµû,Celastrina hersilia
¾Ş´óÁ§»Òµû,Celastrina gigas
ÄªÁ§»Òµû,Celastrina morsheadi
ËÕÁ§»Òµû,Celastrina sugitanii
·ÆÁ§»Òµû,Celastrina filipjevi
»ôÁ§»Òµû,Celastrina huegelli
¿íÔµÁ§»Òµû,Celastrina perplexa
Ãµ»Òµû,Callenya melaena
ÃÀ¼§»Òµû,Megisba malaya
Ò»µã»Òµû,Neopithecops zalmora
ÄÂ»ÒµûÊô,Monodontides Toxopeus
ÄÂ»Òµû,Monodontides musina
¸Âö²»Òµû,Maculinea arion
´ó°ßö²»Òµû,Maculinea arionides
ºúÂéö²»Òµû,Maculinea teleia
À¶µ×ö²»Òµû,Maculinea cyanecula
¿âÊÏö²»Òµû,Maculinea kurentzovi
ö²»Òµû,Maculinea alcon
µå»Òµû,Caerulea coeligena
¿Ûµå»Òµû,Caerulea coelestis
¾ŞÑş»Òµû,Iolana gigantea
°×»Òµû,Phengaris atroguttata
Ì¨Íå°×»Òµû,Phengaris daitozana
æ¹°×»Òµû,Phengaris abida
Àè¸ê»Òµû,Glaucopsyche lycormas
À¶µ×¸ê»Òµû,Glaucopsyche alexis
ôÖ»Òµû,Palaeophilotes triphysina
çó»Òµû,Scolitantides orion
ÙÒ»Òµû,Sinia leechi
ÀÃÙÒ»Òµû,Sinia lanty
ĞÀ»Òµû,Shijimiaeoides divina
É¨»Òµû,Subsulanoides nagata
æ¹»Òµû,Albulina orbitula
Èøæ¹»Òµû,Albulina sajana
ÇØÁëæ¹»Òµû,Albuling qinlingensis
°²æ¹»Òµû,Albulina amphirrhoe
¿µ¶¨æ¹»Òµû,Albulina tatsienluica
Î÷²Øæ¹»Òµû,Albulina tibetana
À³°¢»Òµû,Albulina lehana
¸Âæ¹»Òµû,Albulina gaborronkayi
·Ææ¹»Òµû,Albulina felicis
Ó¾æ¹»Òµû,Albulina younghusbandi
°Äæ¹»Òµû,Albulina omphisa
Ò«æ¹»Òµû,Albulina metallica
ÖĞ»ª°®»Òµû,Aricia mandschurica
»ªÏÄ°®»Òµû,Aricia chinensis
°®»Òµû,Aricia agestis
°¢°®»Òµû,Aricia allous
°£»Òµû,Eumedonia eumedon
×Ï»Òµû,Chilades lajus
ÇúÎÆ×Ï»Òµû,Chilades pandava
ÔÆÄÏ×Ï»Òµû,Chilades yunnanensis
¸£À´»Òµû,Freyeria trochylus
ÆÕ¸£À´»Òµû,Freyeria putli
¶¹»Òµû,Plebejus argus
¿Ë¶¹»Òµû,Plebejus christophi
Èø¶¹»Òµû,Plebejus samudra
Æ½¶¹»Òµû,Plebejus planorum
°Ä¶¹»Òµû,Plebejus obscurolunulata
Ì©¶¹»Òµû,Plebejus themis
±Ï¶¹»Òµû,Plebejus biton
Â¶¶¹»Òµû,Plebejus lucifuga
²Ó»Òµû,Agriades pheretiades
À®²Ó»Òµû,Agriades lamasem
¼Î²Ó»Òµû,Agriades janigen
Ä¬²Ó»Òµû,Agriades morsheadi
°ß²Ó»Òµû,Agriades luana
µİ²Ó»Òµû,Agriades dis
Îı½ğ²Ó»Òµû,Agriades sikkima
æ´»Òµû,Vacciniina optilete
ºìÖé»Òµû,Lycaeides argyrognomon
Çàº£Öé»Òµû,Lycaeides qinghaiensis
Ë÷Öé»Òµû,Lycaeides subsolanus
°¢µã»Òµû,Agrodiaetus amandus
À¶µã»Òµû,Agrodiaetus cyane
Â¶µã»Òµû,Agrodiaetus rueckbeili
Æ¤µã»Òµû,Agrodiaetus pylaon
µã»Òµû,Agrodiaetus damon
¿á»Òµû,Cyaniris semiargus
Åæ¿á»Òµû,Cyaniris persephatta
°²¿á»Òµû,Cyaniris annulata
¶àÑÛ»Òµû,Polyommatus erotides
Î¬ÄÉË¹ÑÛ»Òµû,Polyommatus venus
ÈøÑÛ»Òµû,Polyommatus sarta
ÒÁÑÛ»Òµû,Polyommatus icarus
ÒÇÑÛ»Òµû,Polyommatus icadius
ºæÑÛ»Òµû,Polyommatus hunza
·ğÑÛ»Òµû,Polyommatus forresti
°£ÑÛ»Òµû,Polyommatus erigone
Å«ÑÛ»Òµû,Polyommatus nuksani
½ğÑÛ»Òµû,Polyommatus chrysopis
µñĞÎÉ¡Åªµû,Bibasis aquilina
¹³ÎÆÉ¡Åªµû,Bibasis sena
ÂÌÉ¡Åªµû,Bibasis striata
´óÉ¡Åªµû,Bibasis miracula
ºÚ°ßÉ¡Åªµû,Bibasis oedipodea
³È³áÉ¡Åªµû,Bibasis jaina
ºÖÉ¡Åªµû,Bibasis harisa
°×É¡Åªµû,Bibasis gomata
ÎŞÖºÅªµû,Hasora anura
ÎŞ°ßÖºÅªµû,Hasora danda
Ë«°ßÖºÅªµû,Hasora chromus
ÒøÕëÖºÅªµû,Hasora taminata
Î³´øÖºÅªµû,Hasora vitta
Èı°ßÖºÅªµû,Hasora badra
½ğ´øÖºÅªµû,Hasora schoenherr
¼â³áÅªµû,Badamia exclamationis
ÂÌÅªµû,Choaspes benjaminii
°ë»ÆÂÌÅªµû,Choaspes hemixantha
»ÆÃ«ÂÌÅªµû,Choaspes xanthopogon
¶ëÃ¼´óÅªµû,Capila omeia
º£ÄÏ´óÅªµû,Capila hainana
ÏßÎÆ´óÅªµû,Capila lineata
´°°ß´óÅªµû,Capila translucida
ºÚÉÑ´óÅªµû,Capila nigrilima
°×·Û´óÅªµû,Capila pieridoides
Î¢µã´óÅªµû,Capila pauripunetata
»Æ´øÅªµû,Lobocla liliana
Ë«´øÅªµû,Lobocla bifasciata
¼òÎÆ´øÅªµû,Lobocla simplex
ÇúÎÆ´øÅªµû,Lobocla germana
Êø´øÅªµû,Lobocla contracta
Ç¶´øÅªµû,Lobocla proxima
ÊèĞÇÅªµû,Celaenorrhinus aspersus
°ßĞÇÅªµû,Celaenorrhinus maculosus
»ÆÉäÎÆĞÇÅªµû,Celaenorrhinus oscula
Í¬×ÚĞÇÅªµû,Celaenorrhinus consanguineus
Ğ¡ĞÇÅªµû,Celaenorrhinus ratna
¼â³áĞ¡ĞÇÅªµû,Celaenorrhinus pulomaya
Ì¨ÍåĞÇÅªµû,Celaenorrhinus horishanus
»ÆĞÇÅªµû,Celaenorrhinus pero
ÖÜÊÏĞÇÅªµû,Celaenorrhinus choui
Ğ±´øĞÇÅªµû,Celaenorrhinus aurivittatus
ÖéÅªµû,Erynnis tages
ÉîÉ½ÖéÅªµû,Erynnis montanus
°×Åªµû,Abraximorpha davidii
·Û°×Åªµû,Abraximorpha pieridoides
ºÚÂö°×Åªµû,Abraximorpha heringi
²ÊÅªµû,Caprona agama
»Æ´°Åªµû,Coladenia laxmi
Ã÷´°Åªµû,Coladenia agnioides
»¨´°Åªµû,Coladenia hoenei
ÓÄ´°Åªµû,Coladenia sheila
ÃàÑò´°Åªµû,Coladenia agni
»Æ½óÅªµû,Pseudocoladenia dan
Êá³áÅªµû,Ctenoptilum vasava
ºÚÅªµû,Daimio tethys
ÖĞ»ª½İÅªµû,Gerosis sinica
·ËÒÄ½İÅªµû,Gerosis phisara
½Ç³áÅªµû,Odontoptilum angulatum
Ë¢ëÖÅªµû,Sarangesa dasahara
ìªÅªµû,Satarupa gopala
ÃÜÎÆìªÅªµû,Satarupa monbeigi
Ì¨ÍåìªÅªµû,Satarupa formosibia
òÌĞÍìªÅªµû,Satarupa nymphalis
Ì¨ÍåÉªÅªµû,Seseria formosana
½õÉªÅªµû,Seseria dohertyi
°×¸¹ÉªÅªµû,Seseria sambara
°×±ßÈ¹Åªµû,Tagiades gana
ºÚ±ßÈ¹Åªµû,Tagiades menaka
Õ´±ßÈ¹Åªµû,Tagiades litigiosa
¹ö±ßÈ¹Åªµû,Tagiades cohaerens
Ã«ÂöÅªµû,Mooreana trichoneura
»¨Åªµû,Pyrgus maculatus
±±·½»¨Åªµû,Pyrgus alveus
½õ¿û»¨Åªµû,Pyrgus malvae
ĞÇµãÅªµû,Syrichtus tessellum
¿í´ø°×µãÅªµû,Syrichtus antonia
Ï¡µãÅªµû,Syrichtus staudingeri
»ÆÊÎÅªµû,Spialia galba
ÇúÎÆĞäÅªµû,Notocrypta curvifascia
¿íÎÆĞäÅªµû,Notocrypta feisthamelii
Õ­ÎÆĞäÅªµû,Notocrypta paralysos
É­ÏÂĞäÅªµû,Notocrypta morishitai
ºÚÉ«¹³Åªµû,Ancistroides nigrita
ÑÅÅªµû,Iambrix salsala
ºì±êÅªµû,Koruthaialos rubecula
ĞÂºì±êÅªµû,Koruthaialos sindu
ÑÌÅªµû,Psolos fuligo
½ªÅªµû,Udaspes folus
Ğ¡ĞÇ½ªÅªµû,Udaspes stellata
ºÚïÉÅªµû,Aeromachus piceus
±êïÉÅªµû,Aeromachus stigmatus
ÒÉïÉÅªµû,Aeromachus dubius
ºÓ²®ïÉÅªµû,Aeromachus inachus
ëç³áÅªµû,Astictopterus jama
¸£½¨ëç³áÅªµû,Astictopterus fujiananus
Õ­³áÅªµû,Halpe homolea
¶À×Óº¨Åªµû,Halpe homolea
Ë«×Óº¨Åªµû,Halpe porus
Ú©Åªµû,Onryza maga
ÅıÅªµû,Pithauria murdava
»Æ±êÅıÅªµû,Pithauria marsena
éÂ³áÅıÅªµû,Pithauria stramineipennis
»¨È¹ÍÓÅªµû,Thoressa submacula
»ÆÌõÍÓÅªµû,Thoressa horishana
áâÍÓÅªµû,Thoressa latris
°×°ßÒøÅªµû,Carterocephalus dieckmanni
¿ËÀíÒøÅªµû,Carterocephalus christophi
»Æ°ßÒøÅªµû,Carterocephalus alcinoides
ÒøÅªµû,Carterocephalus palaemon
»Æ³áÒøÅªµû,Carterocephalus silvicola
Á´Åªµû,Heteropterus morpheus
Ë«É«ÖÛÅªµû,Barca bicolor
Ğ¡Åªµû,Leptalina unicolor
´ÌëÖÅªµû,Baoris farri
Ë¢³á´ÌëÖÅªµû,Baoris penicillata
ôÌÅªµû,Borbo cinnara
ÄâôÌÅªµû,Pseudoborbo bevani
ÎŞ°ßçæÅªµû,Caltoris bromus
·ÅõàçæÅªµû,Caltoris cahira
·½°ßçæÅªµû,Caltoris cornasa
Ö±ÎÆµ¾Åªµû,Parnara guttata
ÇúÎÆµ¾Åªµû,Parnara ganga
ĞşÎÆµ¾Åªµû,Parnara bada
ÖĞ»ª¹ÈÅªµû,Pelopidas sinensis
ÄÏÑÇ¹ÈÅªµû,Pelopidas agna
½üô÷¹ÈÅªµû,Pelopidas subochracea
ÒşÎÆ¹ÈÅªµû,Pelopidas mathias
Ó¡¶È¹ÈÅªµû,Pelopidas assamensis
¹ÅÍ­¹ÈÅªµû,Pelopidas conjuncta
É½µØ¹ÈÅªµû,Pelopidas jansonis
ºÚ±ê¿×Åªµû,Polytremis mencia
Í¸ÎÆ¿×Åªµû,Polytremis pelllucida
ºĞÎÆ¿×Åªµû,Polytremis theca
´ÌÎÆ¿×Åªµû,Polytremis zina
»ÆÎÆ¿×Åªµû,Polytremis lubricans
ÈÚÎÆ¿×Åªµû,Polytremis discreta
Ì¨Íå¿×Åªµû,Polytremis eltola
»ÆÂö¿×Åªµû,Polytremis flavinerva
ÖÜÊÏ¿×Åªµû,Polytremis choui
Åªµû,Hesperia comma
Ğ¡ô÷Åªµû,Ochlodes venata
¿í±ßô÷Åªµû,Ochlodes ochracea
°×°àô÷Åªµû,Ochlodes subhualina
Ñ©É½ô÷Åªµû,Ochlodes siva
ÆĞÌáô÷Åªµû,Ochlodes bouddha
ÕëÎÆô÷Åªµû,Ochlodes klapperichii
»Æô÷Åªµû,Ochlodes crataeis
Î÷²Øô÷Åªµû,Ochlodes thibetana
±ªÅªµû,Thymelicus leoninus
ºÚ±ªÅªµû,Thymelicus sylvaticus
ì½Åªµû,Isoteinon lamprospilus
»Æ°ß½¶Åªµû,Erionota torus
°×°ß½¶Åªµû,Erionota grandis
Ïã½¶Åªµû,Erionota torus
Ò¬Åªµû,Gangara thyrsis
¼â³áÒ¬Åªµû,Gangara lebadea
ÂêÅªµû,Matapa aria
³¤ĞëÅªµû,Scobura cephaloides
ĞëÅªµû,Scobura coniata
ËØÅªµû,Suastus gremius
Ğ¡ËØÅªµû,Suastus minutus
çóÅªµû,Lotongus saralus
Ï£Åªµû,Hyarotis adrastus
»ğÂöÅªµû,Pyroneura margherita
»ÆÉÑÖ×ÂöÅªµû,Zographetus satwa
Áú¹¬Ö×ÂöÅªµû,Zographetus ogygioides
¹âÈÙÖ×ÂöÅªµû,Zographetus doxus
¼â³á»ÆÊÒÅªµû,Potanthus palnia
¿××Ó»ÆÊÒÅªµû,Potanthus confucius
ÇúÎÆ»ÆÊÒÅªµû,Potanthus flavus
µ­É«»ÆÊÒÅªµû,Potanthus pallidus
Ö±ÎÆ»ÆÊÒÅªµû,Potanthus rectifasciatus
¶ÏÎÆ»ÆÊÒÅªµû,Potanthus trachalus
¿íÎÆ»ÆÊÒÅªµû,Potanthus pavus
¾âÎÆ»ÆÊÒÅªµû,Potanthus lydius
³¤±êÅªµû,Telicota colon
×Ï³á³¤±êÅªµû,Telicota augias
»ÆÎÆ³¤±êÅªµû,Telicota ohara
ºÚÂö³¤±êÅªµû,Telicota linna
ºì³á³¤±êÅªµû,Telicota ancilla
½ğ°ßÅªµû,Cephrenes chrysozona
Ë«×ÓÅ¼ÂÂÅªµû,Oriens goloides
Å¼ÂÂÅªµû,Oriens gola
»ÆÅªµû,Taractrocera flavoides
»Æ°ßÅªµû,Ampittia dioscorides
¹³ĞÎ»Æ°ßÅªµû,Ampittia virgata
Ğ¡»Æ°ßÅªµû,Ampittia nana
