°×µãºÖò¹µû,Abisara burnii,Abisara_burnii
ÉßÄ¿ºÖò¹µû,Abisara echerius,Abisara_echerius
»Æ´øºÖò¹µû,Abisara fylla,Abisara_fylla
°×´øºÖò¹µû,Abisara fylloides,Abisara_fylloides
³¤Î²ºÖò¹µû,Abisara neophron,Abisara_neophron
Ìİ³áºÖò¹µû,Abisara saturata,Abisara_saturata
°×Åªµû,Abraximorpha davidii,Abraximorpha_davidii
æ¹òÌµû,Abrota ganga,Abrota_ganga
ÜÑÂéÕäµû,Acraea issoria,Acraea_issoria
°ßÕäµû,Acraea violae,Acraea_violae
Å¥»Òµû,Acytolepis puspa,Acytolepis_puspa
ÎÆ»·µûÊô,Aemona amathusia,Aemona
ïÉÅªµûÊô,Aeromachus inachus,Aeromachus
¿íÎ²·ïµû,Agehana elwesi,Agehana_elwesi
İ¡ÂéòÌµû,Aglais urticae,Aglais_urticae
¶«±±Êá»Òµû,Ahlbergia frivaldszkyi,Ahlbergia_frivaldszkyi
êÄ»Òµû,Amblypodia anita,Amblypodia_anita
»Æ°ßÅªµû,Ampittia dioscorides,Ampittia_dioscorides
¹³ĞÎ»Æ°ßÅªµû,Ampittia virgata,Ampittia_virgata
°²»ÒµûÊô,Ancema ctesia,Ancema
ºÚÉ«¹³Åªµû,Ancistroides nigrita,Ancistroides_nigrita
¼â½Ç»Òµû,Anthene emolus,Anthene_emolus
³È³á½ó·Ûµû,Anthocharis bambusarum,Anthocharis_bambusarum
ºì½ó·Ûµû,Anthocharis cardamines,Anthocharis_cardamines
»Æ¼â½ó·Ûµû,Anthocharis scolymus,Anthocharis_scolymus
Áø×ÏÉÁòÌµû,Apatura ilia,Apatura_ilia
×ÏÉÁòÌµû,Apatura iris,Apatura_iris
Çú´øÉÁòÌµû,Apatura laverna,Apatura_laverna
Ï¸´øÉÁòÌµû,Apatura metis,Apatura_metis
°¢·ÒÑÛµû,Aphantopus hyperantus,Aphantopus_hyperantus
ÍêÉÆ¾î·Ûµû,Aporia agathon,Aporia_agathon
°µÉ«¾î·Ûµû,Aporia bieti,Aporia_bieti
¾î·Ûµû,Aporia crataegi,Aporia_crataegi
´ó³á¾î·Ûµû,Aporia largeteaui,Aporia_largeteaui
°×³á¼â·Ûµû,Appias albina,Appias_albina
À×Õğ¼â·Ûµû,Appias indra,Appias_indra
Àû±È¼â·Ûµû,Appias libythea,Appias_libythea
ÁéÆæ¼â·Ûµû,Appias lyncida,Appias_lyncida
±¦Áá¼â·Ûµû,Appias paulina,Appias_paulina
²¼ÍøÖ©òÌµû,Araschnia burejana,Araschnia_burejana
ÇúÎÆÖ©òÌµû,Araschnia doris,Araschnia_doris
Ö©òÌµû,Araschnia levana,Araschnia_levana
ÂÌ±ªòÌµû,Argynnis paphia,Argynnis_paphia
ì³±ªòÌµû,Argyreus hyperbius,Argyreus_hyperbius
ÀÏ±ªòÌµû,Argyronome laodice,Argyronome_laodice
Ãåµéæ¬»Òµû,Arhopala birmana,Arhopala_birmana
ÈÕ±¾æ¬»Òµû,Arhopala japonica,Arhopala_japonica
²¨òÌµû,Ariadne ariadne,Ariadne_ariadne
Ï¸ÎÆ²¨òÌµû,Ariadne merione,Ariadne_merione
°®»Òµû,Aricia agestis,Aricia_agestis
ÖĞ»ª°®»Òµû,Aricia mandschurica,Aricia_mandschurica
ÂÌ»Òµû,Artipe eryx,Artipe_eryx
ëç³áÅªµû,Astictopterus jama,Astictopterus_jama
ÖéÂÄ´øòÌµû,Athyma asura,Athyma_asura
Ë«É«´øòÌµû,Athyma cama,Athyma_cama
ÓñèÆ´øòÌµû,Athyma jina,Athyma_jina
ÏàË¼´øòÌµû,Athyma nefte,Athyma_nefte
ò°Ã¼´øòÌµû,Athyma opalina,Athyma_opalina
ĞşÖé´øòÌµû,Athyma perius,Athyma_perius
»û´øòÌµû,Athyma pravara,Athyma_pravara
Àë°ß´øòÌµû,Athyma ranga,Athyma_ranga
ĞÂÔÂ´øòÌµû,Athyma selenophora,Athyma_selenophora
¹Â°ß´øòÌµû,Athyma zeroca,Athyma_zeroca
°ÂòÌµû,Auzakia danava,Auzakia_danava
¼â³áÅªµû,Badamia exclamationis,Badamia_exclamationis
´ÌëÖÅªµû,Baoris farri,Baoris_farri
°ÒòÌµû,Bhagadatta austenia,Bhagadatta_austenia
°×É¡Åªµû,Bibasis gomata,Bibasis_gomata
ºÖÉ¡Åªµû,Bibasis harisa,Bibasis_harisa
³È³áÉ¡Åªµû,Bibasis jaina,Bibasis_jaina
¹³ÎÆÉ¡Åªµû,Bibasis sena,Bibasis_sena
ÂåÉñ±¦òÌµû,Boloria napaea,Boloria_napaea
ÁúÅ®±¦òÌµû,Boloria pales,Boloria_pales
ôÌÅªµû,Borbo cinnara,Borbo_cinnara
Ğ¡±ªòÌµû,Brenthis daphne,Brenthis_daphne
Å·ÖŞĞ¡±ªòÌµû,Brenthis hecate,Brenthis_hecate
ÒÁÅµĞ¡±ªòÌµû,Brenthis ino,Brenthis_ino
÷ê·ïµû,Byasa alcinous,Byasa_alcinous
³¤Î²÷ê·ïµû,Byasa impediens,Byasa_impediens
»ÒÈŞ÷ê·ïµû,Byasa mencius,Byasa_mencius
¶à×Ë÷ê·ïµû,Byasa polyeuctes,Byasa_polyeuctes
É¢ÎÆÍØ»Òµû,Caleta elna,Caleta_elna
ÇúÎÆÍØ»Òµû,Caleta roxus,Caleta_roxus
¾îòÌµû,Calinaga buddha,Calinaga_buddha
¾îòÌµûÊô,Calinaga lhatso,Calinaga
ÑŞÑÛµûÊô,Callerebia suroia,Callerebia
¿¨»Òµû,Callophrys rubi,Callophrys_rubi
ÎŞ°ßçæÅªµû,Caltoris bromus,Caltoris_bromus
·ÅõàçæÅªµû,Caltoris cahira,Caltoris_cahira
·½°ßçæÅªµû,Caltoris cornasa,Caltoris_cornasa
ÒøÅªµû,Carterocephalus palaemon,Carterocephalus_palaemon
»Æ³áÒøÅªµû,Carterocephalus silvicola,Carterocephalus_silvicola
±ª»Òµû,Castalius rosimon,Castalius_rosimon
À¶¿§»Òµû,Catochrysops panormus,Catochrysops_panormus
¿§»Òµû,Catochrysops strabo,Catochrysops_strabo
Ëé°ßÇ¨·Ûµû,Catopsilia florella,Catopsilia_florella
Ç¨·Ûµû,Catopsilia pomona,Catopsilia_pomona
Àæ»¨Ç¨·Ûµû,Catopsilia pyranthe,Catopsilia_pyranthe
ïÓ»ÆÇ¨·Ûµû,Catopsilia scylla,Catopsilia_scylla
ĞÇÅªµûÊô,Celaenorrhinus horishanus,Celaenorrhinus
ÁğÁ§»Òµû,Celastrina argiola,Celastrina_argiola
Ñ¬ÒÂÁ§»Òµû,Celastrina lavendularis,Celastrina_lavendularis
ÇàÔ°·Ûµû,Cepora nadina,Cepora_nadina
ºÚÂöÔ°·Ûµû,Cepora nerissa,Cepora_nerissa
ºì¾âòÌµû,Cethosia biblis,Cethosia_biblis
°×´ø¾âòÌµû,Cethosia cyane,Cethosia_cyane
°×´øòüòÌµû,Charaxes bernardus,Charaxes_bernardus
òüòÌµû,Charaxes marmax,Charaxes_marmax
°Ë×ÖÑÒÑÛµû,Chazara briseis,Chazara_briseis
»Æ¾î¿²òÌµû,Chersonesia risa,Chersonesia_risa
ÇúÎÆ×Ï»Òµû,Chilades pandava,Chilades_pandava
Òø±ªòÌµû,Childrena childreni,Childrena_childreni
½ğîøòÌµû,Chitoria chrysolora,Chitoria_chrysolora
ÂÌÅªµû,Choaspes benjaminii,Choaspes_benjaminii
ĞÒÔËê¤òÌµû,Cirrochroa tyche,Cirrochroa_tyche
ÕäòÌµûÊô,Clossiana gong,Clossiana
ÄÁÅ®ÕäÑÛµû,Coenonympha amaryllis,Coenonympha_amaryllis
Òş²ØÕäÑÛµû,Coenonympha arcania,Coenonympha_arcania
ÓÍÇìÕäÑÛµû,Coenonympha glycerion,Coenonympha_glycerion
Ó¢ĞÛÕäÑÛµû,Coenonympha hero,Coenonympha_hero
°®ÕäÑÛµû,Coenonympha oedippus,Coenonympha_oedippus
ÅË·ÇÕäÑÛµû,Coenonympha pamphilus,Coenonympha_pamphilus
ÂÌ°ßÕäÑÛµû,Coenonympha sunbecca,Coenonympha_sunbecca
°ßÔµ¶¹·Ûµû,Colias erate,Colias_erate
³È»Æ¶¹·Ûµû,Colias fieldii,Colias_fieldii
¶¹·Ûµû,Colias hyale,Colias_hyale
¶«ÑÇ¶¹·Ûµû,Colias poliographus,Colias_poliographus
»Æ½óòÌµû,Cupha erymanthis,Cupha_erymanthis
¿İ»Òµû,Cupido minimus,Cupido_minimus
¼â³áÒø»Òµû,Curetis acuta,Curetis_acuta
ºÖ³áÒø»Òµû,Curetis brunnea,Curetis_acuta
Òø»Òµû,Curetis bulis,Curetis_acuta
Ô²³áÒø»Òµû,Curetis saronis,Curetis_saronis
¿á»Òµû,Cyaniris semiargus,Cyaniris_semiargus
°ËÄ¿Ë¿òÌµû,Cyrestis cocles,Cyrestis_cocles
ºÚÔµË¿òÌµû,Cyrestis themire,Cyrestis_themire
ÍøË¿òÌµû,Cyrestis thyodamas,Cyrestis_thyodamas
ºÚÅªµû,Daimio tethys,Daimio_tethys
Çà±ªòÌµû,Damora sagana,Damora_sagana
½ğ°ßµû,Danaus chrysippus,Danaus_chrysippus
»¢°ßµû,Danaus genutia,Danaus_genutia
ºÚ»¢°ßµû,Danaus melanippus,Danaus_melanippus
¾ıÖ÷°ßµû,Danaus plexippus,Danaus_plexippus
ºìÒ¸°ß·Ûµû,Delias acalis,Delias_acalis
ÑŞ¸¾°ß·Ûµû,Delias belladonna,Delias_belladonna
Àö°ß·Ûµû,Delias descombesi,Delias_descombesi
ÓÅÔ½°ß·Ûµû,Delias hyparete,Delias_hyparete
±¨Ï²°ß·Ûµû,Delias pasithoe,Delias_pasithoe
çé»Òµû,Deudorix epijarbas,Deudorix_epijarbas
µçòÌµû,Dichorragia nesimachus,Dichorragia_nesimachus
Ã÷´°òÌµû,Dilipa fenestra,Dilipa_fenestra
´°òÌµû,Dilipa morgiana,Dilipa_fenestra
éÑ»Òµû,Discolampa ethion,Discolampa_ethion
·ïÑÛ·½»·µû,Discophora sondaica,Discophora_sondaica
ÎŞÎ²ò¹µû,Dodona durga,Dodona_durga
´ó°ßÎ²ò¹µû,Dodona egeon,Dodona_egeon
ÒøÎÆÎ²ò¹µû,Dodona eugenes,Dodona_eugenes
ó¼Ò¶òÌµû,Doleschallia bisaltide,Doleschallia_bisaltide
ÂÌòÌµû,Dophla evelina,Dophla_evelina
´äĞä¾âÑÛµû,Elymnias hypermnestra,Elymnias_hypermnestra
ÉÁ×Ï¾âÑÛµû,Elymnias malelas,Elymnias_malelas
ÁúÅ®¾âÑÛµû,Elymnias nesaea,Elymnias_nesaea
²¨³áºìÑÛµû,Erebia ligea,Erebia_ligea
»Æ°ß½¶Åªµû,Erionota torus,Erionota_torus
Ïã½¶Åªµû,Erionota torus,Erionota_torus
ÉîÉ½ÖéÅªµû,Erynnis montanus,Erynnis_montanus
ÖéÅªµû,Erynnis tages,Erynnis_tages
×Ø»Òµû,Euchrysops cnejus,Euchrysops_cnejus
¶úòÌµû,Eulaceura osteria,Eulaceura_osteria
°£»Òµû,Eumedonia eumedon,Eumedonia_eumedon
½ğİÀòÌµû,Euphydryas aurinia,Euphydryas_aurinia
ÖĞİÀòÌµû,Euphydryas intermedia,Euphydryas_intermedia
»Ã×Ï°ßµû,Euploea core,Euploea_core
ºÚ×Ï°ßµû,Euploea eunice,Euploea_eunice
Ä¬×Ï°ßµû,Euploea klugii,Euploea_klugii
À¶µã×Ï°ßµû,Euploea midamus,Euploea_midamus
ÒìĞÍ×Ï°ßµû,Euploea mulciber,Euploea_mulciber
Ì¨ÄÏ×Ï°ßµû,Euploea phaenareta,Euploea_phaenareta
Ë«±ê×Ï°ßµû,Euploea sylvester,Euploea_sylvester
°²µÏ»Æ·Ûµû,Eurema andersoni,Eurema_andersoni
éŞ»Æ·Ûµû,Eurema blanda,Eurema_blanda
ÎŞ±ê»Æ·Ûµû,Eurema brigitta,Eurema_brigitta
¿í±ß»Æ·Ûµû,Eurema hecabe,Eurema_hecabe
¼â½Ç»Æ·Ûµû,Eurema laeta,Eurema_laeta
Ã¢òÌµû,Euripus nyctelius,Euripus_nyctelius
Ã¬´äòÌµû,Euthalia aconthea,Euthalia_aconthea
Ì¨Íå´äòÌµû,Euthalia formosana,Euthalia_formosana
ºì°ß´äòÌµû,Euthalia lubentina,Euthalia_lubentina
°µ°ß´äòÌµû,Euthalia monina,Euthalia_monina
¼â³á´äòÌµû,Euthalia phemius,Euthalia_phemius
çê´äòÌµû,Euthalia pratti,Euthalia_pratti
Î÷²Ø´äòÌµû,Euthalia thibetana,Euthalia_thibetana
À¶»Òµû,Everes argiades,Everes_argiades
³¤Î²À¶»Òµû,Everes lacturnus,Everes_lacturnus
²Ó¸£òÌµû,Fabriciana adippe,Fabriciana_adippe
¸£òÌµû,Fabriciana niobe,Fabriciana_niobe
»Ò³á´®Öé»·µû,Faunis aerope,Faunis_aerope
ºÖ´®Öé»·µû,Faunis canens,Faunis_canens
´®Öé»·µû,Faunis eumeus,Faunis_eumeus
ÆÕ¸£À´»Òµû,Freyeria putli,Freyeria_putli
¸£À´»Òµû,Freyeria trochylus,Freyeria_trochylus
«\»Æ·Ûµû,Gandaca harina,Gandaca_harina
Ò¬Åªµû,Gangara thyrsis,Gangara_thyrsis
À¶µ×¸ê»Òµû,Glaucopsyche alexis,Glaucopsyche_alexis
Ô²³á¹³·Ûµû,Gonepteryx amintha,Gonepteryx_amintha
¼â¹³·Ûµû,Gonepteryx mahaguru,Gonepteryx_mahaguru
¹³·Ûµû,Gonepteryx rhamni,Gonepteryx_rhamni
Í³Ë§Çà·ïµû,Graphium agamemnon,Graphium_agamemnon
Ëé°ßÇà·ïµû,Graphium chironides,Graphium_chironides
¿í´øÇà·ïµû,Graphium cloanthus,Graphium_cloanthus
Ä¾À¼Çà·ïµû,Graphium doson,Graphium_doson
Òø¹³Çà·ïµû,Graphium eurypylus,Graphium_eurypylus
Çà·ïµû,Graphium sarpedon,Graphium_sarpedon
Ë«×Óº¨Åªµû,Halpe porus,Halpe_porus
Èı°ßÖºÅªµû,Hasora badra,Hasora_badra
Ë«°ßÖºÅªµû,Hasora chromus,Hasora_chromus
°Á°×òÌµû,Helcyra superba,Helcyra_superba
²Ê»Òµû,Heliophorus epicles,Heliophorus_epicles
Å¨×Ï²Ê»Òµû,Heliophorus ila,Heliophorus_ila
É¯·Æ²Ê»Òµû,Heliophorus saphir,Heliophorus_saphir
Åªµû,Hesperia comma,Hesperia_comma
ºÚÂöòÌµû,Hestina assimilis,Hestina_assimilis
İğŞ¼ÎÆÂöòÌµû,Hestina nama,Hestina_nama
Äâ°ßÂöòÌµû,Hestina persimilis,Hestina_persimilis
Á´Åªµû,Heteropterus morpheus,Heteropterus_morpheus
°ß»Òµû,Horaga onyx,Horaga_onyx
Ï£Åªµû,Hyarotis adrastus,Hyarotis_adrastus
»ûÎÆ×Ï°ßòÌµû,Hypolimnas anomala,Hypolimnas_anomala
»Ã×Ï°ßòÌµû,Hypolimnas bolina,Hypolimnas_bolina
ÑÅÅªµû,Iambrix salsala,Iambrix_salsala
´ó²¯°ßµû,Idea leuconoe,Idea_leuconoe
Äâì½°ßµû,Ideopsis similis,Ideopsis_similis
ì½°ßµû,Ideopsis vulgaris,Ideopsis_vulgaris
¿×È¸òÌµû,Inachis io,Inachis_io
ì½·ïµû,Iphiclides podalirius,Iphiclides_podalirius
ÌúÄ¾À³Òì»Òµû,Iraota timoleon,Iraota_timoleon
ì½Åªµû,Isoteinon lamprospilus,Isoteinon_lamprospilus
ÖéòÌµû,Issoria lathonia,Issoria_lathonia
³È·Ûµû,Ixias pyrene,Ixias_pyrene
ËØÑÅ»Òµû,Jamides alecto,Jamides_alecto
ÑÅ»Òµû,Jamides bochus,Jamides_bochus
ÎıÀäÑÅ»Òµû,Jamides celeno,Jamides_celeno
ÃÀÑÛòÌµû,Junonia almana,Junonia_almana
²¨ÎÆÑÛòÌµû,Junonia atlites,Junonia_atlites
»ÆÉÑÑÛòÌµû,Junonia hierta,Junonia_hierta
¹³³áÑÛòÌµû,Junonia iphita,Junonia_iphita
ÉßÑÛòÌµû,Junonia lemonias,Junonia_lemonias
´äÀ¶ÑÛòÌµû,Junonia orithya,Junonia_orithya
¿İÒ¶òÌµû,Kallima inachus,Kallima_inachus
ÁğÁ§òÌµû,Kaniska canace,Kaniska_canace
ĞÂºì±êÅªµû,Koruthaialos sindu,Koruthaialos_sindu
ÁÁ»Òµû,Lampides boeticus,Lampides_boeticus
Ñà·ïµû,Lamproptera curius,Lamproptera_curius
ÂÌ´øÑà·ïµû,Lamproptera meges,Lamproptera_meges
¶·Ã«ÑÛµû,Lasiommata deidamia,Lasiommata_deidamia
ÏË·Ûµû,Leptosia nina,Leptosia_nina
ÇúÎÆ÷ìÑÛµû,Lethe chandica,Lethe_chandica
°×´ø÷ìÑÛµû,Lethe confusa,Lethe_confusa
Ì¦ÄÈ÷ìÑÛµû,Lethe diana,Lethe_diana
³¤ÎÆ÷ìÑÛµû,Lethe europa,Lethe_europa
ÉîÉ½÷ìÑÛµû,Lethe insana,Lethe_insana
ÈıĞ¨÷ìÑÛµû,Lethe mekara,Lethe_mekara
²¨ÎÆ÷ìÑÛµû,Lethe rohria,Lethe_rohria
Á¬ÎÆ÷ìÑÛµû,Lethe syrcis,Lethe_syrcis
Óñ´ø÷ìÑÛµû,Lethe verma,Lethe_verma
ºÚ½ÇÂÉòÌµû,Lexias dirtea,Lexias_dirtea
Ğ¡±ªÂÉòÌµû,Lexias pardalis,Lexias_pardalis
ÆÓà¹µû,Libythea celtis,Libythea_celtis
°ôÎÆà¹µû,Libythea myrrha,Libythea_myrrha
ÒşÏßòÌµû,Limenitis camilla,Limenitis_camilla
¶ÏÃ¼ÏßòÌµû,Limenitis doerriesi,Limenitis_doerriesi
ÑïÃ¼ÏßòÌµû,Limenitis helmanni,Limenitis_helmanni
ºìÏßòÌµû,Limenitis populi,Limenitis_populi
´øÅªµûÊô,Lobocla bifasciata,Lobocla
ÂéÂ¤»Òµû,Logania marmorata,Logania_marmorata
»Æ»·Á´ÑÛµû,Lopinga achine,Lopinga_achine
Â¹»Òµû,Loxura atymnus,Loxura_atymnus
ºìÖé»Òµû,Lycaeides argyrognomon,Lycaeides_argyrognomon
ºì»Òµû,Lycaena phlaeas,Lycaena_phlaeas
ö²»Òµû,Phengaris alcon,Phengaris_alcon
¸Âö²»Òµû,Phengaris arion,Phengaris_arion
´ó°ßö²»Òµû,Phengaris arionides,Phengaris_arionides
ºúÂéö²»Òµû,Phengaris teleia,Phengaris_teleia
Âê»Òµû,Mahathala ameria,Mahathala_ameria
À¶°ßÀöÑÛµû,Mandarinia regalis,Mandarinia_regalis
ÂêÅªµû,Matapa aria,Matapa_aria
ÃÀ¼§»Òµû,Megisba malaya,Megisba_malaya
°×ÑÛµû,Melanargia halimede,Melanargia_halimede
¶íÂŞË¹°×ÑÛµû,Melanargia russiae,Melanargia_russiae
ÄºÑÛµû,Melanitis leda,Melanitis_leda
íûÄºÑÛµû,Melanitis phedima,Melanitis_phedima
ÇìÍøòÌµû,Melitaea cinxia,Melitaea_cinxia
ÍøòÌµû,Melitaea diamina,Melitaea_diamina
µÒÍøòÌµû,Melitaea didyma,Melitaea_didyma
ÖĞ»ªÔÆ»Òµû,Miletus chinensis,Miletus_chinensis
»·´øÃÔòÌµû,Mimathyma ambica,Mimathyma_ambica
ÃÔòÌµû,Mimathyma chevana,Mimathyma_chevana
°×°ßÃÔòÌµû,Mimathyma schrenckii,Mimathyma_schrenckii
ÉßÑÛµû,Minois dryas,Minois_dryas
ÄÂòÌµû,Moduza procris,Moduza_procris
Ã«ÂöÅªµû,Mooreana trichoneura,Mooreana_trichoneura
¾ıÖ÷Ã¼ÑÛµû,Mycalesis anaxias,Mycalesis_anaxias
Äâµ¾Ã¼ÑÛµû,Mycalesis francisca,Mycalesis_francisca
µ¾Ã¼ÑÛµû,Mycalesis gotama,Mycalesis_gotama
Ğ¡Ã¼ÑÛµû,Mycalesis mineus,Mycalesis_mineus
ÅáË¹Ã¼ÑÛµû,Mycalesis perseus,Mycalesis_perseus
É®ôÂÃ¼ÑÛµû,Mycalesis sangaica,Mycalesis_sangaica
°ÙÄÈ»Òµû,Nacaduba berenice,Nacaduba_berenice
±´ÄÈ»Òµû,Nacaduba beroe,Nacaduba_beroe
¹ÅÂ¥ÄÈ»Òµû,Nacaduba kurava,Nacaduba_kurava
²¼À³ÒñÑÛµû,Neope bremeri,Neope_bremeri
ÃÉÁ´ÒñÑÛµû,Neope muirheadii,Neope_muirheadii
Ò»µã»Òµû,Neopithecops zalmora,Neopithecops_zalmora
ÖØ»·òÌµû,Neptis alwina,Neptis_alwina
°¢»·òÌµû,Neptis ananta,Neptis_ananta
¿Â»·òÌµû,Neptis clinia,Neptis_clinia
çæ»·òÌµû,Neptis clynia,Neptis_clynia
ÖĞ»·òÌµû,Neptis hylas,Neptis_hylas
°×»·òÌµû,Neptis leucoporos,Neptis_leucoporos
ÃÖ»·òÌµû,Neptis miah,Neptis_miah
ÄÈ»·òÌµû,Neptis nata,Neptis_nata
Á´»·òÌµû,Neptis pryeri,Neptis_pryeri
µ¥»·òÌµû,Neptis rivularis,Neptis_rivularis
¶Ï»·òÌµû,Neptis sankara,Neptis_sankara
Ğ¡»·òÌµû,Neptis sappho,Neptis_sappho
æ¶»·òÌµû,Neptis soma,Neptis_soma
Ì¨Íå»·òÌµû,Neptis taiwana,Neptis_taiwana
ºÚ»Òµû,Niphanda fusca,Niphanda_fusca
ÇúÎÆĞäÅªµû,Notocrypta curvifascia,Notocrypta_curvifascia
Õ­ÎÆĞäÅªµû,Notocrypta paralysos,Notocrypta_paralysos
»ÆÔµòÌµû,Nymphalis antiopa,Nymphalis_antiopa
ÖìòÌµû,Nymphalis xanthomelas,Nymphalis_xanthomelas
¿í±ßô÷Åªµû,Ochlodes ochracea,Ochlodes_ochracea
ÃÉ¹Å¾ÆÑÛµû,Oeneis mongolica,Oeneis_mongolica
Å¼ÂÂÅªµû,Oriens gola,Oriens_gola
Ë«×ÓÅ¼ÂÂÅªµû,Oriens goloides,Oriens_goloides
°ÂÑÛµû,Orsotriaena medus,Orsotriaena_medus
ºìÖé·ïµû,Pachliopta aristolochiae,Pachliopta_aristolochiae
½ğó´òÌµû,Pantoporia hordonia,Pantoporia_hordonia
±Ì·ïµû,Papilio bianor,Papilio_bianor
ÓñÑÀ·ïµû,Papilio castor,Papilio_castor
´ïÄ¦´ä·ïµû,Papilio demoleus,Papilio_demoleus
ñ·´ä·ïµû,Papilio dialis,Papilio_dialis
Óñ°ß·ïµû,Papilio helenus,Papilio_helenus
ÂÌ´ø´ä·ïµû,Papilio maackii,Papilio_maackii
½ğ·ïµû,Papilio machaon,Papilio_machaon
ÃÃÃÀ·ïµû,Papilio macilentus,Papilio_macilentus
ÃÀ·ïµû,Papilio memnon,Papilio_memnon
¿í´ø·ïµû,Papilio nephelus,Papilio_nephelus
°ÍÀè´ä·ïµû,Papilio paris,Papilio_paris
Óñ´ø·ïµû,Papilio polytes,Papilio_polytes
À¶·ïµû,Papilio protenor,Papilio_protenor
Ì¨Íå·ïµû,Papilio thaiwanus,Papilio_thaiwanus
¸ÌéÙ·ïµû,Papilio xuthus,Papilio_xuthus
¾î°ßµû,Parantica aglea,Parantica_aglea
ºÚ¾î°ßµû,Parantica melanea,Parantica_melanea
´ó¾î°ßµû,Parantica sita,Parantica_sita
Ù½òÌµûÊô,Parasarpa albomaculata,Parasarpa
Çà·Ûµû,Pareronia valeria,Pareronia_valeria
ĞşÎÆµ¾Åªµû,Parnara bada,Parnara_bada
ÇúÎÆµ¾Åªµû,Parnara ganga,Parnara_ganga
Ö±ÎÆµ¾Åªµû,Parnara guttata,Parnara_guttata
°¢²¨ÂŞ¾îµû,Parnassius apollo,Parnassius_apollo
±ùÇå¾îµû,Parnassius glacialis,Parnassius_glacialis
ÃÙÃÎ¾îµû,Parnassius mnemosyne,Parnassius_mnemosyne
Ğ¡ºìÖé¾îµû,Parnassius nomion,Parnassius_nomion
¸£²¼¾îµû,Parnassius phoebus,Parnassius_phoebus
°×¾îµû,Parnassius stubbendorfii,Parnassius_stubbendorfii
ÀöòÌµû,Parthenos sylvia,Parthenos_sylvia
ÌúÄ¾½£·ïµû,Pazala timur,Pazala_timur
ÄÏÑÇ¹ÈÅªµû,Pelopidas agna,Pelopidas_agna
ÒşÎÆ¹ÈÅªµû,Pelopidas mathias,Pelopidas_mathias
ÖĞ»ª¹ÈÅªµû,Pelopidas sinensis,Pelopidas_sinensis
°×°ßÑÛµû,Penthema adelma,Penthema_adelma
Åå»Òµû,Petrelaea dana,Petrelaea_dana
Öù·ÆòÌµû,Phaedyma columella,Phaedyma_columella
·©òÌµû,Phalanta phalantha,Phalanta_phalantha
Å·ÖŞ·Ûµû,Pieris brassicae,Pieris_brassicae
¶«·½²Ë·Ûµû,Pieris canidia,Pieris_canidia
¿ËÀ³·Ûµû,Pieris krueperi,Pieris_krueperi
ºÚÎÆ·Ûµû,Pieris melete,Pieris_melete
°µÂö²Ë·Ûµû,Pieris napi,Pieris_napi
²Ë·Ûµû,Pieris rapae,Pieris_rapae
ºÚÍè»Òµû,Pithecops corvus,Pithecops_corvus
¶¹»Òµû,Plebejus argus,Plebejus_argus
°×¹³òÌµû,Polygonia c-album,Polygonia_c-album
»Æ¹³òÌµû,Polygonia c-aureum,Polygonia_c-aureum
¶àÑÛ»Òµû,Polyommatus erotides,Polyommatus_erotides
ÒÁÑÛ»Òµû,Polyommatus icarus,Polyommatus_icarus
»ÆÎÆ¿×Åªµû,Polytremis lubricans,Polytremis_lubricans
Õ­°ß·ïÎ²òÌµû,Polyura athamas,Polyura_athamas
´ó¶şÎ²òÌµû,Polyura eudamippus,Polyura_eudamippus
¶şÎ²òÌµû,Polyura narcaea,Polyura_narcaea
ÍüÓÇÎ²òÌµû,Polyura nepenthes,Polyura_nepenthes
ºÚ·ïÎ²òÌµû,Polyura schreiber,Polyura_schreiber
¼ıÎÆÔÆ·Ûµû,Pontia callidice,Pontia_callidice
ÂÌÔÆ·Ûµû,Pontia chloridice,Pontia_chloridice
ÔÆ·Ûµû,Pontia daplidice,Pontia_daplidice
¿××Ó»ÆÊÒÅªµû,Potanthus confucius,Potanthus_confucius
ÇúÎÆ»ÆÊÒÅªµû,Potanthus flavus,Potanthus_flavus
¿íÎÆ»ÆÊÒÅªµû,Potanthus pavus,Potanthus_pavus
¶ÏÎÆ»ÆÊÒÅªµû,Potanthus trachalus,Potanthus_trachalus
¾â·Ûµû,Prioneris thestylis,Prioneris_thestylis
²¨»Òµû,Prosotas dubiosa,Prosotas_dubiosa
ÄÈÀ­²¨»Òµû,Prosotas nora,Prosotas_nora
ĞãòÌµû,Pseudergolis wedah,Pseudergolis_wedah
»Æ½óÅªµû,Pseudocoladenia dan,Pseudocoladenia_dan
õ¡½¬»Òµû,Pseudozizeeria maha,Pseudozizeeria_maha
ÑÌÅªµû,Psolos fuligo,Psolos_fuligo
±±·½»¨Åªµû,Pyrgus alveus,Pyrgus_alveus
»¨Åªµû,Pyrgus maculatus,Pyrgus_maculatus
½õ¿û»¨Åªµû,Pyrgus malvae,Pyrgus_malvae
À¶Ñà»Òµû,Rapala caerulea,Rapala_caerulea
ºìÑà»Òµû,Rapala iarbus,Rapala_iarbus
ÂéÑà»Òµû,Rapala manea,Rapala_manea
ÄŞÉ´Ñà»Òµû,Rapala nissa,Rapala_nissa
ç³ÀÃÑà»Òµû,Rapala pheretima,Rapala_pheretima
Ñà»Òµû,Rapala varuna,Rapala_varuna
À³»Òµû,Remelana jangala,Remelana_jangala
Ë¢ëÖÅªµû,Sarangesa dasahara,Sarangesa_dasahara
´ó×ÏòÌµû,Sasakia charonda,Sasakia_charonda
ìªÅªµûÊô,Satarupa gopala,Satarupa
Æ»¹ûÈ÷»Òµû,Satyrium pruni,Satyrium_pruni
´ÌğëÈ÷»Òµû,Satyrium spini,Satyrium_spini
ÀëÎÆÈ÷»Òµû,Satyrium w-album,Satyrium_w-album
ĞşÉÑÑÛµû,Satyrus ferula,Satyrus_ferula
çó»Òµû,Scolitantides orion,Scolitantides_orion
Ë§òÌµû,Sephisa chandra,Sephisa_chandra
»ÆË§òÌµû,Sephisa princeps,Sephisa_princeps
Ë¿´ø·ïµû,Sericinus montelus,Sericinus_montelus
ÉªÅªµûÊô,Seseria formosana,Seseria
Éú»ÒµûÊô,Sinthusa chandrana,Sinthusa
±ªòÌµûÊô,Speyeria aglaja,Speyeria
»ÆÊÎÅªµû,Spialia galba,Spialia_galba
ÒøÏß»Òµû,Spindasis lohita,Spindasis_lohita
¶¹Á£ÒøÏß»Òµû,Spindasis syama,Spindasis_syama
ÊÎòÌµû,Stibochiona nicea,Stibochiona_nicea
¼ı»·µû,Stichophthalma howqua,Stichophthalma_howqua
ËØÅªµû,Suastus gremius,Suastus_gremius
ËàòÌµû,Sumalia daraxa,Sumalia_daraxa
ËÖ»Òµû,Surendra quercetorum,Surendra_quercetorum
»Æ±ªÊ¢òÌµû,Symbrenthia brabira,Symbrenthia_brabira
»¨±ªÊ¢òÌµû,Symbrenthia hypselis,Symbrenthia_hypselis
É¢ÎÆÊ¢òÌµû,Symbrenthia lilaea,Symbrenthia_lilaea
¹ö±ßÈ¹Åªµû,Tagiades cohaerens,Tagiades_cohaerens
°×±ßÈ¹Åªµû,Tagiades gana,Tagiades_gana
Õ´±ßÈ¹Åªµû,Tagiades litigiosa,Tagiades_litigiosa
ºÚ±ßÈ¹Åªµû,Tagiades menaka,Tagiades_menaka
Ë«Î²»Òµû,Tajuria cippus,Tajuria_cippus
·ÉÁú·Ûµû,Talbotia naganum,Talbotia_naganum
ºÖÈ¹çéòÌµû,Tanaecia jahnu,Tanaecia_jahnu
ÂÌÈ¹çéòÌµû,Tanaecia julii,Tanaecia_julii
ÑÁ»Òµû,Taraka hamada,Taraka_hamada
×Ï³á³¤±êÅªµû,Telicota augias,Telicota_augias
³¤±êÅªµû,Telicota colon,Telicota_colon
»ÆÎÆ³¤±êÅªµû,Telicota ohara,Telicota_ohara
×Ï°ß»·µû,Thaumantis diores,Thaumantis_diores
Ïß»Òµû,Thecla betulae,Thecla_betulae
°×ÉÑÃ¨òÌµû,Timelaea albescens,Timelaea_albescens
Ã¨òÌµû,Timelaea maculata,Timelaea_maculata
Çà°ßµû,Tirumala limniace,Tirumala_limniace
ØÄÇà°ßµû,Tirumala septentrionis,Tirumala_septentrionis
µãĞş»Òµû,Tongeia filicaudis,Tongeia_filicaudis
Ğş»Òµû,Tongeia fischeri,Tongeia_fischeri
½ğÉÑ·ïµû,Troides aeacus,Troides_aeacus
ÉÑ·ïµû,Troides helena,Troides_helena
½ªÅªµû,Udaspes folus,Udaspes_folus
²ÊòÌµû,Vagrans egista,Vagrans_egista
Ğ¡ºìòÌµû,Vanessa cardui,Vanessa_cardui
´óºìòÌµû,Vanessa indica,Vanessa_indica
ÎÄòÌµû,Vindula erota,Vindula_erota
ÑşòÌµû,Yoma sabina,Yoma_sabina
¶«±±ÛÇÑÛµû,Ypthima argus,Ypthima_argus
ÛÇÑÛµû,Ypthima balda,Ypthima_balda
ÀèÉ£ÛÇÑÛµû,Ypthima lisandra,Ypthima_lisandra
ÃÜÎÆÛÇÑÛµû,Ypthima multistriata,Ypthima_multistriata
ÈÚ°ßÛÇÑÛµû,Ypthima nikaea,Ypthima_nikaea
×¿ÛÇÑÛµû,Ypthima zodia,Ypthima_zodia
Õä»Òµû,Zeltus amasa,Zeltus_amasa
²¨ò¹µû,Zemeros flegyas,Zemeros_flegyas
¼ª»Òµû,Zizeeria karsandra,Zizeeria_karsandra
çæ¼ª»Òµû,Zizeeria knysna,Zizeeria_knysna
Ã«ÑÛ»Òµû,Zizina otis,Zizina_otis
³¤¸¹»Òµû,Zizula hylax,Zizula_hylax
¹âÈÙÖ×ÂöÅªµû,Zographetus doxus,Zographetus_doxus
»ÆÉÑÖ×ÂöÅªµû,Zographetus satwa,Zographetus_satwa
