1,Troides helena,ÉÑ·ïµû,,
2,Troides aeacus,½ğÉÑ·ïµû,,
3,Troides magellenus,Ó«¹âÉÑ·ïµû,,
4,Atrophaneura horishana,Êï·ïµû,,
5,Atrophaneura aidoneus,Å¯Êï·ïµû,,
6,Atrophaneura nox,ÂêÊï·ïµû,,
7,Atrophaneura varuna,ÍßÊï·ïµû,,
8,Byasa alcinous,÷ê·ïµû,,
9,Byasa confusus,ÖĞ»ª÷ê·ïµû,,
10,Byasa impediens,³¤Î²÷ê·ïµû,,
11,Byasa mencius,»ÒÈŞ÷ê·ïµû,,
12,Byasa daemonius,´ïÄ¦÷ê·ïµû,,
13,Byasa crassipes,¶ÌÎ²÷ê·ïµû,,
14,Byasa plutonius,Í»Ôµ÷ê·ïµû,,
15,Byasa nevilli,´ÖÈŞ÷ê·ïµû,,
16,Byasa polyeuctes,¶à×Ë÷ê·ïµû,,
17,Byasa dasarada,°×°ß÷ê·ïµû,,
18,Byasa hedistus,ÔÆÄÏ÷ê·ïµû,,
19,Byasa latreillei,æı¿ã÷ê·ïµû,,
20,Byasa polla,²ÊÈ¹÷ê·ïµû,,
21,Byasa rhadinus,æ¬÷ê·ïµû,,
22,Losaria coon,´¸Î²·ïµû,,
23,Pachliopta aristolochiae,ºìÖé·ïµû,,
24,Chilasa clytia,°ß·ïµû,,
25,Chilasa agestor,ºÖ°ß·ïµû,,
26,Chilasa epycides,Ğ¡ºÚ°ß·ïµû,,
27,Chilasa paradoxa,´äÀ¶°ß·ïµû,,
28,Chilasa slateri,ÍÎÖé°ß·ïµû,,
29,Papilio polytes,Óñ´ø·ïµû,,
30,Papilio nephelus,¿í´ø·ïµû,,
31,Papilio castor,ÓñÑÀ·ïµû,,
32,Papilio mahadeva,Âí¹ş·ïµû,,
33,Papilio helenus,Óñ°ß·ïµû,,
34,Papilio noblei,ÄÉ²¹·ïµû,,
35,Papilio protenor,À¶·ïµû,,
36,Papilio memnon,ÃÀ·ïµû,,
37,Papilio alcmenor,ºì»ùÃÀ·ïµû,,
38,Papilio bootes,Å£ÀÉ·ïµû,,
39,Papilio macilentus,ÃÀæ­·ïµû,,
40,Papilio thaiwanus,Ì¨Íå·ïµû,,
41,Papilio rumanzovia,ºì°ßÃÀ·ïµû,,
42,Papilio bianor,±Ì·ïµû,,
43,Papilio polyctor,²¨ÂÌ·ïµû,,
44,Papilio dialis,ñ·´ä·ïµû,,
45,Papilio maackii,ÂÌ´ø´ä·ïµû,,
46,Papilio hoppo,ÖØàø´ä·ïµû,,
47,Papilio arcturus,Õ­°ß´ä·ïµû,,
48,Papilio krishna,¿ËÀï´ä·ïµû,,
49,Papilio paris,°ÍÀè´ä·ïµû,,
50,Papilio hermosanus,Ì¨ÍåÁğÁ§´ä·ïµû,,
51,Papilio demoleus,´ïÄ¦·ïµû,,
52,Papilio xuthus,¸ÌéÙ·ïµû,,
53,Papilio machaon,½ğ·ïµû,,
54,Agehana elwesi,¿íÎ²·ïµû,,
55,Agehana maraho,Ì¨Íå¿íÎ²·ïµû,,
56,Lamproptera curius,Ñà·ïµû,,
57,Lamproptera meges,ÂÌ´øÑà·ïµû,,
58,Lamproptera paracurius,¶«´¨Ñà·ïµû,,
59,Graphium sarpedon,Çà·ïµû,,
60,Graphium adonarensis,,,
61,Graphium cloanthus,¿í´øÇà·ïµû,,
62,Graphium agamemnon,Í³Ë§Çà·ïµû,,
63,Graphium chironides,Ëé°ßÇà·ïµû,,
64,Graphium leechi,ÀèÊÏÇà·ïµû,,
65,Graphium doson,Ä¾À¼Çà·ïµû,,
66,Graphium eurypylus,Òø¹³Çà·ïµû,,
67,Graphium evemon,,,
68,Paranticopsis macareus,ÎÆ·ïµû,,
69,Paranticopsis megarus,Ï¸ÎÆ·ïµû,,
70,Paranticopsis xenocles,¿ÍÎÆ·ïµû,,
71,Paranticopsis phidias,Î²ÎÆ·ïµû,,
72,Pathysa antiphates,ÂÌ·ïµû,,
73,Pathysa agetes,Ğ±ÎÆÂÌ·ïµû,,
74,Pathysa aristea,Ã¢ÂÌ·ïµû,,
75,Pathysa nomius,ºìç·ÂÌ·ïµû,,
76,Pazala alebion,½ğ°ß½£·ïµû,,
77,Pazala mullah,ÌúÄ¾½£·ïµû,Pazala timur,
78,Pazala euroa,ÉıÌì½£·ïµû,,
79,Pazala glycerion,»ªÏÄ½£·ïµû,,
80,Pazala parus,Ô²³á½£·ïµû,Pazala incerta,
81,Pazala tamerlana,ÎÚ¿ËÀ¼½£·ïµû,,
82,Pazala sichuanica,ËÄ´¨½£·ïµû,,
83,Iphiclides podalirius,ì½·ïµû,,
84,Iphiclides podalirinus,Î÷²Øì½·ïµû,,
85,Meandrusa payeni,¹³·ïµû,,
86,Meandrusa sciron,ºÖ¹³·ïµû,,
87,Meandrusa lachinus,ºÚ¹³·ïµû,,
88,Teinopalpus imperialis,à¹·ïµû,,
89,Teinopalpus aureus,½ğ°ßà¹·ïµû,,
90,Sericinus montelus,Ë¿´ø·ïµû,,
91,Bhutanitis lidderdalii,¶àÎ²·ïµû,,
92,Bhutanitis mansfieldi,¶şÎ²·ïµû,,
93,Bhutanitis thaidina,ÈıÎ²·ïµû,,
94,Luehdorfia puziloi,»¢·ïµû,,
95,Luehdorfia chinensis,ÖĞ»ª»¢·ïµû,,
96,Luehdorfia longicaudata,³¤Î²»¢·ïµû,,
97,Hypermnestra helios,ÔÆ¾îµû,,
98,Parnassius apollonius,ôËºÍ¾îµû,,
99,Parnassius bremeri,ºìÖé¾îµû,,
100,Parnassius phoebus,¸£²¼¾îµû,,
101,Parnassius actius,ÖĞÑÇÀö¾îµû,,
102,Parnassius jacquemontii,ÏÄÃÎ¾îµû,,
103,Parnassius epaphus,ÒÀÅÁ¾îµû,,
104,Parnassius tianschanicus,ÌìÉ½¾îµû,,
105,Parnassius nomion,Ğ¡ºìÖé¾îµû,,
106,Parnassius apollo,°¢²¨ÂŞ¾îµû,,
107,Parnassius mnemosyne,ÃÙÃÎ¾îµû,,
108,Parnassius stubbendorfii,°×¾îµû,,
109,Parnassius citrinarius,±ùÇå¾îµû,Parnassius glacialis,
110,Parnassius eversmanni,°¬ö©¾îµû,,
111,Parnassius ariadne,°®ÂÂ¾îµû,,
112,Parnassius orleans,ÕäÖé¾îµû,,
113,Parnassius hardwickii,ÁªÖé¾îµû,,
114,Parnassius szechenyii,ËÄ´¨¾îµû,,
115,Parnassius cephalus,ÔªÊ×¾îµû,,
116,Parnassius schulteri,Ê¦¹Å¾îµû,,
117,Parnassius maharajus,Âí¹ş¾îµû,,
118,Parnassius labeyriei,À¯±´¾îµû,,
119,Parnassius acco,°®çæ¾îµû,,
120,Parnassius hunningtoni,ºÕÄş¶Ù¾îµû,,
121,Parnassius przewalskii,ÆÕÊÏ¾îµû,,
122,Parnassius baileyi,°ÍÒá¾îµû,,
123,Parnassius acdestis,À¶¾«Áé¾îµû,,
124,Parnassius delphius,´äÈ¸¾îµû,,
125,Parnassius staudingeri,Î÷Úï¾îµû,,
126,Parnassius imperator,¾ıÖ÷¾îµû,,
127,Parnassius charltonius,æ±Í«¾îµû,,
128,Parnassius loxias,¿×È¸¾îµû,,
129,Parnassius tenedius,Î¢µã¾îµû,,
130,Parnassius simo,Î÷ºï¾îµû,,
131,Parnassius andreji,°²¶È¾îµû,,
132,Parnassius dongalaicus,Í¬ÂŞ¾îµû,,
133,Parnassius mercurius,·çÉñ¾îµû,,
134,Parnassius patricius,ÅÁÌØÁ¦¾îµû,,
135,Parnassius biamanensis,ÔÆÄÏ¾îµû,,
136,Parnassius augustus,,,
137,Parnassius huberi,,,
138,Parnassius hide,,,
139,Parnassius nosei,,,
140,Parnassius ruckbeili,,,
141,Catopsilia pomona,Ç¨·Ûµû,,
142,Catopsilia scylla,ïÓ»ÆÇ¨·Ûµû,,
143,Catopsilia pyranthe,Àæ»¨Ç¨·Ûµû,,
144,Catopsilia florella,Ëé°ßÇ¨·Ûµû,,
145,Dercas verhuelli,Ì´·½·Ûµû,,
146,Dercas lycorias,ºÚ½Ç·½·Ûµû,,
147,Dercas nina,³È³á·½·Ûµû,,
148,Colias erate,°ßÔµ¶¹·Ûµû,,
149,Colias poliographus,¶«ÑÇ¶¹·Ûµû,,
150,Colias erschoffi,»ÆÜÎ¶¹·Ûµû,,
151,Colias fieldii,³È»Æ¶¹·Ûµû,,
152,Colias palaeno,ºÚÔµ¶¹·Ûµû,,
153,Colias heos,ÀèÃ÷¶¹·Ûµû,,
154,Colias diva,Å®Éñ¶¹·Ûµû,,
155,Colias chrysotheme,ïÖ½ğ¶¹·Ûµû,,
156,Colias hyale,¶¹·Ûµû,,
157,Colias montium,É½¶¹·Ûµû,,
158,Colias berylla,ÓñÉ«¶¹·Ûµû,,
159,Colias nebulosa,÷ó¶¹·Ûµû,,
160,Colias arida,ºìºÚ¶¹·Ûµû,,
161,Colias adelaidae,°¢¶¹·Ûµû,,
162,Colias wanda,Íò´ï¶¹·Ûµû,,
163,Colias stoliczkana,Ë¹ÍĞ¶¹·Ûµû,,
164,Colias eogene,Êïºì¶¹·Ûµû,,
165,Colias grumi,¸ñÂ³¶¹·Ûµû,,
166,Colias sifanica,Î÷·¬¶¹·Ûµû,,
167,Colias aegidii,¶ı¶¹·Ûµû,,
168,Colias cocandica,Ğ¡¶¹·Ûµû,,
169,Colias tamerlana,ĞÂ½®¶¹·Ûµû,,
170,Colias tibetana,Î÷²Ø¶¹·Ûµû,,
171,Colias ladakensis,½ğ¶¹·Ûµû,,
172,Colias nina,ÄáÄÈ¶¹·Ûµû,,
173,Colias thrasibulus,ÓÂ¶¹·Ûµû,,
174,Colias felderi,·Æ¶ù¶¹·Ûµû,,
175,Colias lada,À­¶¹·Ûµû,,
176,Colias thisoa,É°¶¹·Ûµû,,
177,Colias staudingeri,Ç³³È¶¹·Ûµû,,
178,Colias tyche,ĞË°²¶¹·Ûµû,,
179,Colias viluiensis,±±Àè¶¹·Ûµû,,
180,Colias dubia,¶Å±È¶¹·Ûµû,,
181,Colias sieversi,Î÷èó¶¹·Ûµû,,
182,Eurema brigitta,ÎŞ±ê»Æ·Ûµû,,
183,Eurema laeta,¼â½Ç»Æ·Ûµû,,
184,Eurema hecabe,¿í±ß»Æ·Ûµû,,
185,Eurema mandarina,±±»Æ·Ûµû,,
186,Eurema blanda,éŞ»Æ·Ûµû,,
187,Eurema andersoni,°²µÏ»Æ·Ûµû,,
188,Eurema alitha,°²Àï»Æ·Ûµû,,
189,Eurema ada,Ã´ÃÃ»Æ·Ûµû,,
190,Gandaca harina,«\»Æ·Ûµû,,
191,Gonepteryx mahaguru,¼â¹³·Ûµû,,
192,Gonepteryx aspasia,µ­É«¹³·Ûµû,,
193,Gonepteryx taiwana,Ì¨Íå¹³·Ûµû,,
194,Gonepteryx maxima,´ó¹³·Ûµû,,
195,Gonepteryx rhamni,¹³·Ûµû,,
196,Gonepteryx amintha,Ô²³á¹³·Ûµû,,
197,Gonepteryx nepalensis,Äá²´¶û¹³·Ûµû,,
198,Ixias pyrene,³È·Ûµû,,
199,Delias pasithoe,±¨Ï²°ß·Ûµû,,
200,Delias acalis,ºìÒ¸°ß·Ûµû,,
201,Delias hyparete,ÓÅÔ½°ß·Ûµû,,
202,Delias lativitta,²àÌõ°ß·Ûµû,,
203,Delias subnubila,ÒşÌõ°ß·Ûµû,,
204,Delias belladonna,ÑŞ¸¾°ß·Ûµû,,
205,Delias sanaca,È÷Çà°ß·Ûµû,,
206,Delias berinda,±¶ÁÖ°ß·Ûµû,,
207,Delias agostina,°Â¹Å°ß·Ûµû,,
208,Delias patrua,ÄÚ»Æ°ß·Ûµû,,
209,Delias descombesi,Àö°ß·Ûµû,,
210,Delias levicki,Àõ°ß·Ûµû,,
211,Appias libythea,Àû±È¼â·Ûµû,,
212,Appias albina,°×³á¼â·Ûµû,,
213,Appias paulina,±¦Áá¼â·Ûµû,,
214,Appias indra,À×Õğ¼â·Ûµû,,
215,Appias lalage,À¼¼§¼â·Ûµû,,
216,Appias pandione,ÅÁµÛ¼â·Ûµû,,
217,Appias lalassis,À¼Î÷¼â·Ûµû,,
218,Appias galba,ºì³á¼â·Ûµû,Appias nero galba,
219,Appias lyncida,ÁéÆæ¼â·Ûµû,,
220,Prioneris clemanthe,ºì¼ç¾â·Ûµû,,
221,Prioneris thestylis,¾â·Ûµû,,
222,Aporia crataegi,¾î·Ûµû,,
223,Aporia hippia,Ğ¡ŞÁ¾î·Ûµû,,
224,Aporia bieti,°µÉ«¾î·Ûµû,,
225,Aporia martineti,Âí¶¡¾î·Ûµû,,
226,Aporia potanini,ÀÒÉ«¾î·Ûµû,,
227,Aporia genestieri,ÆÕÍ¨¾î·Ûµû,,
228,Aporia howarthi,µÈ¾à¾î·Ûµû,,
229,Aporia leucodice,ÖĞÑÇ¾î·Ûµû,,
230,Aporia procris,¼ıÎÆ¾î·Ûµû,,
231,Aporia uedai,ÉÏÌï¾î·Ûµû,,
232,Aporia lhamo,¹şÄ¬¾î·Ûµû,,
233,Aporia tsinglingica,ÇØÁë¾î·Ûµû,,
234,Aporia goutellei,¾âÎÆ¾î·Ûµû,,
235,Aporia bernardi,±´ÄÈ¾î·Ûµû,,
236,Aporia delavayi,Ñ¾ÎÆ¾î·Ûµû,,
237,Aporia largeteaui,´ó³á¾î·Ûµû,,
238,Aporia gigantea,¾Ş³á¾î·Ûµû,,
239,Aporia agathon,ÍêÉÆ¾î·Ûµû,,
240,Aporia lemoulti,»Æ³á¾î·Ûµû,,
241,Aporia oberthueri,°Â±¶¾î·Ûµû,,
242,Aporia hastata,â¬ĞÎ¾î·Ûµû,,
243,Aporia kamei,¹ê¾®¾î·Ûµû,,
244,Aporia nishimurai,Î÷´å¾î·Ûµû,,
245,Aporia acraea,ºÚ±ß¾î·Ûµû,,
246,Aporia tayiensis,´óÒØ¾î·Ûµû,,
247,Aporia harrietae,Àû¼ı¾î·Ûµû,,
248,Apoia monbeigi,ÃÉİí¾î·Ûµû,,
249,Aporia larraldei,Èı»Æ¾î·Ûµû,,
250,Aporia kanekoi,½ğ×Ó¾î·Ûµû,,
251,Mesapia peloria,ÃÃ·Ûµû,,
252,Cepora nerissa,ºÚÂöÔ°·Ûµû,,
253,Cepora nadina,ÇàÔ°·Ûµû,,
254,Cepora judith,»ÆÈ¹Ô°·Ûµû,,
255,Pieris brassicae,Å·ÖŞ·Ûµû,,
256,Pieris deota,°ßÔµ²Ë·Ûµû,,
257,Pieris rapae,²Ë·Ûµû,,
258,Pieris canidia,¶«·½²Ë·Ûµû,,
259,Pieris krueperi,¿ËÀ³·Ûµû,,
260,Pieris extensa,´óÕ¹·Ûµû,,
261,Pieris napi,°µÂö²Ë·Ûµû,,
262,Pieris dulcinea,,,
263,Pieris erutae,,,
264,Pieris latouchei,,,
265,Pieris steinigeri,Ë¹Ì¹·Ûµû,,
266,Pieris melete,ºÚÎÆ·Ûµû,,
267,Pieris melaina,ºÚ±ß·Ûµû,,
268,Pieris dubernardi,¶Å±´·Ûµû,,
269,Pieris wangi,ÍõÊÏ·Ûµû,,
270,Pieris chumbiensis,´ºØ§·Ûµû,,
271,Pieris kozlovi,¿â´Ä·Ûµû,,
272,Pieris rothschildi,Ù¼Ë¼·Ûµû,,
273,Pieris aljinensis,°¢¶û½ğ·Ûµû,,
274,Pieris davidis,´óÎÀ·Ûµû,,
275,Pieris venata,Î¬ÄÉ·Ûµû,,
276,Pieris shangrilla,Ïã¸ñÀïÀ­·Ûµû,,
277,Pontia chloridice,ÂÌÔÆ·Ûµû,,
278,Pontia daplidice,ÔÆ·Ûµû,,
279,Pontia callidice,¼ıÎÆÔÆ·Ûµû,,
280,Talbotia naganum,·ÉÁú·Ûµû,,
281,Baltia shawii,É¯Ùª·Ûµû,,
282,Baltia butleri,Ùª·Ûµû,,
283,Leptosia nina,ÏË·Ûµû,,
284,Hebomoia glaucippe,º×¶¥·Ûµû,,
285,Pareronia valeria,Çà·Ûµû,,
286,Anthocharis scolymus,»Æ¼â½ó·Ûµû,,
287,Anthocharis bieti,Æ¤ÊÏ¼â½ó·Ûµû,,
288,Anthocharis cardamines,ºì½ó·Ûµû,,
289,Anthocharis bambusarum,³È³á½ó·Ûµû,,
290,Anthocharis thibetana,²Ø½ó·Ûµû,,
291,Zegris eupheme,Å·Ã¼·Ûµû,,
292,Zegris pyrothoe,³àÃ¼·Ûµû,,
293,Euchloe creusa,¶«·½ÈÙ·Ûµû,,
294,Leptidea amurensis,Í»½ÇĞ¡·Ûµû,,
295,Leptidea serrata,¾âÎÆĞ¡·Ûµû,,
296,Leptidea morsei,ÄªÊÏĞ¡·Ûµû,,
297,Leptidea sinapis,ÌõÎÆĞ¡·Ûµû,,
298,Leptidea gigantea,Ô²³áĞ¡·Ûµû,,
299,Leptidea lactea,ÈéÉ«Ğ¡·Ûµû,,
300,Melanitis leda,ÄºÑÛµû,,
301,Melanitis phedima,íûÄºÑÛµû,,
302,Melanitis zitenius,»Æ´øÄºÑÛµû,,
303,Cyllogenes maculata,ÎÛ°ßÑÛµû,,
304,Cyllogenes suradeva,,,
305,Cyllogenes janetae,,,
306,Lethe dura,÷ìÑÛµû,,
307,Lethe moupinensis,Ä¾Æº÷ìÑÛµû,,
308,Lethe sura,ËØÀ­÷ìÑÛµû,,
309,Lethe kansa,¸ÊÈø÷ìÑÛµû,,
310,Lethe sinorix,¼âÎ²÷ìÑÛµû,,
311,Lethe mataja,ÂíÌ«÷ìÑÛµû,,
312,Lethe europa,³¤ÎÆ÷ìÑÛµû,,
313,Lethe rohria,²¨ÎÆ÷ìÑÛµû,,
314,Lethe jalaurida,Ğ¡ÔÆ°ß÷ìÑÛµû,,
315,Lethe nosei,Ò°äş÷ìÑÛµû,,
316,Lethe moelleri,Ã×ÀÕ÷ìÑÛµû,,
317,Lethe chandica,ÇúÎÆ÷ìÑÛµû,,
318,Lethe mekara,ÈıĞ¨÷ìÑÛµû,,
319,Lethe confusa,°×´ø÷ìÑÛµû,,
320,Lethe verma,Óñ´ø÷ìÑÛµû,,
321,Lethe violaceopicta,×ÏÏß÷ìÑÛµû,,
322,Lethe visrava,°×È¹÷ìÑÛµû,,
323,Lethe siderea,Ï¸÷ìÑÛµû,,
324,Lethe maitrya,ÃÔÎÆ÷ìÑÛµû,,
325,Lethe sidonis,Î÷á¼÷ìÑÛµû,,
326,Lethe cybele,Ê¥Ä¸÷ìÑÛµû,,
327,Lethe monolifera,ÖéÁ¬÷ìÑÛµû,,
328,Lethe manzora,ÃÅ×ó÷ìÑÛµû,,
329,Lethe gemina,ÂÏ°ß÷ìÑÛµû,,
330,Lethe inomatai,ËÄ´¨÷ìÑÛµû,,
331,Lethe syrcis,Á¬ÎÆ÷ìÑÛµû,,
332,Lethe cyrene,ÆæÎÆ÷ìÑÛµû,,
333,Lethe sicelides,¿µ¶¨÷ìÑÛµû,,
334,Lethe gracilis,ÏËÏ¸÷ìÑÛµû,,
335,Lethe procne,²Ê°ß÷ìÑÛµû,,
336,Lethe helle,Ã÷´ø÷ìÑÛµû,,
337,Lethe uemurai,¶ò÷ìÑÛµû,,
338,Lethe leei,ÀîÊÏ÷ìÑÛµû,,
339,Lethe nigrifascia,ºÚ´ø÷ìÑÛµû,,
340,Lethe liyufeii,Ï¸ºÚ´ø÷ìÑÛµû,,
341,Lethe armandina,ÖĞ»ª÷ìÑÛµû,,
342,Lethe shirozui,°×Ë®÷ìÑÛµû,,
343,Lethe ocellata,Ğ¡È¦÷ìÑÛµû,,
344,Lethe labyrinthea,ó´ÎÆ÷ìÑÛµû,,
345,Lethe yantra,åû÷ìÑÛµû,,
346,Lethe yoshikoae,,,
347,Lethe goalpara,¸ßÅÁ÷ìÑÛµû,,
348,Lethe niitakana,ÓñÉ½÷ìÑÛµû,,
349,Lethe albolineata,°×Ìõ÷ìÑÛµû,,
350,Lethe andersoni,°²Í½Éú÷ìÑÛµû,,
351,Lethe hayashii,¶õÉÂ÷ìÑÛµû,,
352,Lethe luteofasciata,»Æ´ø÷ìÑÛµû,,
353,Lethe argentata,ÒøÏß÷ìÑÛµû,,
354,Lethe yunnana,ÔÆÄÏ÷ìÑÛµû,,
355,Lethe baladeva,Î÷²Ø÷ìÑÛµû,,
356,Lethe ramadeva,ÒøÎÆ÷ìÑÛµû,,
357,Lethe christophi,×ØºÖ÷ìÑÛµû,,
358,Lethe camilla,¿¨Ã×À­÷ìÑÛµû,,
359,Lethe privigna,ÆÕÀï÷ìÑÛµû,,
360,Lethe insana,ÉîÉ½÷ìÑÛµû,,
361,Lethe baucis,»ªÎ÷÷ìÑÛµû,,
362,Lethe serbonis,»ªÉ½÷ìÑÛµû,,
363,Lethe laodamia,ÂŞµ¤÷ìÑÛµû,,
364,Lethe titania,Ì©æ§÷ìÑÛµû,,
365,Lethe vindhya,ÎÄæ·÷ìÑÛµû,,
366,Lethe diana,Ì¦ÄÈ÷ìÑÛµû,,
367,Lethe hecate,ÏßÎÆ÷ìÑÛµû,,
368,Lethe marginalis,±ßÎÆ÷ìÑÛµû,,
369,Lethe lanaris,Ö±´ø÷ìÑÛµû,,
370,Lethe helena,¿í´ø÷ìÑÛµû,,
371,Lethe oculatissima,°ËÄ¿÷ìÑÛµû,,
372,Lethe butleri,Ô²³á÷ìÑÛµû,,
373,Lethe satyrina,ÉßÉñ÷ìÑÛµû,,
374,Lethe trimacula,ÖØÍ«÷ìÑÛµû,,
375,Lethe proxima,±ÈÄ¿÷ìÑÛµû,,
376,Lethe umedai,,,
377,Lethe latiaris,²à´ø÷ìÑÛµû,,
378,Lethe guansia,,,
379,Lethe baileyi,±´Àû÷ìÑÛµû,,
380,Lethe bhairava,ÅÁÀ­÷ìÑÛµû,,
381,Lethe bitaensis,,,
382,Lethe kanjupkula,,,
383,Lethe liae,,,
384,Lethe lisuae,,,
385,Lethe wui,ÎâÊÏ÷ìÑÛµû,,
386,Lethe kouleikouzana,,,
387,Lethe neofasciata,ĞÂ´ø÷ìÑÛµû,,
388,Lethe baoshana,±¦É½÷ìÑÛµû,,
389,Lethe minerva,Ã×ÎÆ÷ìÑÛµû,,
390,Lethe distans,ÕäÏ¡÷ìÑÛµû,,
391,Lethe gulnihal,¹ÌÄä÷ìÑÛµû,,
392,Lethe margaritae,ÕäÖé÷ìÑÛµû,,
393,Lethe paraprocne,,,
394,Lethe yuemingae,,,
395,Lethe berdievi,,,
396,Neope bhadra,ÅÁµÂÀ­ÒñÑÛµû,,
397,Neope armandii,°¢Ã¢ÒñÑÛµû,,
398,Neope lacticolora,ÈéÉ«ÒñÑÛµû,,
399,Neope pulaha,»Æ°ßÒñÑÛµû,,
400,Neope pulahoides,ºÚ°ßÒñÑÛµû,,
401,Neope bremeri,²¼À³ÒñÑÛµû,,
402,Neope agrestis,ÌïÔ°ÒñÑÛµû,,
403,Neope christi,ÍøÎÆÒñÑÛµû,,
404,Neope simulans,ÄâÍøÎÆÒñÑÛµû,,
405,Neope dejeani,µÂÏéÒñÑÛµû,,
406,Neope muirheadii,ÃÉÁ´ÒñÑÛµû,,
407,Neope yama,Ë¿Á´ÒñÑÛµû,,
408,Neope oberthueri,°ÂÒñÑÛµû,,
409,Neope ramosa,´ó°ßÒñÑÛµû,,
410,Neope shirozui,ËÄ´¨ÒñÑÛµû,,
411,Neope contrast,»ÆÒñÑÛµû,,
412,Neope chayuensis,²ìÓçÒñÑÛµû,,
413,Neope serica,,,
414,Neope pulahina,,,
415,Ninguta schrenkii,ÄşÑÛµû,,
416,Mandarinia regalis,À¶°ßÀöÑÛµû,,
417,Mandarinia uemurai,Ğ±°ßÀöÑÛµû,,
418,Rhaphicera dumicola,ÍøÑÛµû,,
419,Rhaphicera satricus,»ÆÍøÑÛµû,,
420,Rhaphicera moorei,,,
421,Orinoma damaris,ÔÀÑÛµû,,
422,Orinoma alba,°×ÎÆÔÀÑÛµû,,
423,Nosea hainanensis,±ªÑÛµû,,
424,Chonala praeusta,×Ø´øÑÛµû,,
425,Chonala episcopalis,´øÑÛµû,,
426,Chonala masoni,ÂíÉ­´øÑÛµû,,
427,Chonala miyatai,ÃÔ´øÑÛµû,,
428,Chonala yunnana,ÔÆÄÏ´øÑÛµû,,
429,Chonala irene,,,
430,Chonala laurae,,,
431,Tatinga tibetana,²ØÑÛµû,,
432,Lopinga achine,»Æ»·Á´ÑÛµû,,
433,Lopinga dumetora,´ÔÁÖÁ´ÑÛµû,,
434,Lopinga nemorum,Ğ¡Á´ÑÛµû,,
435,Lopinga eckweileri,,,
436,Lopinga catena,,,
437,Lopinga gerdae,,,
438,Lopinga fulvescens,½ğÉ«Á´ÑÛµû,,
439,Lasiommata eversmanni,»Æ³áÃ«ÑÛµû,,
440,Lasiommata minuscula,Ğ¡Ã«ÑÛµû,,
441,Lasiommata majuscula,´óÃ«ÑÛµû,,
442,Lasiommata deidamia,¶·Ã«ÑÛµû,,
443,Lasiommata maera,ÂêÃ«ÑÛµû,,
444,Lasiommata kasumi,îøÃ«ÑÛµû,,
445,Kirinia epaminondas,¶àÑÛµû,,
446,Kirinia epimenides,µ­É«¶àÑÛµû,,
447,Kirinia eversmanni,,,
448,Orsotriaena medus,°ÂÑÛµû,,
449,Mycalesis mineus,Ğ¡Ã¼ÑÛµû,,
450,Mycalesis gotama,µ¾Ã¼ÑÛµû,,
451,Mycalesis sangaica,É®ôÂÃ¼ÑÛµû,,
452,Mycalesis perseus,ÅáË¹Ã¼ÑÛµû,,
453,Mycalesis francisca,Äâµ¾Ã¼ÑÛµû,,
454,Mycalesis intermedia,ÖĞ½éÃ¼ÑÛµû,,
455,Mycalesis panthaka,Æ½¶¥Ã¼ÑÛµû,,
456,Mycalesis lepcha,çó°ÍÃ¼ÑÛµû,,
457,Mycalesis anaxias,¾ıÖ÷Ã¼ÑÛµû,,
458,Mycalesis misenus,ÃÜÉ´Ã¼ÑÛµû,,
459,Mycalesis mamerta,´óÀíÊ¯Ã¼ÑÛµû,,
460,Mycalesis unica,ºÖÃ¼ÑÛµû,,
461,Mycalesis suavolens,Ô²³áÃ¼ÑÛµû,,
462,Penthema adelma,°×°ßÑÛµû,,
463,Penthema formosana,Ì¨Íå°ßÑÛµû,,
464,Penthema darlisa,²ÊÉÑ°ßÑÛµû,,
465,Penthema lisarda,º£ÄÏ°ßÑÛµû,,
466,Callarge sagitta,¼ıÎÆ·ÛÑÛµû,,
467,Neorina patria,·ïÑÛµû,,
468,Neorina hilda,»Æ´ø·ïÑÛµû,,
469,Neorina neosinica,ĞÂ»ª·ïÑÛµû,,
470,Ethope henrici,ºÚÑÛµû,,
471,Ethope noirei,°×½óºÚÑÛµû,,
472,Ethope himachala,Ö¸ÃûºÚÑÛµû,,
473,Elymnias nesaea,ÁúÅ®¾âÑÛµû,,
474,Elymnias malelas,ÉÁ×Ï¾âÑÛµû,,
475,Elymnias hypermnestra,´äĞä¾âÑÛµû,,
476,Elymnias vacudeva,ËØÈ¹¾âÑÛµû,,
477,Elymnias patna,ÊèĞÇ¾âÑÛµû,,
478,Coelites nothis,À¶ñ·ÑÛµû,,
479,Ragadia crisilda,çéÑÛµû,,
480,Ragadia crito,ÄÏÑÇçéÑÛµû,,
481,Acropolis thalia,µßÑÛµû,,
482,Melanargia russiae,¶íÂŞË¹°×ÑÛµû,,
483,Melanargia halimede,°×ÑÛµû,,
484,Melanargia leda,»ªÎ÷°×ÑÛµû,,
485,Melanargia ganymedes,¸Ê²Ø°×ÑÛµû,,
486,Melanargia lugens,ºÚÉ´°×ÑÛµû,,
487,Melanargia asiatica,ÑÇÖŞ°×ÑÛµû,,
488,Melanargia epimede,»ª±±°×ÑÛµû,,
489,Melanargia meridionalis,ÂüÀö°×ÑÛµû,,
490,Melanargia montana,É½µØ°×ÑÛµû,,
491,Hyponephele interposita,¾Ó¼äÔÆÑÛµû,,
492,Hyponephele lupinus,»Æ³ÄÔÆÑÛµû,,
493,Hyponephele dysdora,Î÷·½ÔÆÑÛµû,,
494,Hyponephele lycaon,ÔÆÑÛµû,,
495,Hyponephele huebneri,ºúÔÆÑÛµû,,
496,Hyponephele naricina,ÄÈÀïÔÆÑÛµû,,
497,Hyponephele caducina,¿¨¶¼»ÆÔÆÑÛµû,,
498,Hyponephele kirghisa,¼ª¶ûÔÆÑÛµû,,
499,Hyponephele naubidensis,ÀÍ±ËÔÆÑÛµû,,
500,Hyponephele sifanica,,,
501,Satyrus ferula,ĞşÉÑÑÛµû,,
502,Satyrus parisatis,±ßÑÛµû,,
503,Minois dryas,ÉßÑÛµû,,
504,Minois nagasawae,ÓÀÔóÉßÑÛµû,,
505,Minois aurata,¸ßÉ½ÉßÑÛµû,,
506,Minois paupera,ÒìµãÉßÑÛµû,,
507,Paroeneis palaearctica,¹Å±±Äâ¾ÆÑÛµû,,
508,Paroeneis sikkimensis,Îı½ğÄâ¾ÆÑÛµû,,
509,Paroeneis pumilus,Äâ¾ÆÑÛµû,,
510,Paroeneis bicolor,Ë«É«Äâ¾ÆÑÛµû,,
511,Paroeneis parapumilus,²à¹âÄâ¾ÆÑÛµû,,
512,Paroeneis grandis,´óÄâ¾ÆÑÛµû,,
513,Karanasa regeli,éÂÑÛµû,,
514,Karanasa latifasciata,²àÌõéÂÑÛµû,,
515,Pseudochazara hippolyte,ÊÙÑÛµû,,
516,Pseudochazara baldiva,Ë«ĞÇÊÙÑÛµû,,
517,Pseudochazara turkestana,Í»ØÊÊÙÑÛµû,,
518,Eumenis autonoe,ÈÊÑÛµû,,
519,Chazara anthe,»¨ÑÒÑÛµû,,
520,Chazara heydenreichii,°×ÊÒÑÒÑÛµû,,
521,Chazara briseis,°Ë×ÖÑÒÑÛµû,,
522,Aulocera padma,´óĞÍÁÖÑÛµû,,
523,Aulocera loha,ÂŞ¹şÁÖÑÛµû,,
524,Aulocera merlina,Ï¸Ã¼ÁÖÑÛµû,,
525,Aulocera magica,ËÄÉäÁÖÑÛµû,,
526,Aulocera sybillina,Ğ¡ĞÍÁÖÑÛµû,,
527,Aulocera brahminus,ÁÖÑÛµû,,
528,Aulocera lativitta,°ôÎÆÁÖÑÛµû,,
529,Aulocera saraswati,ºÚ´øÁÖÑÛµû,,
530,Aulocera ellenae,,,
531,Aulocera koiwayai,,,
532,Davidina armandi,¾îÑÛµû,,
533,Davidina alticola,ºÚ¾îÑÛµû,,
534,Ypthima balda,ÛÇÑÛµû,,
535,Ypthima zodia,×¿ÛÇÑÛµû,,
536,Ypthima conjuncta,ÓÄÛÇÑÛµû,,
537,Ypthima formosana,Ì¨ÍåÛÇÑÛµû,,
538,Ypthima yamanakai,É½ÖĞÛÇÑÛµû,,
539,Ypthima lisandra,ÀèÉ£ÛÇÑÛµû,,
540,Ypthima medusa,Ä§Å®ÛÇÑÛµû,,
541,Ypthima sakra,Á¬°ßÛÇÑÛµû,,
542,Ypthima nikaea,ÈÚ°ßÛÇÑÛµû,,
543,Ypthima tappana,´ó²¨ÛÇÑÛµû,,
544,Ypthima praenubila,Ç°ÎíÛÇÑÛµû,,
545,Ypthima ciris,ğØÛÇÑÛµû,,
546,Ypthima perfecta,ÍêèµÛÇÑÛµû,,
547,Ypthima esakii,½­ÆéÛÇÑÛµû,,
548,Ypthima chinensis,ÖĞ»ªÛÇÑÛµû,,
549,Ypthima nareda,Ğ¡ÛÇÑÛµû,,
550,Ypthima iris,ºçÛÇÑÛµû,,
551,Ypthima multistriata,ÃÜÎÆÛÇÑÛµû,,
552,Ypthima dromon,ÖØ¹âÛÇÑÛµû,,
553,Ypthima megalomma,ÂÒÔÆÛÇÑÛµû,,
554,Ypthima motschulskyi,¶«ÑÇÛÇÑÛµû,,
555,Ypthima melli,ÂõÊ½ÛÇÑÛµû,,
556,Ypthima argus,¶«±±ÛÇÑÛµû,,
557,Ypthima insolita,²»¹ÂÛÇÑÛµû,,
558,Ypthima asterope,ÈıĞÇÛÇÑÛµû,,
559,Ypthima yangjiahei,Ñî¼ÒºÓÛÇÑÛµû,,
560,Ypthima dengae,µÇ¸ÂÛÇÑÛµû,,
561,Ypthima pemakoi,ÅåÂêÛÇÑÛµû,,
562,Ypthima confusa,»ìÍ¬ÛÇÑÛµû,,
563,Ypthima sinica,ÉñÖİÛÇÑÛµû,,
564,Ypthima tiani,ÌïÊÏÛÇÑÛµû,,
565,Ypthima albipuncta,°×°ßÛÇÑÛµû,,
566,Ypthima methorina,Ã×¶âÛÇÑÛµû,,
567,Ypthima parasakra,²à°ßÛÇÑÛµû,,
568,Ypthima savara,»Ò°×ÛÇÑÛµû,,
569,Ypthima similis,Ó¡¶ÈÛÇÑÛµû,,
570,Ypthima sobrina,Ë÷²£ÛÇÑÛµû,,
571,Ypthima wangi,ÍõÊÏÛÇÑÛµû,,
572,Ypthima beautei,ÃÀÀöÛÇÑÛµû,,
573,Ypthima akragas,,,
574,Ypthima pseudodromon,,,
575,Ypthima akbar,,,
576,Ypthima putamdui,,,
577,Ypthima baileyi,,,
578,Ypthima frontierii,,,
579,Ypthima yoshinobui,,,
580,Ypthima lihongxingi,,,
581,Ypthima phania,,,
582,Ypthima muotuoensis,,,
583,Ypthima pseudosakra,,,
584,Ypthima uemuraiana,,,
585,Ypthima microphthalma,,,
586,Ypthima angustipennis,,,
587,Ypthima wenlungi,,,
588,Ypthima eckweileri,,,
589,Ypthima kitawakii,,,
590,Ypthima prattii,,,
591,Ypthima phania,,,
592,Palaeonympha opalina,¹ÅÑÛµû,,
593,Callerebia suroia,´óÑŞÑÛµû,,
594,Callerebia polyphemus,¶à°ßÑŞÑÛµû,,
595,Callerebia baileyi,°×±ßÑŞÑÛµû,,
596,Callerebia hybrida,ÔÓÑŞÑÛµû,,
597,Callerebia ulfi,,,
598,Loxerebia saxicola,°×Í«Ë´ÑÛµû,,
599,Loxerebia pratorum,²İÔ­Ë´ÑÛµû,,
600,Loxerebia martyr,ºÚË´ÑÛµû,,
601,Loxerebia carola,Ê®Ä¿Ë´ÑÛµû,,
602,Loxerebia sylvicola,ÁÖÇøË´ÑÛµû,,
603,Loxerebia albipuncta,°×µãË´ÑÛµû,,
604,Loxerebia megalops,¾Ş¾¦Ë´ÑÛµû,,
605,Loxerebia bocki,¶àÀáË´ÑÛµû,,
606,Loxerebia zhongdianensis,ÖĞµéË´ÑÛµû,,
607,Loxerebia lianhuanensis,Ë«ÁªË´ÑÛµû,,
608,Loxerebia phyllis,ÀöË´ÑÛµû,,
609,Loxerebia yphtimoides,ÔÆÄÏË´ÑÛµû,,
610,Loxerebia innupta,»Æ´øË´ÑÛµû,,
611,Loxerebia yukikoae,,,
612,Loxerebia pieli,,,
613,Loxerebia loczyi,,,
614,Hemadara delavayi,ºá²¨Ë´ÑÛµû,Loxerebia delavayi,
615,Hemadara ruricola,´¹ÀáË´ÑÛµû,Loxerebia ruricola,
616,Hemadara narasingha,,,
617,Hemadara minorata,,,
618,Hemadara albiligata,,,
619,Hemadara rurigena,Ô²¾¦Ë´ÑÛµû,Loxerebia rurigena,
620,Hemadara seitzi,Èü×ÈË´ÑÛµû,Loxerebia seitzi,
621,Proterebia afra,Ô­ºìÑÛµû,,
622,Eugrumia herse,¶ú»·É½ÑÛµû,Paralasa herse,
623,Eugrumia koenigi,,,
624,Eugrumia discalis,,,
625,Argestina pomena,Æ»É«Ã÷íøÑÛµû,,
626,Argestina inconstans,ºìÈ¹±ßÃ÷íøÑÛµû,,
627,Argestina karta,ºÚÃ÷íøÑÛµû,,
628,Argestina waltoni,Ã÷íøÑÛµû,,
629,Paralasa hades,¹şµÂÉ½ÑÛµû,,
630,Paralasa kalinda,¿¦Ê²É½ÑÛµû,,
631,Paralasa zhongdianensis,ÖĞµéÉ½ÑÛµû,,
632,Paralasa nitida,µ¥Í«É½ÑÛµû,Argestina nitida,
633,Paralasa phantasta,´óÉ½ÑÛµû,Argestina phantasta,
634,Sinonympha avinoffi,»ªÑÛµû,Sinonympha amoena,
635,Boeberia parmenio,±´ÑÛµû,,
636,Oeneis urda,¾ÆÑÛµû,,
637,Oeneis nanna,ÄÈÄÈ¾ÆÑÛµû,,
638,Oeneis buddha,ÆĞÈø¾ÆÑÛµû,,
639,Oeneis mongolica,ÃÉ¹Å¾ÆÑÛµû,,
640,Oeneis jutta,Öé¾ÆÑÛµû,,
641,Oeneis melissa,µ­¾ÆÑÛµû,,
642,Oeneis peartiae,ÎŞ¾ÆÑÛµû,,
643,Oeneis norna,Å¨¾ÆÑÛµû,,
644,Coenonympha amaryllis,ÄÁÅ®ÕäÑÛµû,,
645,Coenonympha oedippus,°®ÕäÑÛµû,,
646,Coenonympha pamphilus,ÅË·ÇÕäÑÛµû,,
647,Coenonympha sunbecca,ÂÌ°ßÕäÑÛµû,,
648,Coenonympha semenovi,Î÷ÃÅÕäÑÛµû,,
649,Coenonympha hero,Ó¢ĞÛÕäÑÛµû,,
650,Coenonympha arcania,Òş²ØÕäÑÛµû,,
651,Coenonympha tydeus,µÒÌ©ÕäÑÛµû,,
652,Coenonympha sinica,ÖĞ»ªÕäÑÛµû,,
653,Coenonympha glycerion,ÓÍÇìÕäÑÛµû,,
654,Lyela myops,ºìÂ³ÑÛµû,,
655,Aphantopus hyperantus,°¢·ÒÑÛµû,,
656,Aphantopus arvensis,´ó°ß°¢·ÒÑÛµû,,
657,Aphantopus maculosa,¶à°ß°¢·ÒÑÛµû,,
658,Triphysa phryne,ó¸ÑÛµû,,
659,Triphysa dohrnii,Òøó¸ÑÛµû,,
660,Triphysa nervosa,ĞË°²ó¸ÑÛµû,,
661,Erebia alcmena,ºìÑÛµû,,
662,Erebia neriene,°µºìÑÛµû,,
663,Erebia ligea,²¨³áºìÑÛµû,,
664,Erebia theano,õ¢ºìÑÛµû,,
665,Erebia turanica,Í¼À¼ºìÑÛµû,,
666,Erebia sibo,Î÷±¦ºìÑÛµû,,
667,Erebia kalmuka,°×³ÄñÊºìÑÛµû,,
668,Erebia cyclopia,»Æ¿ôºìÑÛµû,,
669,Erebia wanga,°×µãºìÑÛµû,,
670,Erebia atramentaria,°¢ºìÑÛµû,,
671,Erebia tsengelensis,,,
672,Erebia tristior,,,
673,Atercoloratus alini,äÖºÚÑÛµû,,
674,Zipaetis unipupillata,×ÊÑÛµû,,
675,Zipaetis scylax,ç²°ßÑÛµû,,
676,Arethusana arethusa,°¢ÀÕÑÛµû,,
677,Libythea lepita,ÆÓà¹µû,,
678,Libythea myrrha,°ôÎÆà¹µû,,
679,Libythea geoffroyi,×Ïà¹µû,,
680,Danaus chrysippus,½ğ°ßµû,,
681,Danaus genutia,»¢°ßµû,,
682,Tirumala limniace,Çà°ßµû,,
683,Tirumala gautama,æéÎÆÇà°ßµû,,
684,Tirumala septentrionis,ØÄÇà°ßµû,,
685,Parantica sita,´ó¾î°ßµû,,
686,Parantica pedonga,Î÷²Ø¾î°ßµû,,
687,Parantica melanea,ºÚ¾î°ßµû,,
688,Parantica swinhoei,Ë¹ÊÏ¾î°ßµû,,
689,Parantica aglea,¾î°ßµû,,
690,Ideopsis vulgaris,ì½°ßµû,,
691,Ideopsis similis,Äâì½°ßµû,,
692,Idea leuconoe,´ó²¯°ßµû,,
693,Euploea midamus,À¶µã×Ï°ßµû,,
694,Euploea core,»Ã×Ï°ßµû,,
695,Euploea eunice,ºÚ×Ï°ßµû,,
696,Euploea sylvester,Ë«±ê×Ï°ßµû,,
697,Euploea tulliola,¶ÊÀö×Ï°ßµû,,
698,Euploea mulciber,ÒìĞÍ×Ï°ßµû,,
699,Euploea algea,Àä×Ï°ßµû,,
700,Euploea klugii,Ä¬×Ï°ßµû,,
701,Euploea radamantha,°×±Ú×Ï°ßµû,,
702,Calinaga davidis,´óÎÀ¾îòÌµû,,
703,Calinaga buddha,¾îòÌµû,,
704,Calinaga lhatso,ºÚ¾îòÌµû,,
705,Calinaga sudassana,´ó¾îòÌµû,,
706,Calinaga aborica,°¢²¨¾îòÌµû,,
707,Calinaga funebris,,,
708,Discophora sondaica,·ïÑÛ·½»·µû,,
709,Discophora timora,¾ª¿Ö·½»·µû,,
710,Enispe lunatum,ÔÂÎÆ¾Ø»·µû,,
711,Enispe cycnus,À¶´ø¾Ø»·µû,,
712,Enispe euthymius,¾Ø»·µû,,
713,Thaumantis diores,×Ï°ß»·µû,,
714,Thaumantis hainana,º£ÄÏ×Ï°ß»·µû,,
715,Amathuxidia morishitai,É­ÏÂ½»Âö»·µû,Amathuxidia amythaon morishitai,
716,Thauria lathyi,Ğ±´ø»·µû,,
717,Aemona amathusia,ÎÆ»·µû,,
718,Aemona lena,¼â³áÎÆ»·µû,,
719,Aemona oberthueri,°Â±¶ÎÆ»·µû,,
720,Stichophthalma howqua,¼ı»·µû,,
721,Stichophthalma suffusa,»ªÎ÷¼ı»·µû,,
722,Stichophthalma neumogeni,Ë«ĞÇ¼ı»·µû,,
723,Stichophthalma louisa,°×Ğä¼ı»·µû,,
724,Stichophthalma fruhstorferi,°×¶µ¼ı»·µû,,
725,Stichophthalma nourmahal,ĞÄ°ß¼ı»·µû,,
726,Stichophthalma le,Àè¼ı»·µû,,
727,Stichophthalma sparta,Ë¹°Í´ï¼ı»·µû,,
728,Stichophthalma camadeva,Ï²Âí¼ı»·µû,,
729,Faunis eumeus,´®Öé»·µû,,
730,Faunis aerope,»Ò³á´®Öé»·µû,,
731,Faunis canens,ºÖ´®Öé»·µû,,
732,Acraea issoria,ÜÑÂéÕäµû,,
733,Acraea violae,°ßÕäµû,,
734,Cethosia biblis,ºì¾âòÌµû,,
735,Cethosia cyane,°×´ø¾âòÌµû,,
736,Vindula erota,ÎÄòÌµû,,
737,Vagrans egista,²ÊòÌµû,,
738,Terinos atlita,¹³³áÌûòÌµû,,
739,Cupha erymanthis,»Æ½óòÌµû,,
740,Phalanta phalantha,·©òÌµû,,
741,Phalanta alcippe,ºÚÔµ·©òÌµû,,
742,Cirrochroa aoris,ê¤òÌµû,,
743,Cirrochroa tyche,ĞÒÔËê¤òÌµû,,
744,Paduca fasciata,çêòÌµû,,
745,Argynnis paphia,ÂÌ±ªòÌµû,,
746,Argynnis hyperbius,ì³±ªòÌµû,Argyreus hyperbius,
747,Argynnis anadyomene,ÔÆ±ªòÌµû,Nephargynnis anadyomene,
748,Argynnis sagana,Çà±ªòÌµû,Damora sagana,
749,Argynnis laodice,ÀÏ±ªòÌµû,Argyronome laodice,
750,Argynnis ruslana,ºìÀÏ±ªòÌµû,Argyronome ruslana,
751,Argynnis pandora,ÅË±ªòÌµû,Pandoriana pandora,
752,Argynnis childreni,Òø±ªòÌµû,Childrena childreni,
753,Argynnis zenobia,ÇúÎÆÒø±ªòÌµû,Childrena zenobia,
754,Argynnis nerippe,ó¸¸£òÌµû,Fabriciana nerippe,
755,Argynnis niobe,¸£òÌµû,Fabriciana niobe,
756,Argynnis xipe,¶«ÑÇ¸£±ªòÌµû,Fabriciana xipe,
757,Argynnis ornatissima,»ªÎ÷¸£±ªòÌµû,,
758,Argynnis adippe,²Ó¸£òÌµû,Fabriciana adippe,
759,Argynnis aglaja,Òø°ß±ªòÌµû,Speyeria aglaja,
760,Argynnis clara,Ã¾°ß±ªòÌµû,Speyeria clara,
761,Issoria eugenia,Çú°ßÖéòÌµû,,
762,Issoria lathonia,ÖéòÌµû,,
763,Issoria gemmata,Î÷²ØÖéòÌµû,,
764,Issoria altissima,¸ßÌáÖéòÌµû,,
765,Brenthis hecate,Å·ÖŞĞ¡±ªòÌµû,,
766,Brenthis daphne,Ğ¡±ªòÌµû,,
767,Brenthis ino,ÒÁÅµĞ¡±ªòÌµû,,
768,Clossiana gong,ÕäòÌµû,,
769,Clossiana selene,±±ÀäÕäòÌµû,,
770,Clossiana perryi,¶«±±ÕäòÌµû,,
771,Clossiana selenis,Î÷ÀäÕäòÌµû,,
772,Clossiana dia,Å®ÉñÕäòÌµû,,
773,Clossiana freija,·ğÕäòÌµû,,
774,Clossiana erubescens,°¬Â³ÕäòÌµû,,
775,Clossiana euphrosyne,ÂÑÕäòÌµû,,
776,Clossiana iphigenia,ÑÏÕäòÌµû,,
777,Clossiana angarensis,°²¸ñ¶ûÕäòÌµû,,
778,Clossiana thore,Í¨ÕäòÌµû,,
779,Clossiana oscarus,±±¹úÕäòÌµû,,
780,Clossiana titania,ÌáÕäòÌµû,,
781,Clossiana erda,°£ÕäòÌµû,,
782,Proclossiana eunomia,²¬òÌµû,,
783,Boloria generator,Ï¥±¦òÌµû,,
784,Boloria sifanica,Ï¸±¦òÌµû,,
785,Boloria altaica,°¢¶ûÌ©±¦òÌµû,,
786,Boloria sipora,ÖĞÑÇ±¦òÌµû,,
787,Boloria palina,»ªÎ÷±¦òÌµû,,
788,Boloria eupales,Î÷²Ø±¦òÌµû,,
789,Kallima inachus,¿İÒ¶òÌµû,,
790,Kallima alicia,º£ÄÏ¿İÒ¶òÌµû,,
791,Kallima limborgii,Äâ¿İÒ¶òÌµû,,
792,Kallima alompra,À¶´ø¿İÒ¶òÌµû,,
793,Doleschallia bisaltide,ó¼Ò¶òÌµû,,
794,Yoma sabina,ÑşòÌµû,,
795,Hypolimnas missipus,½ğ°ßòÌµû,,
796,Hypolimnas bolina,»Ã×Ï°ßòÌµû,,
797,Vanessa indica,´óºìòÌµû,,
798,Vanessa cardui,Ğ¡ºìòÌµû,,
799,Aglais urticae,İ¡ÂéòÌµû,,
800,Aglais chinensis,ÖĞ»ªİ¡ÂéòÌµû,,
801,Aglais ladakensis,Î÷²ØÂéòÌµû,,
802,Aglais caschmirensis,¿ËÊ²Ã×¶ûÂéòÌµû,,
803,Aglais nixa,,,
804,Kaniska canace,ÁğÁ§òÌµû,,
805,Nymphalis antiopa,»ÆÔµòÌµû,,
806,Nymphalis xanthomelas,ÖìòÌµû,,
807,Nymphalis vau-album,°×¾ØÖìòÌµû,,
808,Polygonia c-album,°×¹³òÌµû,,
809,Polygonia c-aureum,»Æ¹³òÌµû,,
810,Polygonia gigantea,¾ŞĞÍ¹³òÌµû,,
811,Polygonia extensa,Õ¹¹³òÌµû,,
812,Polygonia interposita,ÖĞĞÍ¹³òÌµû,,
813,Polygonia gongga,¹±¸Â¹³òÌµû,,
814,Inachis io,¿×È¸òÌµû,,
815,Junonia almana,ÃÀÑÛòÌµû,,
816,Junonia orithya,´äÀ¶ÑÛòÌµû,,
817,Junonia hierta,»ÆÉÑÑÛòÌµû,,
818,Junonia lemonias,ÉßÑÛòÌµû,,
819,Junonia atlites,²¨ÎÆÑÛòÌµû,,
820,Junonia iphita,¹³³áÑÛòÌµû,,
821,Symbrenthia brabira,»Æ±ªÊ¢òÌµû,,
822,Symbrenthia leoparda,°ß±ªÊ¢òÌµû,,
823,Symbrenthia hypselis,»¨±ªÊ¢òÌµû,,
824,Symbrenthia niphanda,ÄŞ±ªÊ¢òÌµû,,
825,Symbrenthia lilaea,É¢ÎÆÊ¢òÌµû,,
826,Symbrenthia silana,Ï²À´Ê¢òÌµû,,
827,Symbrenthia doni,Ãá±ªÊ¢òÌµû,,
828,Symbrenthia sinoides,ÔÆ±ªÊ¢òÌµû,,
829,Symbrenthia sinica,,,
830,Araschnia levana,Ö©òÌµû,,
831,Araschnia prorsoides,Ö±ÎÆÖ©òÌµû,,
832,Araschnia doris,ÇúÎÆÖ©òÌµû,,
833,Araschnia burejana,²¼ÍøÖ©òÌµû,,
834,Araschnia davidis,´óÎÀÖ©òÌµû,,
835,Euphydryas aurinia,,,
836,Euphydryas iduna,ÒÁİÀòÌµû,,
837,Euphydryas maturna,±ªÎÆİÀòÌµû,,
838,Euphydryas ichnea,ÖĞİÀòÌµû,E. intermedia,
839,Euphydryas sibirica,½ğİÀòÌµû,,
840,Mellicta athalia,»ÆÃÛòÌµû,,
841,Mellicta dictynna,ÍøÎÆÃÛòÌµû,,
842,Mellicta plotina,ºÚÃÛòÌµû,,
843,Mellicta ambigua,ºÖÃÛòÌµû,,
844,Mellicta britomartis,²¼ÃÛòÌµû,,
845,Mellicta rebeli,À×ÃÛòÌµû,,
846,Melitaea didyma,µÒÍøòÌµû,,
847,Melitaea didymoides,°ßÍøòÌµû,,
848,Melitaea yuenty,Ô²³áÍøòÌµû,,
849,Melitaea romanovi,ÂŞÍøòÌµû,,
850,Melitaea cinxia,ÇìÍøòÌµû,,
851,Melitaea pallas,²üÍøòÌµû,,
852,Melitaea agar,¾úÍøòÌµû,,
853,Melitaea bellona,À¼ÍøòÌµû,,
854,Melitaea jezabel,ºÚÍøòÌµû,,
855,Melitaea diamina,µÛÍøòÌµû,,
856,Melitaea scotosia,´óÍøòÌµû,,
857,Melitaea ala,°¢À­ÍøòÌµû,,
858,Melitaea latonigena,À°ÍøòÌµû,,
859,Melitaea sutschana,ÃÜµãÍøòÌµû,,
860,Melitaea fergana,·ğÍøòÌµû,,
861,Melitaea infernalis,Ó¡·ÑÍøòÌµû,,
862,Melitaea asteroida,ĞÇÍøòÌµû,,
863,Melitaea solona,ËøÍøòÌµû,,
864,Melitaea protomedia,ÆÕÍøòÌµû,,
865,Melitaea arcesia,°¢¶ûÍøòÌµû,,
866,Melitaea phoebe,ºÖ°ßÍøòÌµû,,
867,Melitaea sibina,ÔÂÑ¿ÍøòÌµû,,
868,Prothoe franck,è±òÌµû,,
869,Polyura arja,·ïÎ²òÌµû,,
870,Polyura athamas,Õ­°ß·ïÎ²òÌµû,,
871,Polyura schreiber,ºÚ·ïÎ²òÌµû,,
872,Polyura narcaea,¶şÎ²òÌµû,,
873,Polyura eudamippus,´ó¶şÎ²òÌµû,,
874,Polyura dolon,ÕëÎ²òÌµû,,
875,Polyura nepenthes,ÍüÓÇÎ²òÌµû,,
876,Polyura posidonius,Õ´½óÎ²òÌµû,,
877,Charaxes marmax,òüòÌµû,,
878,Charaxes aristogiton,ÑÇÁ¦òüòÌµû,,
879,Charaxes bernardus,°×´øòüòÌµû,,
880,Charaxes kahruba,»¨°ßòüòÌµû,,
881,Apatura iris,×ÏÉÁòÌµû,,
882,Apatura bieti,»ªÎ÷ÉÁòÌµû,,
883,Apatura ilia,Áø×ÏÉÁòÌµû,,
884,Apatura metis,Ï¸´øÉÁòÌµû,,
885,Apatura laverna,Çú´øÉÁòÌµû,,
886,Mimathyma chevana,ÃÔòÌµû,,
887,Mimathyma nycteis,Ò¹ÃÔòÌµû,,
888,Mimathyma ambica,»·´øÃÔòÌµû,,
889,Mimathyma schrenckii,°×°ßÃÔòÌµû,,
890,Chitoria fasciola,»Æ´øîøòÌµû,,
891,Chitoria ulupi,ÎäîøòÌµû,,
892,Chitoria subcaerulea,ÀõîøòÌµû,,
893,Chitoria pallas,²¬îøòÌµû,,
894,Chitoria sordida,Ğ±´øîøòÌµû,,
895,Chitoria chrysolora,½ğîøòÌµû,,
896,Chitoria modesta,Ä£îøòÌµû,,
897,Chitoria naga,ÄÇîøòÌµû,,
898,Chitoria leei,ÀîÊÏîøòÌµû,,
899,Rohana parisatis,ÂŞòÌµû,,
900,Rohana parvata,ÕäÏ¡ÂŞòÌµû,,
901,Rohana nakula,ÄÇÂŞòÌµû,,
902,Timelaea maculata,Ã¨òÌµû,,
903,Timelaea albescens,°×ÉÑÃ¨òÌµû,,
904,Dilipa fenestra,Ã÷´°òÌµû,,
905,Dilipa morgiana,´°òÌµû,,
906,Lelecella limenitoides,ÀÛ»ıòÌµû,,
907,Sephisa chandra,Ë§òÌµû,,
908,Sephisa princeps,»ÆË§òÌµû,,
909,Sephisa daimio,Ì¨ÍåË§òÌµû,,
910,Helcyra plesseni,Ì¨Íå°×òÌµû,,
911,Helcyra subalba,Òø°×òÌµû,,
912,Helcyra superba,°Á°×òÌµû,,
913,Helcyra heminea,Å¼µã°×òÌµû,,
914,Herona marathus,Ø³òÌµû,,
915,Eulaceura osteria,¶úòÌµû,,
916,Euripus nyctelius,Ã¢òÌµû,,
917,Euripus consimilis,ÄâÃ¢òÌµû,,
918,Hestina assimilis,ºÚÂöòÌµû,,
919,Hestina persimilis,Äâ°ßÂöòÌµû,,
920,Hestina nama,İğŞ¼ÎÆÂöòÌµû,,
921,Hestina nicevillei,Ú©ÂöòÌµû,Hestina ouvrardi,
922,Sasakia funebris,ºÚ×ÏòÌµû,,
923,Sasakia charonda,´ó×ÏòÌµû,,
924,Pseudergolis wedah,ĞãòÌµû,,
925,Stibochiona nicea,ÊÎòÌµû,,
926,Dichorragia nesimachus,µçòÌµû,,
927,Dichorragia nesseus,³¤²¨µçòÌµû,,
928,Cyrestis themire,ºÚÔµË¿òÌµû,,
929,Cyrestis cocles,°ËÄ¿Ë¿òÌµû,,
930,Cyrestis thyodamas,ÍøË¿òÌµû,,
931,Cyrestis nivea,Ñ©°×Ë¿òÌµû,,
932,Chersonesia risa,»Æ¾î¿²òÌµû,,
933,Ariadne ariadne,²¨òÌµû,,
934,Ariadne merione,Ï¸ÎÆ²¨òÌµû,,
935,Laringa horsfieldii,ÁÖòÌµû,,
936,Seokia pratti,½õÉªòÌµû,Chalinga pratti,
937,Chalinga elwesi,æ±òÌµû,,
938,Parthenos sylvia,ÀöòÌµû,,
939,Bhagadatta austenia,°ÒòÌµû,,
940,Euthalia lubentina,ºì°ß´äòÌµû,,
941,Euthalia apex,°¢Åå´äòÌµû,,
942,Euthalia irrubescens,ºìÈ¹±ß´äòÌµû,,
943,Euthalia phemius,¼â³á´äòÌµû,,
944,Euthalia aconthea,Ã¬´äòÌµû,,
945,Euthalia alpheda,VÎÆ´äòÌµû,,
946,Euthalia monina,°µ°ß´äòÌµû,,
947,Euthalia eriphylae,°µ´äòÌµû,,
948,Euthalia anosia,Ó¥´äòÌµû,,
949,Euthalia yao,¼â³áÓ¥´äòÌµû,,
950,Euthalia saitaphernes,,,
951,Euthalia evelina,ÂÌ´äòÌµû,Dophla evelina,ÂÌòÌµû
952,Euthalia franciae,·©ÀÅ´äòÌµû,,
953,Euthalia durga,°Í´äòÌµû,,
954,Euthalia linpingensis,Ñà×ÓÆº´äòÌµû,,
955,Euthalia iva,ÒÁÍß´äòÌµû,,
956,Euthalia patala,»Æ´ø´äòÌµû,,
957,Euthalia confucius,¿××Ó´äòÌµû,,
958,Euthalia kardama,¼Î´äòÌµû,,
959,Euthalia mingyiae,´®Öé´äòÌµû,,
960,Euthalia hebe,ºÖİí´äòÌµû,,
961,Euthalia pulchella,»ªÀö´äòÌµû,,
962,Euthalia guangdongensis,¹ã¶«´äòÌµû,,
963,Euthalia nara,»ÆÍ­´äòÌµû,,
964,Euthalia chayuana,,Euthalia nara chayuana,
965,Euthalia colinsmithi,,Euthalia nara colinsmithi,
966,Euthalia pacifica,Ì«Æ½´äòÌµû,,
967,Euthalia bunzoi,²¼´äòÌµû,,
968,Euthalia omeia,¶ëÃ¼´äòÌµû,,
969,Euthalia pratti,çê´äòÌµû,,
970,Euthalia occidentalis,,Euthalia pratti occidentalis,
971,Euthalia malapana,Ô­Ã¼´äòÌµû,,
972,Euthalia sahadeva,Á´°ß´äòÌµû,,
973,Euthalia narayana,,Euthalia sahadeva narayana,
974,Euthalia pyrrha,,,
975,Euthalia kosempona,»Æ³á´äòÌµû,,
976,Euthalia strephon,Äí´ø´äòÌµû,,
977,Euthalia khama,É¢°ß´äòÌµû,,
978,Euthalia dubernardi,,,
979,Euthalia staudingeri,ĞÂÓ±´äòÌµû,,
980,Euthalia thibetana,Î÷²Ø´äòÌµû,,
981,Euthalia rickettsi,,,
982,Euthalia masumi,,,
983,Euthalia koharai,¼¦×ã´äòÌµû,,
984,Euthalia hoa,,,
985,Euthalia yasuyukii,Ã÷´ø´äòÌµû,,
986,Euthalia monbeigi,,,
987,Euthalia duda,¶É´ø´äòÌµû,,
988,Euthalia pseudoduda,Äâ¶É´ø´äòÌµû,,
989,Euthalia sakota,Ğ¡¶É´ø´äòÌµû,,
990,Euthalia chayuensis,²ìÓç´äòÌµû,,
991,Euthalia aristides,Ã¢´äòÌµû,,
992,Euthalia kameii,ÉÂÎ÷´äòÌµû,,
993,Euthalia alpherakyi,¾â´ø´äòÌµû,,
994,Euthalia heweni,¶ÀÁú´äòÌµû,,
995,Euthalia insulae,Õ­´ø´äòÌµû,,
996,Euthalia formosana,Ì¨Íå´äòÌµû,,
997,Euthalia thawgawa,,,
998,Euthalia intusfascia,,,
999,Euthalia pauxilla,,,
1000,Euthalia orientalis,,,
1001,Euthalia continentalis,,,
1002,Euthalia teuta,ºìµã´äòÌµû,,
1003,Cynitia telchinia,°µ±ß´äòÌµû,Euthalia telchinia,
1004,Cynitia whiteheadi,»İÌ©´äòÌµû,Euthalia whiteheadi,ÂÌÈ¹±ß´äòÌµû
1005,Cynitia lepidea,°×È¹´äòÌµû,Euthalia lepidea,
1006,Cynitia cocytus,»ÆÈ¹´äòÌµû,Euthalia cocytus,
1007,Tanaecia julii,ÂÌÈ¹çéòÌµû,,
1008,Tanaecia jahnu,ºÖÈ¹çéòÌµû,,
1009,Lexias cyanipardus,À¶±ªÂÉòÌµû,,
1010,Lexias pardalis,Ğ¡±ªÂÉòÌµû,,
1011,Lexias dirtea,ºÚ½ÇÂÉòÌµû,,
1012,Auzakia danava,°ÂòÌµû,,
1013,Abrota ganga,æ¹òÌµû,,
1014,Neurosigma siva,µãòÌµû,,
1015,Limenitis populi,ºìÏßòÌµû,,
1016,Limenitis dubernardi,À¶ÏßòÌµû,,
1017,Limenitis moltrechti,ºáÃ¼ÏßòÌµû,,
1018,Limenitis cleophas,Ï¸ÏßòÌµû,,
1019,Limenitis disjucta,³îÃ¼ÏßòÌµû,,
1020,Limenitis amphyssa,ÖØÃ¼ÏßòÌµû,,
1021,Limenitis homeyeri,êªÃ¼ÏßòÌµû,,
1022,Limenitis misuji,ÄâêªÃ¼ÏßòÌµû,,
1023,Limenitis helmanni,ÑïÃ¼ÏßòÌµû,,
1024,Limenitis doerriesi,¶ÏÃ¼ÏßòÌµû,,
1025,Limenitis sulpitia,²ĞïÉÏßòÌµû,,
1026,Limenitis sydyi,ÕÛÏßòÌµû,,
1027,Limenitis ciocolatina,ÇÉ¿ËÁ¦ÏßòÌµû,,
1028,Limenitis camilla,ÒşÏßòÌµû,,
1029,Limenitis tamaii,,,
1030,Athyma asura,ÖéÂÄ´øòÌµû,,
1031,Athyma opalina,ò°Ã¼´øòÌµû,,
1032,Athyma perius,ĞşÖé´øòÌµû,,
1033,Athyma selenophora,ĞÂÔÂ´øòÌµû,,
1034,Athyma cama,Ë«É«´øòÌµû,,
1035,Athyma zeroca,¹Â°ß´øòÌµû,,
1036,Athyma punctata,Áùµã´øòÌµû,,
1037,Athyma ranga,Àë°ß´øòÌµû,,
1038,Athyma recurva,µ¹¹³´øòÌµû,,
1039,Athyma jina,ÓñèÆ´øòÌµû,,
1040,Athyma fortuna,ĞÒ¸£´øòÌµû,,
1041,Athyma pravara,»û´øòÌµû,,
1042,Athyma nefte,ÏàË¼´øòÌµû,,
1043,Athyma whitei,,,
1044,Litinga mimica,ÄâÂÆòÌµû,,
1045,Litinga cottini,ÂÆòÌµû,,
1046,Moduza procris,ÄÂòÌµû,,
1047,Lebadea martha,ÀèòÌµû,,
1048,Sumalia daraxa,ËàòÌµû,,
1049,Patsuia sinensis,ÖĞ»ªİâòÌµû,,
1050,Parasarpa dudu,Ñ¾ÎÆÙ½òÌµû,,
1051,Parasarpa albomaculata,°×°ßÙ½òÌµû,,
1052,Parasarpa hourberti,²ÊÒÂÙ½òÌµû,,
1053,Parasarpa zayla,Î÷²ØÙ½òÌµû,,
1054,Lasippa viraja,Î¶À¯òÌµû,,
1055,Lasippa heliodore,ÈÕ¹âÀ¯òÌµû,,
1056,Pantoporia hordonia,½ğó´òÌµû,,
1057,Pantoporia sandaka,É½ó´òÌµû,,
1058,Pantoporia paraka,ğÎó´òÌµû,,
1059,Pantoporia bieti,Æƒó´òÌµû,,
1060,Pantoporia assamica,¶Ì´øó´òÌµû,,
1061,Pantoporia aurelia,»ªÀöó´òÌµû,,
1062,Pantoporia dingdinga,¶¥ó´òÌµû,,
1063,Neptis sappho,Ğ¡»·òÌµû,,
1064,Neptis hylas,ÖĞ»·òÌµû,,
1065,Neptis yerburii,Ò®»·òÌµû,,
1066,Neptis clinia,çæ»·òÌµû,,
1067,Neptis soma,æ¶»·òÌµû,,
1068,Neptis nata,ÄÈ»·òÌµû,,
1069,Neptis mahendra,¿í»·òÌµû,,
1070,Neptis reducta,»Ø»·òÌµû,,
1071,Neptis choui,ÖÜÊÏ»·òÌµû,,
1072,Neptis leucoporos,°×»·òÌµû,,
1073,Neptis noyala,è§»·òÌµû,,
1074,Neptis harita,ÑÌ»·òÌµû,,
1075,Neptis miah,ÃÖ»·òÌµû,,
1076,Neptis sankara,¶Ï»·òÌµû,,
1077,Neptis kuangtungensis,,,
1078,Neptis philyra,·È»·òÌµû,,
1079,Neptis speyeri,Ë¾»·òÌµû,,
1080,Neptis cartica,¿¨»·òÌµû,,
1081,Neptis nashona,»ù»·òÌµû,,
1082,Neptis ananta,°¢»·òÌµû,,
1083,Neptis namba,ÄÈ°Í»·òÌµû,,
1084,Neptis pseudonamba,Î±ÄÈ°Í»·òÌµû,,
1085,Neptis taiwana,Ì¨Íå»·òÌµû,,
1086,Neptis thestias,Ì©»·òÌµû,,
1087,Neptis zaida,½ğ»·òÌµû,,
1088,Neptis antilope,Áç»·òÌµû,,
1089,Neptis sylvana,ÁÖ»·òÌµû,,
1090,Neptis meloria,Ãµ»·òÌµû,,
1091,Neptis armandia,Ã¬»·òÌµû,,
1092,Neptis hesione,Á«»¨»·òÌµû,,
1093,Neptis radha,×Ï»·òÌµû,,
1094,Neptis narayana,ÄÇÀ­»·òÌµû,,
1095,Neptis cydippe,»ÆÖØ»·òÌµû,,
1096,Neptis beroe,ÕÛ»·òÌµû,,
1097,Neptis arachne,Öë»·òÌµû,,
1098,Neptis nemorosa,Ã¯»·òÌµû,,
1099,Neptis manasa,Âê»·òÌµû,,
1100,Neptis nycteus,Ò¹»·òÌµû,,
1101,Neptis thisbe,Ìá»·òÌµû,,
1102,Neptis obscurior,°Â»·òÌµû,,
1103,Neptis yunnana,ÔÆÄÏ»·òÌµû,,
1104,Neptis themis,»Æ»·òÌµû,,
1105,Neptis qianweiguoi,,,
1106,Neptis ilos,ÒÁÂå»·òÌµû,,
1107,Neptis thetis,º£»·òÌµû,,
1108,Neptis nemorum,É­»·òÌµû,,
1109,Neptis philyroides,³¯ÏÊ»·òÌµû,,
1110,Neptis rivularis,µ¥»·òÌµû,,
1111,Neptis pryeri,Á´»·òÌµû,,
1112,Neptis andetria,Ï¸´øÁ´»·òÌµû,,
1113,Neptis divisa,Îå¶Î»·òÌµû,,
1114,Neptis alwina,ÖØ»·òÌµû,,
1115,Neptis dejeani,µÂ»·òÌµû,,
1116,Phaedyma aspasia,°ª·ÆòÌµû,,
1117,Phaedyma columella,Öù·ÆòÌµû,,
1118,Phaedyma chinga,ÇØ·ÆòÌµû,,
1119,Aldania raddei,ºÚÌõÉ¡òÌµû,,
1120,Aldania imitans,·Â°ßÉ¡òÌµû,,
1121,Polycaena princeps,µÚÒ»Ğ¡ò¹µû,,
1122,Polycaena lama,À®ÂïĞ¡ò¹µû,,
1123,Polycaena chauchawensis,ÆçÎÆĞ¡ò¹µû,,
1124,Polycaena carmelita,ºìÂöĞ¡ò¹µû,,
1125,Polycaena lua,Â¶æ«Ğ¡ò¹µû,,
1126,Polycaena matuta,ÃÜ°ßĞ¡ò¹µû,,
1127,Polycaena yunnana,ÔÆÄÏĞ¡ò¹µû,,
1128,Polycaena kansuensis,,,
1129,Polycaena aestivalis,,,
1130,Takashia nana,±ªò¹µû,,
1131,Abisara freda,·½È¹ºÖò¹µû,,
1132,Abisara fylla,»Æ´øºÖò¹µû,,
1133,Abisara fylloides,°×´øºÖò¹µû,,
1134,Abisara neophron,³¤Î²ºÖò¹µû,,
1135,Abisara chelina,,,
1136,Abisara burnii,°×µãºÖò¹µû,,
1137,Abisara echerius,ÉßÄ¿ºÖò¹µû,,
1138,Abisara saturata,Ìİ³áºÖò¹µû,,
1139,Abisara abnormis,Çú´øºÖò¹µû,,
1140,Paralaxita dora,°µò¹µû,Taxila dora,
1141,Taxila hainana,º£ÄÏËşò¹µû,,
1142,Stiboges nymphidia,°×ò¹µû,,
1143,Stiboges elodinia,,,
1144,Zemeros flegyas,²¨ò¹µû,,
1145,Dodona eugenes,ÒøÎÆÎ²ò¹µû,,
1146,Dodona egeon,´ó°ßÎ²ò¹µû,,
1147,Dodona dipoea,ÍºÎ²ò¹µû,,
1148,Dodona adonira,ºìÍºÎ²ò¹µû,,
1149,Dodona durga,ÎŞÎ²ò¹µû,,
1150,Dodona ouida,Ğ±´øÈ±Î²ò¹µû,,
1151,Dodona deodata,ºÚÑàÎ²ò¹µû,,
1152,Dodona henrici,°×ÑàÎ²ò¹µû,,
1153,Dodona kaolinkon,¸ßÀè¹±Î²ò¹µû,,
1154,Dodona moritai,Î÷²ØÎ²ò¹µû,,
1155,Dodona dracon,É½Î²ò¹µû,,
1156,Dodona maculosa,,,
1157,Dodona hoenei,,,
1158,Poritia erycinoides,°£Ô²»Òµû,,
1159,Poritia hewitsoni,Ô²»Òµû,,
1160,Allotinus drumila,µÂï±»Òµû,,
1161,Miletus boisduvali,²¼ÒÂÔÆ»Òµû,,
1162,Miletus chinensis,ÖĞ»ªÔÆ»Òµû,,
1163,Miletus mallus,ÑòÃ«ÔÆ»Òµû,,
1164,Miletus nymphis,ÄıÔÆ»Òµû,,
1165,Miletus archilochus,¹ÅÔÆ»Òµû,,
1166,Miletus bannanus,,,
1167,Logania marmorata,ÂéÂ¤»Òµû,,
1168,Spalgis epeus,Îõ»Òµû,,
1169,Taraka hamada,ÑÁ»Òµû,,
1170,Taraka shiloi,°×°ßÑÁ»Òµû,,
1171,Curetis acuta,¼â³áÒø»Òµû,,
1172,Curetis saronis,Ô²³áÒø»Òµû,,
1173,Curetis bulis,Òø»Òµû,,
1174,Curetis brunnea,ºÖ³áÒø»Òµû,,
1175,Shirozua jonasi,Ê«»Òµû,,
1176,Shirozua melpomene,ÃÄÊ«»Òµû,,
1177,Thecla betulae,Ïß»Òµû,,
1178,Thecla ohyai,àŞÏß»Òµû,,
1179,Iozephyrus betulinus,Ò¢»Òµû,,
1180,Artopoetes pryeri,¾«»Òµû,,
1181,Artopoetes praetextatus,è±¾«»Òµû,,
1182,Ussuriana michaelis,ô÷»Òµû,,
1183,Ussuriana fani,·¶ô÷»Òµû,,
1184,Ussuriana igarashii,,,
1185,Coreana raphaelis,³¯»Òµû,,
1186,Shaanxiana takashimai,ÉÂ»Òµû,,
1187,Gonerilia seraphim,ÌìÊ¹¹¤»Òµû,,
1188,Gonerilia thespis,ÒøÏß¹¤»Òµû,,
1189,Gonerilia pesthis,Åå¹¤»Òµû,,
1190,Gonerilia minerva,åµÄİ¹¤»Òµû,Cordelia minerva,åµÄİçæ»Òµû
1191,Cordelia comes,çæ»Òµû,,
1192,Cordelia koizumii,´¨ÉÂçæ»Òµû,,
1193,Cordelia wilemaniella,Ì¨Íåçæ»Òµû,,
1194,Neogonerilia okamurai,¸Ô´åĞÂ¹¤»Òµû,Gonerilia okamurai,¸Ô´å¹¤»Òµû
1195,Neogonerilia budda,ÆĞÈøĞÂ¹¤»Òµû,Gonerilia buddha,·ğ¹¤»Òµû
1196,Pseudogonerilia kitawakii,±±Ğ­Äâ¹¤»Òµû,Cordelia kitawakii,±±Ğ­çæ»Òµû
1197,Japonica saepestriata,Õ¤»Æ»Òµû,,
1198,Japonica lutea,»Æ»Òµû,,
1199,Japonica patungkoanui,Ì¨Íå»Æ»Òµû,,
1200,Nanlingozephyrus bella,ÄÏÁë»Òµû,,
1201,Leucantigius atayalicus,è´»Òµû,,
1202,Protantigius superans,×æ»Òµû,,
1203,Araragi enthea,ñ®»Òµû,,
1204,Araragi sugiyamai,É¼É½ñ®»Òµû,,
1205,Araragi panda,ĞÜÃ¨ñ®»Òµû,,
1206,Antigius attilia,Çà»Òµû,,
1207,Antigius cheni,³ÂÊÏÇà»Òµû,,
1208,Antigius jinpingi,ËÕÊÏÇà»Òµû,,
1209,Antigius butleri,°ÍÇà»Òµû,,
1210,Wagimo signata,ºÚ´ø»ª»Òµû,,
1211,Wagimo sulgeri,»ª»Òµû,,
1212,Wagimo insularis,±¦µºÎú»Òµû,,
1213,Wagimo asanoi,³¯Ò°Îú»Òµû,,
1214,Ravenna nivea,Àä»Òµû,,
1215,Yamamotozephyrus kwangtungensis,»¢»Òµû,,
1216,Saigusaozephyrus atabyrius,ÈıÖ¦»Òµû,,
1217,Euaspa milionia,éî»Òµû,,
1218,Euaspa forsteri,×Ïéî»Òµû,,
1219,Euaspa wuyishana,ÎäÒÄÉ½éî»Òµû,,
1220,Euaspa tayal,Ëşéî»Òµû,,
1221,Howarthia caelestis,ºÎ»ª»Òµû,,
1222,Howarthia nigricans,ºÚÔµºÎ»ª»Òµû,,
1223,Howarthia sakakibarai,ËÄ´¨ºÎ»ª»Òµû,,
1224,Howarthia wakaharai,½ğ·ğÉ½ºÎ»ª»Òµû,,
1225,Howarthia watanabei,¶É±ßºÎ»ª»Òµû,,
1226,Howarthia hishikawai,¿­ÀïºÎ»ª»Òµû,,
1227,Howarthia cheni,³ÂÊÏºÎ»ª»Òµû,,
1228,Howarthia melli,Æ»¹ûºÎ»ª»Òµû,,
1229,Hayashikeia courvoisieri,¿ÂÊÏ¹ş»Òµû,Howarthia courvoisieri,¿ÂÊÏºÎ»ª»Òµû
1230,Hayashikeia sugiyamai,É¼É½¹ş»Òµû,,
1231,Hayashikeia florianii,¸£ÊÏ¹ş»Òµû,Teratozephyrus florianii,¸£ÊÏÌú»Òµû
1232,Hayashikeia koizumii,¶ëáÒ¹ş»Òµû,,
1233,Teratozephyrus arisanus,Ìú»Òµû,,
1234,Teratozephyrus tsukiyamahiroshii,´ÙÌú»Òµû,,
1235,Teratozephyrus yugaii,ÓáÌú»Òµû,,
1236,Teratozephyrus hecale,ºÚÌú»Òµû,,
1237,Teratozephyrus nuwai,Å­ºÍÌú»Òµû,,
1238,Teratozephyrus chibahideyukii,Ç§Ò¶Ìú»Òµû,,
1239,Teratozephyrus hinomaru,ÏíÌú»Òµû,,
1240,Fujiokaozephyrus tsangkie,²Ö»Òµû,Teratozephyrus tsangkie,²ÖÌú»Òµû
1241,Fujiokaozephyrus camurius,À¶²Ö»Òµû,,
1242,Uedaozephyrus kuromon,ÎÛ»Òµû,Chrysozephyrus kuromon,¿â½ğ»Òµû
1243,Iwaseozephyrus longicaudatus,³¤ÅÍ»Òµû,,
1244,Iwaseozephyrus bieti,±ÏÅÍ»Òµû,Esakiozephyrus bieti,Èıµã½­Æé»Òµû
1245,Iwaseozephyrus mandara,ÅÍ»Òµû,,
1246,Iwaseozephyrus ackeryi,°¢ÅÍ»Òµû,,
1247,Esakiozephyrus icanus,½­Æé»Òµû,,
1248,Esakiozephyrus zotelistes,µÂÇÕ½­Æé»Òµû,,
1249,Kameiozephyrus neis,ÄÎË¹Æé»Òµû,Esakiozephyrus neis,
1250,Iratsume orsedice,Öé»Òµû,,
1251,Neozephyrus japonicus,ÈÕ±¾´ä»Òµû,,
1252,Neozephyrus taiwanus,Ì¨Íå´ä»Òµû,,
1253,Neozephyrus uedai,ÉÏÌï´ä»Òµû,,
1254,Neozephyrus helenae,º£Â×ÄÈ´ä»Òµû,,
1255,Neozephyrus coruscans,ÉÁ¹â´ä»Òµû,,
1256,Neozephyrus dubernardi,¶Å´ä»Òµû,,
1257,Neozephyrus suroia,ËØ´ä»Òµû,,
1258,Chrysozephyrus smaragdina,½ğ»Òµû,,
1259,Chrysozephyrus yunnanensis,ÔÆÄÏ½ğ»Òµû,,
1260,Chrysozephyrus tatsienluensis,¿µ¶¨½ğ»Òµû,,
1261,Chrysozephyrus nishikaze,Î÷·ç½ğ»Òµû,,
1262,Chrysozephyrus duma,¶¼½ğ»Òµû,,
1263,Chrysozephyrus dumoides,À¶¶¼½ğ»Òµû,,
1264,Chrysozephyrus kimurai,ÇØÁë½ğ»Òµû,,
1265,Chrysozephyrus inthanonensis,Ó¯½ğ»Òµû,,
1266,Chrysozephyrus sakula,Èø½ğ»Òµû,,
1267,Chrysozephyrus gaoi,¸ßÊÏ½ğ»Òµû,,
1268,Chrysozephyrus linae,ÁÖÊÏ½ğ»Òµû,,
1269,Chrysozephyrus zoa,ÓÄ°ß½ğ»Òµû,,
1270,Chrysozephyrus marginatus,¿íÔµ½ğ»Òµû,,
1271,Chrysozephyrus yoshikoae,Ñü½ğ»Òµû,,
1272,Chrysozephyrus brillantinus,Ò«½ğ»Òµû,,
1273,Chrysozephyrus haradai,µ­½ğ»Òµû,,
1274,Chrysozephyrus sikkimensis,Îı½ğ½ğ»Òµû,,
1275,Chrysozephyrus fujiokai,°ÍÉ½½ğ»Òµû,,
1276,Chrysozephyrus okamurai,ºı½ğ»Òµû,,
1277,Chrysozephyrus esakii,½­Æé½ğ»Òµû,,
1278,Chrysozephyrus vittatus,ÌõÎÆ½ğ»Òµû,,
1279,Chrysozephyrus kabrua,¼Ó²¼À×½ğ»Òµû,,
1280,Chrysozephyrus nigroapicalis,ºÚ½Ç½ğ»Òµû,,
1281,Chrysozephyrus setohi,É«½ğ»Òµû,,
1282,Chrysozephyrus shimizui,ÇåË®½ğ»Òµû,,
1283,Chrysozephyrus scintillans,ÉÁ¹â½ğ»Òµû,,
1284,Chrysozephyrus watsoni,Íß½ğ»Òµû,,
1285,Chrysozephyrus tiemushanus,ÌìÄ¿É½½ğ»Òµû,,
1286,Chrysozephyrus souleana,ËÕ½ğ»Òµû,,
1287,Chrysozephyrus disparatus,ÁÑ°ß½ğ»Òµû,,
1288,Chrysozephyrus rarasanus,æ¬æ¬½ğ»Òµû,,
1289,Chrysozephyrus hisamatsusanus,¾ÃËÉ½ğ»Òµû,,
1290,Chrysozephyrus splendidulus,Ì¨Íå½ğ»Òµû,,
1291,Chrysozephyrus yuchingkinus,ÆÒÀï½ğ»Òµû,,
1292,Chrysozephyrus teisoi,Ìú³í½ğ»Òµû,,
1293,Shirozuozephyrus paona,ÅÁ²¬½ğ»Òµû,Chrysozephyrus paona,ÅÁ½ğ»Òµû
1294,Shirozuozephyrus leigongshanensis,À×¹«É½²¬½ğ»Òµû,Chrysozephyrus leigongshanensis,À×¹«É½½ğ»Òµû
1295,Kawazoeozephyrus mushaellus,çÑË¹¿¦½ğ»Òµû,Chrysozephyrus mushaellus,çÑË¹½ğ»Òµû
1296,Thermozephyrus ataxus,°×µ×Ìú½ğ»Òµû,Chrysozephyrus ataxus,°×µ×½ğ»Òµû
1297,Thermozephyrus lingi,³Ä°×Ìú½ğ»Òµû,,
1298,Favonius orientalis,ÑŞ»Òµû,,
1299,Favonius leechi,ÀïÆæÑŞ»Òµû,,
1300,Favonius taxila,´äÑŞ»Òµû,,
1301,Favonius korshunovi,¿¼ÑŞ»Òµû,,
1302,Favonius watanabei,¶É±ßÑŞ»Òµû,,
1303,Favonius cognatus,Ç×ÑŞ»Òµû,,
1304,Favonius ultramarinus,³¬ÑŞ»Òµû,,
1305,Favonius saphirinus,ÈøÑŞ»Òµû,,
1306,Sibataniozephyrus kuafui,Ì¨Íå²ñ¹È»Òµû,,
1307,Sibataniozephyrus lijinae,¹óÖİ²ñ¹È»Òµû,,
1308,Arhopala bazala,°Ùæ¬»Òµû,,
1309,Arhopala japonica,ÈÕ±¾æ¬»Òµû,,
1310,Arhopala eumolphus,¶ğæ¬»Òµû,,
1311,Arhopala hellenore,º£À¶æ¬»Òµû,,
1312,Arhopala hellenoroides,´äĞäæ¬»Òµû,,
1313,Arhopala rama,³İ³áæ¬»Òµû,,
1314,Arhopala paramuta,Ğ¡æ¬»Òµû,,
1315,Arhopala qiongdaoensis,Çíµºæ¬»Òµû,,
1316,Arhopala aida,æ¹ÒÁæ¬»Òµû,,
1317,Arhopala arvina,ÎŞÎ²æ¬»Òµû,,
1318,Arhopala oenea,¾Ææ¬»Òµû,,
1319,Arhopala pseudocentaurus,ÒøÁ´æ¬»Òµû,,
1320,Arhopala birmana,Ãåµéæ¬»Òµû,,
1321,Arhopala comica,Æææ¬»Òµû,,
1322,Arhopala perimuta,Ååæ¬»Òµû,,
1323,Arhopala bazaloides,²¦æ¬»Òµû,,
1324,Arhopala dispar,µÛæ¬»Òµû,,
1325,Arhopala luoi,ÂŞÊÏæ¬»Òµû,,
1326,Thaduka multicaudata,Ëş»Òµû,,
1327,Mahathala ameria,Âê»Òµû,,
1328,Mahathala ariadeva,æ¹Âê»Òµû,,
1329,Panchala ganesa,Ù½»Òµû,,
1330,Panchala paraganesa,ºÚÙ½»Òµû,,
1331,Panchala birmana,±ÌÙ½»Òµû,,
1332,Panchala aberrans,»ûÙ½»Òµû,,
1333,Panchala ammonides,°¢Ù½»Òµû,,
1334,Flos asoka,Ëøîø»¨»Òµû,,
1335,Flos chinensis,ÖĞ»ª»¨»Òµû,,
1336,Flos areste,°®íù»¨»Òµû,,
1337,Flos diardi,µÏ»¨»Òµû,,
1338,Flos adriana,°¢»¨»Òµû,,
1339,Flos yunnanensis,µá»¨»Òµû,,
1340,Surendra quercetorum,ËÖ»Òµû,,
1341,Zinaspa distorta,»ûÌÕ»Òµû,,
1342,Zinaspa zana,ÔúÌÕ»Òµû,,
1343,Zinaspa todara,ÌÕ»Òµû,,
1344,Zinaspa youngi,ÑîÌÕ»Òµû,,
1345,Amblopala avidiena,Ñ¾»Òµû,,
1346,Mota massyla,Ä£ÌØ»Òµû,,
1347,Amblypodia anita,êÄ»Òµû,,
1348,Iraota timoleon,ÌúÄ¾À³Òì»Òµû,,
1349,Catapaecilma major,ÈıÎ²»Òµû,,
1350,Acupicta hainanicum,º£ÄÏ´Ì»Òµû,,
1351,Loxura atymnus,Â¹»Òµû,,
1352,Yasoda androconifera,ĞÛÇòèâ»Òµû,,
1353,Yasoda tripunctata,Èıµãèâ»Òµû,,
1354,Horaga rarasana,Ğ±Ìõ°ß»Òµû,,
1355,Horaga albimacula,°×°ß»Òµû,,
1356,Horaga onyx,°ß»Òµû,,
1357,Horaga syrinx,Îı°ß»Òµû,,
1358,Ticherra acte,ÈıµÎ»Òµû,,
1359,Cheritrella truncipennis,½Ø»Òµû,,
1360,Apharitis acamas,¸»Àö»Òµû,,
1361,Spindasis syama,¶¹Á£ÒøÏß»Òµû,,
1362,Spindasis lohita,ÒøÏß»Òµû,,
1363,Spindasis kuyaniana,»ÆÒøÏß»Òµû,,
1364,Spindasis takanonis,ËşÒøÏß»Òµû,,
1365,Spindasis rukmini,Â¶ÒøÏß»Òµû,,
1366,Spindasis leechi,ÀïÆæÒøÏß»Òµû,,
1367,Spindasis zhengweilie,Î÷²ØÒøÏß»Òµû,,
1368,Spindasis gigas,,,
1369,Tajuria maculata,±ª°ßË«Î²»Òµû,,
1370,Tajuria cippus,Ë«Î²»Òµû,,
1371,Tajuria illurgis,µ­À¶Ë«Î²»Òµû,,
1372,Tajuria luculenta,²ÓÀÃË«Î²»Òµû,,
1373,Tajuria gui,¹ËÊÏË«Î²»Òµû,,
1374,Tajuria diaeus,°×ÈÕË«Î²»Òµû,,
1375,Tajuria caerulea,ÌìÀ¶Ë«Î²»Òµû,,
1376,Tajuria nanlingana,ÄÏÁëË«Î²»Òµû,,
1377,Tajuria androconia,ÏãÁÛË«Î²»Òµû,,
1378,Suasa lisides,Ë÷»Òµû,,
1379,Dacalana cotys,¿¼´ï»Òµû,,
1380,Dacalana penicilligera,ÅË´ï»Òµû,,
1381,Pratapa deva,çê»Òµû,,
1382,Pratapa icetas,Ğ¡çê»Òµû,,
1383,Maneca bhotea,ÂêÄË»Òµû,,
1384,Charana mandarina,·ï»Òµû,,
1385,Neocheritra fabronia,·©ÄÎ»Òµû,,
1386,Creon cleobis,¿Ë»Òµû,,
1387,Rachana jalindra,,,
1388,Remelana jangala,À³»Òµû,,
1389,Ancema ctesia,°²»Òµû,,
1390,Ancema blanka,°×³Ä°²»Òµû,,
1391,Hypolycaena erylus,ì½»Òµû,,
1392,Chliaria kina,¼ªÆÑ»Òµû,,
1393,Chilaria othona,ÆÑ»Òµû,,
1394,Zeltus amasa,Õä»Òµû,,
1395,Drupadia scaeva,Ë¹¿¨¶Å»Òµû,,
1396,Deudorix epijarbas,çé»Òµû,,
1397,Deudorix rapaloides,µ­ºÚçé»Òµû,,
1398,Deudorix hypargyria,ÒøÏÂçé»Òµû,,
1399,Deudorix hainana,º£ÄÏçé»Òµû,,
1400,Deudorix pseudorapaloides,ÄâÑàçé»Òµû,,
1401,Deudorix nanlingensis,ÄÏÁëçé»Òµû,,
1402,Deudorix repercussa,°×´øçé»Òµû,Rapala repercussa,°×´øÑà»Òµû
1403,Deudorix sylvana,,,
1404,Artipe eryx,ÂÌ»Òµû,,
1405,Rapala nissa,ÄŞÉ´Ñà»Òµû,,
1406,Rapala micans,¶«ÑÇÑà»Òµû,,
1407,Rapala subpurpurea,°µ³áÑà»Òµû,,
1408,Rapala takasagonis,¸ßÉ³×ÓÑà»Òµû,,
1409,Rapala bomiensis,²¨ÃÜÑà»Òµû,,
1410,Rapala iarbus,ºìÑà»Òµû,,
1411,Rapala varuna,Ñà»Òµû,,
1412,Rapala manea,ÂéÑà»Òµû,,
1413,Rapala suffusa,µãÈ¾Ñà»Òµû,,
1414,Rapala caerulea,À¶Ñà»Òµû,,
1415,Rapala arata,¿í´øÑà»Òµû,,
1416,Rapala pheretima,ç³ÀÃÑà»Òµû,,
1417,Rapala nemorensis,ÄÎÑà»Òµû,,
1418,Rapala hades,¹şÑà»Òµû,,
1419,Rapala rectivitta,,,
1420,Rapala catena,,,
1421,Qinorapala qinlingana,ÇØ»Òµû,,
1422,Sinthusa chandrana,Éú»Òµû,,
1423,Sinthusa nasaka,ÄÈÉú»Òµû,,
1424,Sinthusa rayata,À­Éú»Òµû,,
1425,Sinthusa zhejiangensis,Õã½­Éú»Òµû,,
1426,Sinthusa menglaensis,ÛÂÀ°Éú»Òµû,Chliaria menglaensis,ÛÂÀ°ÆÑ»Òµû
1427,Sinthusa virgo,,,
1428,Tomares fedtschenkoi,·ÑÍĞ»Òµû,,
1429,Ahlbergia nicevillei,Äá²ÉÊá»Òµû,,
1430,Ahlbergia frivaldszkyi,¶«±±Êá»Òµû,,
1431,Ahlbergia prodiga,Å¨À¶Êá»Òµû,,
1432,Ahlbergia chalybeia,ÒøÊá»Òµû,,
1433,Ahlbergia bimaculata,Ë«°ßÊá»Òµû,,
1434,Ahlbergia korea,³¯ÏÊÊá»Òµû,,
1435,Ahlbergia leei,ÀîÊá»Òµû,,
1436,Ahlbergia arquata,°¢Êá»Òµû,,
1437,Ahlbergia pluto,ÆÕÊá»Òµû,,
1438,Ahlbergia aleucopuncta,°×Êá»Òµû,,
1439,Ahlbergia unicolora,µ¥É«Êá»Òµû,,
1440,Ahlbergia caerulea,ÌìÀ¶Êá»Òµû,,
1441,Ahlbergia circe,»·Êá»Òµû,,
1442,Ahlbergia caesius,À¶»ÒÊá»Òµû,,
1443,Ahlbergia lynda,ÁÖ´ïÊá»Òµû,,
1444,Ahlbergia chalcidis,½ğÊá»Òµû,,
1445,Ahlbergia confusa,»ª¶«Êá»Òµû,,
1446,Ahlbergia dongyui,ÄÏÁëÊá»Òµû,,
1447,Ahlbergia leechuanlungi,ÀîÀÏÊá»Òµû,,
1448,Ahlbergia hsui,À¶ºÖÊá»Òµû,,
1449,Ahlbergia ferrea,Êá»Òµû,,
1450,Ahlbergia distincta,,,
1451,Ahlbergia luoliangi,,,
1452,Ahlbergia clarofacia,,,
1453,Ahlbergia clarolinea,ÒøÏßÊá»Òµû,,
1454,Ahlbergia matusiki,ÂíÊÏÊá»Òµû,Novosatsuma matusiki,ÂíÊÏ³İ»Òµû
1455,Ahlbergia liyufeii,,,
1456,Ahlbergia zhoujingshuae,,,
1457,Callophrys rubi,¿¨»Òµû,,
1458,Novosatsuma pratti,ÆÕÊÏ³İ»Òµû,,
1459,Novosatsuma collosa,¾Ş³İ»Òµû,,
1460,Novosatsuma magnasuffusa,´ó³İ»Òµû,,
1461,Novosatsuma plumbagina,è±³İ»Òµû,,
1462,Novosatsuma oppocoenosa,°Â³İ»Òµû,,
1463,Novosatsuma magnapurpurea,×Ï³İ»Òµû,,
1464,Novosatsuma cibdela,±Î³İ»Òµû,Ahlbergia chalybeia,
1465,Novosatsuma pictila,Ğã³İ»Òµû,Ahlbergia pictila,ĞãÊá»Òµû
1466,Cissatsuma albilinea,Ê¼»Òµû,,
1467,Cissatsuma kansuensis,¸ÊËàÊ¼»Òµû,,
1468,Cissatsuma halosa,¹şÊ¼»Òµû,,
1469,Cissatsuma tuba,¹ÜÊ¼»Òµû,,
1470,Cissatsuma crenata,³İÊ¼»Òµû,,
1471,Cissatsuma contexta,×ÛÊ¼»Òµû,,
1472,Satyrium w-album,ÀëÎÆÈ÷»Òµû,,
1473,Satyrium iyonis,ÓÄÈ÷»Òµû,,
1474,Satyrium v-album,Î¢È÷»Òµû,,
1475,Satyrium latior,,,
1476,Satyrium prunoides,ÆÕÈ÷»Òµû,,
1477,Satyrium minshanicum,áºÉ½È÷»Òµû,,
1478,Satyrium dejeani,µÂÈ÷»Òµû,,
1479,Satyrium bozanoi,²©È÷»Òµû,,
1480,Satyrium pruni,Æ»¹ûÈ÷»Òµû,,
1481,Satyrium grandis,´óÈ÷»Òµû,,
1482,Satyrium formosanum,Ì¨ÍåÈ÷»Òµû,,
1483,Satyrium oenone,Å·È÷»Òµû,,
1484,Satyrium yangi,ÑîÊÏÈ÷»Òµû,,
1485,Satyrium eximia,ÓÅĞãÈ÷»Òµû,,
1486,Satyrium persimilis,ÏñÈ÷»Òµû,,
1487,Satyrium lais,À­È÷»Òµû,,
1488,Satyrium percomis,ÀñÈ÷»Òµû,,
1489,Satyrium patrius,¸¸È÷»Òµû,,
1490,Satyrium tamikoae,ÌìÄ¿È÷»Òµû,,
1491,Satyrium ornata,ÊÎÈ÷»Òµû,,
1492,Satyrium inflammata,,,
1493,Satyrium austrinum,ÄÏ·çÈ÷»Òµû,,
1494,Satyrium redae,À³È÷»Òµû,,
1495,Satyrium phyllodendri,·ÆË¹È÷»Òµû,,
1496,Satyrium thalia,ËşÈ÷»Òµû,,
1497,Satyrium tanakai,ÌïÖĞÈ÷»Òµû,,
1498,Satyrium inouei,¾®ÉÏÈ÷»Òµû,,
1499,Satyrium watarii,Îä´óÈ÷»Òµû,,
1500,Satyrium esakii,½­ÆéÈ÷»Òµû,,
1501,Satyrium pseudopruni,ÄâĞÓÈ÷»Òµû,,
1502,Satyrium neosinica,ĞÂÈ÷»Òµû,,
1503,Neolycaena rhymnus,ÊóÀîĞÂ»Òµû,,
1504,Neolycaena tengstroemi,°×°ßĞÂ»Òµû,,
1505,Neolycaena davidi,´óÎÀĞÂ»Òµû,,
1506,Neolycaena sinensis,ĞÂ»Òµû,,
1507,Neolycaena yiliensis(Huang,ÒÁÀçĞÂ»Òµû,,
1508,Neolycaena iliensis,ÒÁÖŞĞÂ»Òµû,,
1509,Neolycaena eckweileri,ÎÖĞÂ»Òµû,,
1510,Helleia li,Àöº±À³»Òµû,,
1511,Helleia helle,º±À³»Òµû,,
1512,Lycaena phlaeas,ºì»Òµû,,
1513,Lycaena sichuanica,ËÄ´¨ºì»Òµû,,
1514,Thersamonia dispar,³Èê¼»Òµû,,³È»Òµû
1515,Thersamonia thersamon,ê¼»Òµû,,
1516,Thersamonia solskyi,Ëó¶ûê¼»Òµû,,
1517,Thersamonia alpherakyi,°¢ê¼»Òµû,,
1518,Thersamonia splendens,Àöê¼»Òµû,,
1519,Heodes virgaureae,ºÑ»Òµû,,
1520,Heodes alciphron,¼â³áºÑ»Òµû,,
1521,Heodes ouang,°ººÑ»Òµû,,
1522,Heodes irmae,ÒÁºÑ»Òµû,,
1523,Heodes tityrus,ÌáºÑ»Òµû,,
1524,Athamanthia tseng,³ÂßÀ»Òµû,,
1525,Athamanthia svenhedini,»ªÉ½ßÀ»Òµû,,
1526,Athamanthia pang,ÅÓßÀ»Òµû,,
1527,Athamanthia athamantis,ßÀ»Òµû,,
1528,Athamanthia pavana,ÅÁßÀ»Òµû,,
1529,Athamanthia kasyapa,¿¨ßÀ»Òµû,,
1530,Athamanthia standfussi,Ë¹µ©ßÀ»Òµû,,
1531,Athamanthia dimorpha,µÏßÀ»Òµû,,
1532,Palaeochrysomphanus hippothoe,¹Å»Òµû,,
1533,Heliophorus androcles,ÃÀÄĞ²Ê»Òµû,,
1534,Heliophorus saphir,É¯·Æ²Ê»Òµû,,
1535,Heliophorus saphiroides,É¯ÂŞ²Ê»Òµû,,
1536,Heliophorus moorei,Ä¦À´²Ê»Òµû,,
1537,Heliophorus indicus,Ó¡¶È²Ê»Òµû,,
1538,Heliophorus phoenicoparyphus,Ğ±°ß²Ê»Òµû,Heliophorus epicles phoenicoparyphus,
1539,Heliophorus ila,Å¨×Ï²Ê»Òµû,,
1540,Heliophorus epicles,²Ê»Òµû,,
1541,Heliophorus gloria,Ò«²Ê»Òµû,,
1542,Heliophorus brahma,¹ÅÍ­²Ê»Òµû,,
1543,Heliophorus tamu,Ëş²Ê»Òµû,,
1544,Heliophorus eventa,ÒÀ²Ê»Òµû,,
1545,Heliophorus yunnani,ÔÆÄÏ²Ê»Òµû,,
1546,Heliophorus kohimensis,¿¾²Ê»Òµû,,
1547,Heliophorus pulcher,ÃÀÀö²Ê»Òµû,,
1548,Heliophorus delacouri,µÂ²Ê»Òµû,,
1549,Heliophorus stotzneri,,,
1550,Niphanda fusca,ºÚ»Òµû,,
1551,Niphanda tessellata,Ì©ºÚ»Òµû,,
1552,Niphanda cymbia,Ğ¡ºÚ»Òµû,,
1553,Niphanda asialis,µãºÚ»Òµû,,
1554,Anthene emolus,¼â½Ç»Òµû,,
1555,Anthene lycaenina,µã¼â½Ç»Òµû,,
1556,Orthomiella pontis,¾â»Òµû,,
1557,Orthomiella sinensis,ÖĞ»ª¾â»Òµû,,
1558,Orthomiella rantaizana,ÂÍÌ«¾â»Òµû,,
1559,Una usta,´¿»Òµû,,
1560,Petrelaea dana,Åå»Òµû,,
1561,Caleta roxus,ÇúÎÆÍØ»Òµû,,
1562,Caleta elna,É¢ÎÆÍØ»Òµû,,
1563,Discolampa ethion,éÑ»Òµû,,
1564,Castalius rosimon,±ª»Òµû,,
1565,Tarucus theophrastus,ÌÙ»Òµû,,
1566,Syntarucus plinius,Ï¸»Òµû,,
1567,Nacaduba beroe,±´ÄÈ»Òµû,,
1568,Nacaduba kurava,¹ÅÂ¥ÄÈ»Òµû,,
1569,Nacaduba pactolus,ÅÁÄÈ»Òµû,,
1570,Nacaduba hermus,ºØÄÈ»Òµû,,
1571,Nacaduba berenice,°ÙÄÈ»Òµû,,
1572,Nacaduba jiangi,½¯ÊÏÄÈ»Òµû,,
1573,Prosotas nora,ÄÈÀ­²¨»Òµû,,
1574,Prosotas aluta,°¢²¨»Òµû,,
1575,Prosotas lutea,»Æ²¨»Òµû,,
1576,Prosotas dubiosa,²¨»Òµû,,
1577,Prosotas bhutea,²¼²¨»Òµû,,
1578,Prosotas pia,Æ¤²¨»Òµû,,
1579,Prosotas gracilis,Õ­³á²¨»Òµû,,
1580,Ionolyce helicon,ÒÁ»Òµû,,
1581,Nothodanis schaeffera,,,
1582,Catopyrops ancyra,·½±ê»Òµû,,
1583,Jamides bochus,ÑÅ»Òµû,,
1584,Jamides elpis,±ÌÑÅ»Òµû,,
1585,Jamides alecto,ËØÑÅ»Òµû,,
1586,Jamides celeno,ÎıÀäÑÅ»Òµû,,
1587,Jamides pura,¾»ÑÅ»Òµû,,
1588,Catochrysops strabo,¿§»Òµû,,
1589,Catochrysops panormus,À¶¿§»Òµû,,
1590,Lampides boeticus,ÁÁ»Òµû,,
1591,Euchrysops cnejus,×Ø»Òµû,,
1592,Zizeeria karsandra,¼ª»Òµû,,
1593,Zizeeria knysna,çæ¼ª»Òµû,,
1594,Pseudozizeeria maha,õ¡½¬»Òµû,,
1595,Zizina otis,Ã«ÑÛ»Òµû,,
1596,Zizina emelina,°£Ã«ÑÛ»Òµû,,
1597,Zizula hylax,³¤¸¹»Òµû,,
1598,Famegana alsulus,·©»Òµû,,
1599,Cupido minimus,¿İ»Òµû,,
1600,Cupido buddhista,·ğ¿İ»Òµû,,
1601,Cupido prosecusa,ÆÕ¿İ»Òµû,,
1602,Sinocupido lokiangensis,»ª¿İ»Òµû,,
1603,Shijimia moorei,É½»Òµû,,
1604,Tongeia filicaudis,µãĞş»Òµû,,
1605,Tongeia hainani,º£ÄÏĞş»Òµû,,
1606,Tongeia fischeri,Ğş»Òµû,,
1607,Tongeia zuthus,Öñ¶¼Ğş»Òµû,,
1608,Tongeia potanini,²¨Ì«Ğş»Òµû,,
1609,Tongeia ion,µ­ÎÆĞş»Òµû,,
1610,Tongeia arcana,»¡Ğş»Òµû,,
1611,Tongeia davidi,´óÎÀĞş»Òµû,,
1612,Tongeia menpae,Î÷²ØĞş»Òµû,,
1613,Tongeia dongchuanensis,¶«´¨Ğş»Òµû,,
1614,Tongeia pseudozuthus,ÄâÖñ¶¼Ğş»Òµû,,
1615,Tongeia amplifascia,¿í´øĞş»Òµû,,
1616,Tongeia bella,,,
1617,Tongeia confusa,,,
1618,Everes argiades,À¶»Òµû,,
1619,Everes lacturnus,³¤Î²À¶»Òµû,,
1620,Everes acaudata,ÎŞÎ²À¶»Òµû,,
1621,Bothrinia nebulosa,ÔÆ²µ»Òµû,,
1622,Bothrinia chennellii,²µ»Òµû,,
1623,Talicada nyseus,ËşÀö»Òµû,,
1624,Pithecops corvus,ºÚÍè»Òµû,,
1625,Pithecops fulgens,À¶Íè»Òµû,,
1626,Pithecops ryukyuensis,ÁğÇòÍè»Òµû,,
1627,Acytolepis puspa,Å¥»Òµû,,
1628,Celatoxia marginata,è¹Óñ»Òµû,,
1629,Udara albocaerulea,°×°ßåü»Òµû,,
1630,Udara dilecta,Õä¹óåü»Òµû,,
1631,Udara selma,Èû¶ûÂêåü»Òµû,,
1632,Lestranicus transpectus,Àµ»Òµû,,
1633,Celastrina argiola,ÁğÁ§»Òµû,,
1634,Celastrina lavendularis,Ñ¬ÒÂÁ§»Òµû,,
1635,Celastrina oreas,´ó×ÏÁ§»Òµû,,
1636,Celastrina hersilia,»ªÎ÷Á§»Òµû,,
1637,Celastrina gigas,¾Ş´óÁ§»Òµû,,
1638,Celastrina morsheadi,ÄªÁ§»Òµû,,
1639,Celastrina sugitanii,É¼¹ÈÁğÁ§»Òµû,,
1640,Celastrina filipjevi,·ÆÁ§»Òµû,,
1641,Celastrina huegelli,»ôÁ§»Òµû,,
1642,Celastrina perplexa,¿íÔµÁ§»Òµû,,
1643,Callenya melaena,Ãµ»Òµû,,
1644,Megisba malaya,ÃÀ¼§»Òµû,,
1645,Neopithecops zalmora,Ò»µã»Òµû,,
1646,Monodontides musina,ÄÂ»Òµû,,
1647,Maculinea arion,¸Âö²»Òµû,,
1648,Maculinea arionides,´ó°ßö²»Òµû,,
1649,Maculinea teleia,ºúÂéö²»Òµû,,
1650,Maculinea cyanecula,À¶µ×ö²»Òµû,,
1651,Maculinea kurentzovi,¿âÊÏö²»Òµû,,
1652,Maculinea alcon,ö²»Òµû,,
1653,Caerulea coeligena,µå»Òµû,,
1654,Caerulea coelestis,¿Ûµå»Òµû,,
1655,Iolana gigantea,¾ŞÑş»Òµû,,
1656,Phengaris atroguttata,°×»Òµû,,
1657,Phengaris daitozana,Ì¨Íå°×»Òµû,,
1658,Phengaris albida,æ¹°×»Òµû,,
1659,Phengaris xiushani,ĞãÉ½°×»Òµû,,
1660,Glaucopsyche lycormas,Àè¸ê»Òµû,,
1661,Glaucopsyche alexis,À¶µ×¸ê»Òµû,,
1662,Palaeophilotes triphysina,ôÖ»Òµû,,
1663,Scolitantides orion,çó»Òµû,,
1664,Sinia leechi,ÙÒ»Òµû,,
1665,Sinia lanty,ÀÃÙÒ»Òµû,,
1666,Shijimiaeoides divina,ĞÀ»Òµû,,
1667,Subsulanoides nagata,É¨»Òµû,,
1668,Albulina orbitula,æ¹»Òµû,,
1669,Albulina sajana,Èøæ¹»Òµû,,
1670,Albulina qinlingensis,ÇØÁëæ¹»Òµû,,
1671,Albulina amphirrhoe,°²æ¹»Òµû,,
1672,Albulina tatsienluica,¿µ¶¨æ¹»Òµû,,
1673,Albulina tibetana,Î÷²Øæ¹»Òµû,,
1674,Albulina lehana,À³°¢»Òµû,,
1675,Albulina gaborronkayi,¸Âæ¹»Òµû,,
1676,Albulina felicis,·Ææ¹»Òµû,,
1677,Albulina younghusbandi,Ó¾æ¹»Òµû,,
1678,Albulina omphisa,°Äæ¹»Òµû,,
1679,Albulina metallica,Ò«æ¹»Òµû,,
1680,Albulina gaborronkayi,¸Âæ¹»Òµû,,
1681,Albulina pharis,·¨Àûæ¹»Òµû,,
1682,Albulina shahidulla,,,
1683,Aricia chinensis,»ªÏÄ°®»Òµû,,
1684,Aricia agestis,°®»Òµû,,
1685,Aricia allous,°¢°®»Òµû,,
1686,Eumedonia eumedon,°£»Òµû,,
1687,Chilades lajus,×Ï»Òµû,,
1688,Chilades pandava,ÇúÎÆ×Ï»Òµû,,
1689,Chilades yunnanensis,ÔÆÄÏ×Ï»Òµû,,
1690,Freyeria trochylus,¸£À´»Òµû,,
1691,Freyeria putli,ÆÕ¸£À´»Òµû,,
1692,Plebejus argus,¶¹»Òµû,,
1693,Plebejus christophi,¿Ë¶¹»Òµû,,
1694,Plebejus samudra,Èø¶¹»Òµû,,
1695,Plebejus planorum,Æ½¶¹»Òµû,,
1696,Plebejus ganssuensis,,,
1697,Plebejus themis,Ì©¶¹»Òµû,,
1698,Plebejus biton,±Ï¶¹»Òµû,,
1699,Plebejus lucifuga,Â¶¶¹»Òµû,,
1700,Plebejus idas,,,
1701,Agriades pheretiades,²Ó»Òµû,,
1702,Agriades lamasem,À®²Ó»Òµû,,
1703,Agriades janigena,¼Î²Ó»Òµû,,
1704,Agriades morsheadi,Ä¬²Ó»Òµû,,
1705,Agriades luana,°ß²Ó»Òµû,,
1706,Agriades dis,µİ²Ó»Òµû,,
1707,Agriades sikkima,Îı½ğ²Ó»Òµû,,
1708,Agriades orbona,,,
1709,Vacciniina optilete,æ´»Òµû,,
1710,Lycaeides argyrognomon,ºìÖé»Òµû,,
1711,Lycaeides qinghaiensis,Çàº£Öé»Òµû,,
1712,Lycaeides subsolanus,Ë÷Öé»Òµû,,
1713,Agrodiaetus amandus,°¢µã»Òµû,,
1714,Agrodiaetus cyane,À¶µã»Òµû,,
1715,Agrodiaetus rueckbeili,Â¶µã»Òµû,,
1716,Agrodiaetus pylaon,Æ¤µã»Òµû,,
1717,Agrodiaetus damon,µã»Òµû,,
1718,Cyaniris semiargus,¿á»Òµû,,
1719,Cyaniris persephatta,Åæ¿á»Òµû,,
1720,Cyaniris annulata,°²¿á»Òµû,,
1721,Polyommatus eros,¶àÑÛ»Òµû,,
1722,Polyommatus venus,Î¬ÄÉË¹ÑÛ»Òµû,,
1723,Polyommatus sarta,ÈøÑÛ»Òµû,,
1724,Polyommatus icarus,ÒÁÑÛ»Òµû,,
1725,Polyommatus icadius,ÒÇÑÛ»Òµû,,
1726,Polyommatus hunza,ºæÑÛ»Òµû,,
1727,Polyommatus forresti,·ğÑÛ»Òµû,,
1728,Polyommatus erigone,°£ÑÛ»Òµû,,
1729,Polyommatus nuksani,Å«ÑÛ»Òµû,,
1730,Polyommatus chrysopis,½ğÑÛ»Òµû,,
1731,Polyommatus tsvetaevi,×ÈÑÛ»Òµû,,
1732,Polyommatus namjagbarwanus,,,
1733,Polyommatus sinina,,,
1734,Polyommatus faxiani,,,
1735,Polyommatus annulata,,,
1736,Polyommatus kashgharensis,,,
1737,Polyommatus lama,,,
1738,Polyommatus amorata,,,
1739,Bibasis sena,¹³ÎÆÉ¡Åªµû,,
1740,Bibasis aquilina,µñĞÎÉ¡Åªµû,,
1741,Bibasis gomata,°×É¡Åªµû,,
1742,Bibasis vasutana,·´ÔµÉ¡Åªµû,,
1743,Bibasis miracula,´óÉ¡Åªµû,,
1744,Bibasis striata,ÂÌÉ¡Åªµû,,
1745,Bibasis harisa,ºÖÉ¡Åªµû,,
1746,Bibasis amara,¶úÉ¡Åªµû,,
1747,Bibasis oedipodea,ºÚ°ßÉ¡Åªµû,,
1748,Bibasis jaina,³È³áÉ¡Åªµû,,
1749,Hasora anura,ÎŞÖºÅªµû,,
1750,Hasora schoenherr,½ğ´øÖºÅªµû,,
1751,Hasora vitta,Î³´øÖºÅªµû,,
1752,Hasora taminata,ÒøÕëÖºÅªµû,,
1753,Hasora chromus,Ë«°ßÖºÅªµû,,
1754,Hasora danda,ÎŞ°ßÖºÅªµû,,
1755,Hasora badra,Èı°ßÖºÅªµû,,
1756,Hasora mixta,ÃÔÖºÅªµû,,
1757,Hasora malayana,,,
1758,Badamia exclamationis,¼â³áÅªµû,,
1759,Choaspes stigmatus,ºÖÓĞ±êÂÌÅªµû,,
1760,Choaspes benjaminii,ÂÌÅªµû,,
1761,Choaspes hemixantha,°ë»ÆÂÌÅªµû,,
1762,Choaspes xanthopogon,»ÆÃ«ÂÌÅªµû,,
1763,Erynnis pelias,Î÷·½ÖéÅªµû,,
1764,Erynnis montanus,ÉîÉ½ÖéÅªµû,,
1765,Erynnis tages,ÖéÅªµû,,
1766,Erynnis popoviana,²¨ÖéÅªµû,,
1767,Carcharodus flocciferus,»¨¿¨Åªµû,,
1768,Carcharodus alceae,æ¹¿¨Åªµû,,
1769,Spialia struvei,ÌìÉ½ÊÎÅªµû,,
1770,Spialia galba,»ÆÊÎÅªµû,,
1771,Spialia sertorius,»¨ÊÎÅªµû,,
1772,Spialia orbifer,Å·ÊÎÅªµû,,
1773,Pyrgus malvae,½õ¿û»¨Åªµû,,
1774,Pyrgus alveus,±±·½»¨Åªµû,,
1775,Pyrgus speyeri,Ë¹°İ¶û»¨Åªµû,,
1776,Pyrgus serratulae,É«À­»¨Åªµû,,
1777,Pyrgus alpinus,¸ßÉ½»¨Åªµû,,
1778,Pyrgus maculatus,»¨Åªµû,,
1779,Pyrgus bieti,ÖĞ»ª»¨Åªµû,,
1780,Pyrgus oberthuri,°ÂÊÏ»¨Åªµû,,
1781,Pyrgus dejeani,ÈıÎÆ»¨Åªµû,,
1782,Muschampia staudingeri,Ï¡µãÅªµû,Syrichtus staudingeri,
1783,Muschampia prometheus,ÆÕµãÅªµû,,
1784,Muschampia antonia,¿í´ø°×µãÅªµû,Syrichtus antonia,
1785,Muschampia cribrellum,É¸µãÅªµû,,
1786,Muschampia tessellum,ĞÇµãÅªµû,Syrichtus tessellum,
1787,Muschampia gigas,¼ªµãÅªµû,,
1788,Lobocla simplex,¼òÎÆ´øÅªµû,,
1789,Lobocla liliana,»Æ´øÅªµû,,
1790,Lobocla germana,ÇúÎÆ´øÅªµû,,
1791,Lobocla nepos,¹­´øÅªµû,,
1792,Lobocla bifasciata,Ë«´øÅªµû,,
1793,Lobocla proxima,Ç¶´øÅªµû,,
1794,Capila hainana,º£ÄÏ´óÅªµû,,
1795,Capila pencillatum,Ã«Ë¢´óÅªµû,,
1796,Capila lineata,ÏßÎÆ´óÅªµû,,
1797,Capila neolineata,ÄâÎÆ´óÅªµû,,
1798,Capila pieridoides,°×·Û´óÅªµû,,
1799,Capila translucida,´°°ß´óÅªµû,,
1800,Capila pauripunetata,Î¢µã´óÅªµû,,
1801,Capila phanaeus,ĞÑÎÆ´óÅªµû,,
1802,Capila omeia,¶ëÃ¼´óÅªµû,,
1803,Capila pseudomeia,Ğ¤Ã¼´óÅªµû,,
1804,Seseria sambara,°×¸¹ÉªÅªµû,,
1805,Seseria dohertyi,½õÉªÅªµû,,
1806,Seseria formosana,Ì¨ÍåÉªÅªµû,,
1807,Abraximorpha davidii,°×Åªµû,,
1808,Abraximorpha heringi,ºÚÂö°×Åªµû,,
1809,Abraximorpha esta,ÔÆÄÏ°×Åªµû,,
1810,Odontoptilum angulatum,½Ç³áÅªµû,,
1811,Caprona agama,²ÊÅªµû,,
1812,Caprona alida,°×²ÊÅªµû,,
1813,Sarangesa dasahara,Ë¢ëÖÅªµû,,
1814,Pseudocoladenia fatua,¶Ì´ø½óÅªµû,,
1815,Pseudocoladenia dan,»Æ½óÅªµû,,
1816,Pseudocoladenia dea,´ó½óÅªµû,,
1817,Pseudocoladenia festa,ÃÜ´ø½óÅªµû,,
1818,Pseudocoladenia pinsbukana,Ì¨Íå½óÅªµû,Coladenia pinsbukana,Ì¨Íå´°Åªµû
1819,Celaenorrhinus dhanada,´ïÄÈ´ïĞÇÅªµû,,
1820,Celaenorrhinus aurivittatus,Ğ±´øĞÇÅªµû,,
1821,Celaenorrhinus aspersus,ÊèĞÇÅªµû,,
1822,Celaenorrhinus maculosus,°ßĞÇÅªµû,,
1823,Celaenorrhinus oscula,»ÆÉäÎÆĞÇÅªµû,,
1824,Celaenorrhinus yaojiani,Ò¦ÊÏĞÇÅªµû,,
1825,Celaenorrhinus inexspectus,Ô½ÄÏĞÇÅªµû,,
1826,Celaenorrhinus consanguineus,Í¬×ÚĞÇÅªµû,,
1827,Celaenorrhinus pero,»ÆĞÇÅªµû,,
1828,Celaenorrhinus pulomaya,¼â³áĞ¡ĞÇÅªµû,,
1829,Celaenorrhinus horishanus,Ì¨ÍåĞÇÅªµû,,
1830,Celaenorrhinus kiku,¾ÕĞÇÅªµû,,
1831,Celaenorrhinus ratna,Ğ¡ĞÇÅªµû,,
1832,Celaenorrhinus kurosawai,ºÚÔóĞÇÅªµû,,
1833,Celaenorrhinus plagifera,ÍøĞÇÅªµû,,
1834,Celaenorrhinus sumitra,¼â³áĞÇÅªµû,,
1835,Celaenorrhinus patula,ËÄ´¨ĞÇÅªµû,,
1836,Celaenorrhinus leucocera,°×½ÇĞÇÅªµû,,
1837,Celaenorrhinus munda,½àĞÇÅªµû,,
1838,Celaenorrhinus tibetana,Î÷²ØĞÇÅªµû,,
1839,Celaenorrhinus vietnamicus,Ô½ÄÏĞÇÅªµû,,
1840,Celaenorrhinus victor,,,
1841,Celaenorrhinus chamunda,ÄÏÑóĞÇÅªµû,,
1842,Celaenorrhinus major,´óĞÇÅªµû,,
1843,Gerosis bhagava,°×°ß½İÅªµû,,
1844,Gerosis yuani,Ô¬ÊÏ½İÅªµû,,
1845,Gerosis sinica,ÖĞ»ª½İÅªµû,,
1846,Gerosis phisara,·ËÒÄ½İÅªµû,,
1847,Ctenoptilum vasava,Êá³áÅªµû,,
1848,Satarupa valentini,ËÄ´¨ìªÅªµû,,
1849,Satarupa zulla,Î÷²ØìªÅªµû,,
1850,Satarupa gopala,ìªÅªµû,,
1851,Satarupa nymphalis,òÌĞÍìªÅªµû,,
1852,Satarupa monbeigi,ÃÜÎÆìªÅªµû,,
1853,Satarupa formosibia,Ì¨ÍåìªÅªµû,,
1854,Satarupa splendens,,,
1855,Coladenia uemurai,Å­½­´°Åªµû,,
1856,Coladenia laxmi,»Æ´°Åªµû,,
1857,Coladenia agnioides,Ã÷´°Åªµû,,
1858,Coladenia agni,ÃàÑò´°Åªµû,,
1859,Coladenia igna,ÒÀ´°Åªµû,,
1860,Coladenia hoenei,»¨´°Åªµû,,
1861,Coladenia sheila,ÓÄ´°Åªµû,,
1862,Coladenia vitrea,²£´°Åªµû,,
1863,Coladenia neomaeniata,Ğ¤´°Åªµû,,
1864,Coladenia maeniata,´°Åªµû,,
1865,Coladenia buchananii,²¼ÊÏ´°Åªµû,,
1866,Coladenia nankoshana,,,
1867,Mooreana trichoneura,Ã«ÂöÅªµû,,
1868,Darpa hanria,´ïÅªµû,,
1869,Darpa striata,ÎÆÃ«Åªµû,,
1870,Pintara bowringi,Ğ¡°ß±üÅªµû,,
1871,Pintara melli,´ó°ß±üÅªµû,,
1872,Daimio tethys,ºÚÅªµû,,
1873,Tagiades gana,°×±ßÈ¹Åªµû,,
1874,Tagiades trebellius,ÄÏÑóÈ¹Åªµû,,
1875,Tagiades litigiosa,Õ´±ßÈ¹Åªµû,,
1876,Tagiades menaka,ºÚ±ßÈ¹Åªµû,,
1877,Tagiades cohaerens,¹ö±ßÈ¹Åªµû,,
1878,Tagiades vajuna,,,
1879,Halpe homolea,Õ­³áÅªµû,,
1880,Barca bicolor,Ë«É«ÖÛÅªµû,,
1881,Heteropterus morpheus,Á´Åªµû,,
1882,Leptalina unicolor,Ğ¡Åªµû,,
1883,Carterocephalus silvicola,»Æ³áÒøÅªµû,,
1884,Carterocephalus houangty,Óú°ßÒøÅªµû,,
1885,Carterocephalus palaemon,ÒøÅªµû,,
1886,Carterocephalus urasimataro,ÎÚÀ­ÒøÅªµû,,
1887,Carterocephalus pulchra,ÃÀÀöÒøÅªµû,,
1888,Carterocephalus abax,ÉäÏßÒøÅªµû,,
1889,Carterocephalus patra,ÒøÏßÒøÅªµû,,
1890,Carterocephalus alcinus,ÔÆÄÏÒøÅªµû,,
1891,Carterocephalus stax,Îå°ßÒøÅªµû,,
1892,Carterocephalus alcinoides,»Æ°ßÒøÅªµû,,
1893,Carterocephalus argyrostigma,»ùµãÒøÅªµû,,
1894,Carterocephalus avanti,Ç°½øÒøÅªµû,,
1895,Carterocephalus dieckmanni,°×°ßÒøÅªµû,,
1896,Carterocephalus micio,Ğ¡ÒøÅªµû,,
1897,Carterocephalus christophi,¿ËÀíÒøÅªµû,,
1898,Carterocephalus flavomaculatus,»ÆµãÒøÅªµû,,
1899,Carterocephalus chayuensis,²ìÓçÒøÅªµû,,
1900,Carterocephalus niveomaculatus,Ñ©°ßÒøÅªµû,,
1901,Astictopterus jama,ëç³áÅªµû,,
1902,Cupitha purreea,À¯ğëÅªµû,,
1903,Zographetus satwa,»ÆÉÑÖ×ÂöÅªµû,,
1904,Zographetus pangi,ÅÓÊÏÖ×ÂöÅªµû,,
1905,Zographetus hainanensis,º£ÄÏÖ×ÂöÅªµû,,
1906,Pithauria stramineipennis,éÂ³áÅıÅªµû,,
1907,Pithauria linus,ÄâéÂÅıÅªµû,,
1908,Pithauria murdava,ÅıÅªµû,,
1909,Pithauria marsena,»Æ±êÅıÅªµû,,
1910,Arnetta atkinsoni,Í»ĞëÅªµû,,
1911,Sebastonyma dolopia,Ğ±´øÅªµû,,
1912,Aeromachus catocyanea,×Ï´øïÉÅªµû,,
1913,Aeromachus kali,×ÏµãïÉÅªµû,,
1914,Aeromachus inachus,ºÓ²®ïÉÅªµû,,
1915,Aeromachus stigmatus,±êïÉÅªµû,,
1916,Aeromachus piceus,ºÚïÉÅªµû,,
1917,Aeromachus monstrabilus,Î÷²ØïÉÅªµû,,
1918,Aeromachus jhora,¿íïÉÅªµû,,
1919,Aeromachus pseudojhora,Äâ¿íïÉÅªµû,,
1920,Aeromachus propinquus,ºÚ°ßïÉÅªµû,,
1921,Aeromachus dubius,ÒÉïÉÅªµû,,
1922,Aeromachus pygmaeus,ÙªÈåïÉÅªµû,,
1923,Aeromachus bandaishanus,Íò´óïÉÅªµû,,
1924,Aeromachus matudai,ÎíÉçïÉÅªµû,,
1925,Aeromachus dalailama,»Æ°ßïÉÅªµû,,
1926,Aeromachus nanus,Ğ¡ïÉÅªµû,Ampittia nana,Ğ¡»Æ°ßÅªµû
1927,Parasovia perbella,ÅÁÅªµû,,
1928,Ochus subvittatus,»¢Åªµû,,
1929,Baracus vittatus,°ÍÅªµû,,
1930,Sovia grahami,°µÔµì¬Åªµû,,
1931,Sovia lucasii,»Æ°ßì¬Åªµû,,
1932,Sovia separata,´íÔµì¬Åªµû,,
1933,Sovia fangi,·½ÊÏì¬Åªµû,,
1934,Sovia subflava,»Æ³áì¬Åªµû,,
1935,Sovia albipectus,°×´½ì¬Åªµû,,
1936,Sovia eminens,ÏÔì¬Åªµû,,
1937,Onryza maga,Ú©Åªµû,,
1938,Ampittia dioscorides,»Æ°ßÅªµû,,
1939,Ampittia virgata,¹³ĞÎ»Æ°ßÅªµû,,
1940,Ampittia trimacula,Èı»Æ°ßÅªµû,,
1941,Halpe zema,°×´øº¨Åªµû,,
1942,Halpe sikkima,Îı½ğº¨Åªµû,,
1943,Halpe kumara,¿âº¨Åªµû,,
1944,Halpe parakumara,Äâ¿âº¨Åªµû,,
1945,Halpe knyvetti,ºÚº¨Åªµû,,
1946,Halpe mixta,ÃÔº¨Åªµû,,
1947,Halpe porus,Ë«×Óº¨Åªµû,,
1948,Halpe gamma,»Æ°ßº¨Åªµû,,
1949,Halpe paupera,ÅÁº¨Åªµû,,
1950,Halpe hauxwelli,ºÀº¨Åªµû,,
1951,Halpe wantona,Íßº¨Åªµû,,
1952,Halpe arcuata,°¢º¨Åªµû,,
1953,Halpe nephele,¶ëÃ¼º¨Åªµû,,
1954,Halpe dizangpusa,µØ²Øº¨Åªµû,,
1955,Halpe molta,Ä¥º¨Åªµû,,
1956,Halpe aucma,°Âº¨Åªµû,,
1957,Halpe filda,·Éº¨Åªµû,,
1958,Halpe handa,ººº¨Åªµû,,
1959,Halpe homolea,¶À×Óº¨Åªµû,,
1960,Thoressa baileyi,±´ÀûÍÓÅªµû,,
1961,Thoressa bivitta,ÒøÌõÍÓÅªµû,,
1962,Thoressa blanchardii,³¤±êÍÓÅªµû,,
1963,Thoressa fusca,°¼°êÍÓÅªµû,,
1964,Thoressa gupta,Ö±°êÍÓÅªµû,,
1965,Thoressa hyrie,ºÖÍÓÅªµû,,
1966,Thoressa kuata,»ÆÃ«ÍÓÅªµû,,
1967,Thoressa latris,áâÍÓÅªµû,,
1968,Thoressa luanchuanensis,èï´¨ÍÓÅªµû,,
1969,Thoressa monastyrskyi,ºÚ°ßÍÓÅªµû,,
1970,Thoressa pandita,ÎŞ±êÍÓÅªµû,,
1971,Thoressa pedla,ÙªÈåÍÓÅªµû,,
1972,Thoressa serena,ÈüÍÓÅªµû,,
1973,Thoressa submacula,»¨È¹ÍÓÅªµû,,
1974,Thoressa masuriensis,ÂíËÕÍÓÅªµû,Pedesta masuriensis,ÂíËÕÀïÅÇÅªµû
1975,Thoressa horishana,»ÆÌõÍÓÅªµû,,
1976,Thoressa viridis,ÂÌÍÓÅªµû,,
1977,Thoressa xiaoqingae,ÄÏÁëÍÓÅªµû,,
1978,Thoressa yingqii,ÇØÁëÍÓÅªµû,,
1979,Thoressa zinnia,Àö½­ÍÓÅªµû,,
1980,Thoressa maculata,¹ğ±±ÍÓÅªµû,,
1981,Thoressa cerata,,,
1982,Psolos fuligo,ÑÌÅªµû,,
1983,Koruthaialos rubecula,ºì±êÅªµû,,
1984,Koruthaialos sindu,ĞÂºì±êÅªµû,,
1985,Koruthaialos butleri,ÆÍºì±êÅªµû,,
1986,Scobura woolletti,ÎŞ°ßĞëÅªµû,,
1987,Scobura matsutarai,¶¼½­ÙÈĞëÅªµû,,
1988,Scobura cephaloides,³¤ĞëÅªµû,,
1989,Scobura coniata,ĞëÅªµû,,
1990,Scobura lyso,ÏÔÂöĞëÅªµû,,
1991,Scobura evansi,°£ÎÄË¹ĞëÅªµû,,
1992,Scobura hainana,º£ÄÏĞëÅªµû,,
1993,Scobura isota,,,
1994,Scobura parawoolletti,,,
1995,Scobura stellata,,,
1996,Idmon sinica,ÖĞ»ªÒÁÅªµû,Yanoancistroides sinica,
1997,Idmon flavata,»ÆÒÁÅªµû,,
1998,Idmon fujiananus,¸£½¨ÒÁÅªµû,Astictopterus fujiananus,¸£½¨ëç³áÅªµû
1999,Idmon bicolora,Ë«É«ÒÁÅªµû,,
2000,Iambrix salsala,ÑÅÅªµû,,
2001,Suastus gremius,ËØÅªµû,,
2002,Suastus minutus,Ğ¡ËØÅªµû,,
2003,Erionota torus,»Æ°ß½¶Åªµû,,
2004,Erionota grandis,°×°ß½¶Åªµû,,
2005,Gangara thyrsis,Ò¬Åªµû,,
2006,Gangara lebadea,¼â³áÒ¬Åªµû,,
2007,Matapa sasivarna,ÂÌÂêÅªµû,,
2008,Matapa aria,ÂêÅªµû,,
2009,Matapa druna,ÖéÂêÅªµû,,
2010,Matapa cresta,ÓğÂêÅªµû,,
2011,Matapa pseudodruna,ÄâÖéÂêÅªµû,,
2012,Matapa purpurascens,,,
2013,Ancistroides nigrita,ºÚÉ«¹³Åªµû,,
2014,Notocrypta paralysos,Õ­ÎÆĞäÅªµû,,
2015,Notocrypta feisthamelii,¿íÎÆĞäÅªµû,,
2016,Notocrypta curvifascia,ÇúÎÆĞäÅªµû,,
2017,Notocrypta pria,ÎŞµãĞäÅªµû,,
2018,Udaspes folus,½ªÅªµû,,
2019,Udaspes stellata,Ğ¡ĞÇ½ªÅªµû,,
2020,Isoteinon lamprospilus,ì½Åªµû,,
2021,Praescobura chrysomaculata,ÅşÅªµû,,
2022,Quedara flavens,»Æ´øçùÅªµû,,
2023,Hyarotis adrastus,Ï£Åªµû,,
2024,Hyarotis quinquepunctatus,Îå°ßÏ£Åªµû,,
2025,Creteus cyrina,Ã÷°ßÅªµû,,
2026,Pyroneura margherita,»ğÂöÅªµû,,
2027,Lotongus saralus,çóÅªµû,,
2028,Parnara guttata,Ö±ÎÆµ¾Åªµû,,
2029,Parnara batta,´ÖÍ»µ¾Åªµû,,
2030,Parnara ganga,ÇúÎÆµ¾Åªµû,,
2031,Parnara bada,ĞşÎÆµ¾Åªµû,,
2032,Parnara apostata,Ô²Í»µ¾Åªµû,,
2033,Borbo cinnara,ôÌÅªµû,,
2034,Pseudoborbo bevani,ÄâôÌÅªµû,,
2035,Pelopidas mathias,ÒşÎÆ¹ÈÅªµû,,
2036,Pelopidas agna,ÄÏÑÇ¹ÈÅªµû,,
2037,Pelopidas sinensis,ÖĞ»ª¹ÈÅªµû,,
2038,Pelopidas subochracea,½üô÷¹ÈÅªµû,,
2039,Pelopidas assamensis,Ó¡¶È¹ÈÅªµû,,
2040,Pelopidas conjuncta,¹ÅÍ­¹ÈÅªµû,,
2041,Pelopidas jansonis,É½µØ¹ÈÅªµû,,
2042,Tsukiyamaia macromaculata,°×°ßÅªµû,,
2043,Polytremis lubricans,»ÆÎÆ¿×Åªµû,,
2044,Polytremis eltola,Ì¨Íå¿×Åªµû,,
2045,Polytremis discreta,ÈÚÎÆ¿×Åªµû,,
2046,Polytremis zina,´ÌÎÆ¿×Åªµû,,
2047,Polytremis matsuii,ËÉ¾®¿×Åªµû,,
2048,Polytremis kiraizana,ÆæÀ³¿×Åªµû,,
2049,Polytremis suprema,´óÑş¿×Åªµû,,
2050,Polytremis gigantea,Ë¶¿×Åªµû,,
2051,Polytremis pellucida,Í¸ÎÆ¿×Åªµû,,
2052,Polytremis mencia,ºÚ±ê¿×Åªµû,,
2053,Polytremis theca,ºĞÎÆ¿×Åªµû,,
2054,Polytremis jigongi,ÌìÄ¿¿×Åªµû,,
2055,Polytremis nascens,»ªÎ÷¿×Åªµû,,
2056,Polytremis micropunctata,Å­½­¿×Åªµû,,
2057,Polytremis caerulescens,×Ï°ß¿×Åªµû,,
2058,Polytremis gotama,Î¢µã¿×Åªµû,,
2059,Baoris pagana,ÅÁ´ÌëÖÅªµû,,
2060,Baoris penicillata,Ë¢³á´ÌëÖÅªµû,,
2061,Baoris farri,´ÌëÖÅªµû,,
2062,Baoris leechii,ÀèÊÏ´ÌëÖÅªµû,,
2063,Caltoris septentrionalis,ºÚÎÆçæÅªµû,,
2064,Caltoris tulsi,×Ï°ßçæÅªµû,,
2065,Caltoris kumara,¿âçæÅªµû,,
2066,Caltoris cormasa,·½°ßçæÅªµû,,
2067,Caltoris aurociliata,½ğÔµçæÅªµû,,
2068,Caltoris cahira,·ÅõàçæÅªµû,,
2069,Caltoris bromus,ÎŞ°ßçæÅªµû,,
2070,Caltoris chimdroa,,C. sirius chimdroa,
2071,Telicota colon,³¤±êÅªµû,,
2072,Telicota besta,»ªÄÏ³¤±êÅªµû,,
2073,Telicota ohara,»ÆÎÆ³¤±êÅªµû,,
2074,Telicota ancilla,ºì³á³¤±êÅªµû,,
2075,Telicota augias,×Ï³á³¤±êÅªµû,,
2076,Telicota linna,ºÚÂö³¤±êÅªµû,,
2077,Telicota bambusae,,,
2078,Cephrenes chrysozona,½ğ°ßÅªµû,,
2079,Potanthus rectifasciatus,Ö±ÎÆ»ÆÊÒÅªµû,,
2080,Potanthus pseudomaesa,Äâ»ÆÊÒÅªµû,,
2081,Potanthus wilemanni,Î¬ÊÏ»ÆÊÒÅªµû,,
2082,Potanthus pallidus,µ­É«»ÆÊÒÅªµû,,
2083,Potanthus trachalus,¶ÏÎÆ»ÆÊÒÅªµû,,
2084,Potanthus juno,Ñö¹â»ÆÊÒÅªµû,,
2085,Potanthus motzui,Ä¥»ÆÊÒÅªµû,,
2086,Potanthus diffusus,ÃÖÉ¢»ÆÊÒÅªµû,,
2087,Potanthus flavus,ÇúÎÆ»ÆÊÒÅªµû,,
2088,Potanthus taqini,ËşÊÏ»ÆÊÒÅªµû,,
2089,Potanthus yani,Æ½Í»»ÆÊÒÅªµû,,
2090,Potanthus confucius,¿××Ó»ÆÊÒÅªµû,,
2091,Potanthus riefenstahli,ÀíÊÏ»ÆÊÒÅªµû,,
2092,Potanthus mara,ÂêÀ­»ÆÊÒÅªµû,,
2093,Potanthus nesta,Á¬´ø»ÆÊÒÅªµû,,
2094,Potanthus mingo,Á¬ÎÆ»ÆÊÒÅªµû,,
2095,Potanthus parvus,¿íÎÆ»ÆÊÒÅªµû,,
2096,Potanthus lydius,¾âÎÆ»ÆÊÒÅªµû,,
2097,Potanthus ganda,ÄáÑÇË¹»ÆÊÒÅªµû,,
2098,Potanthus palnia,¼â³á»ÆÊÒÅªµû,,
2099,Potanthus tibetana,Î÷²Ø»ÆÊÒÅªµû,,
2100,Taractrocera danna,´ï»ÆÅªµû,,
2101,Taractrocera ceramas,¿¨»ÆÅªµû,,
2102,Taractrocera flavoides,»ÆÅªµû,,
2103,Taractrocera tilda,Ô²³á»ÆÅªµû,,
2104,Oriens gola,Å¼ÂÂÅªµû,,
2105,Oriens goloides,Ë«×ÓÅ¼ÂÂÅªµû,,
2106,Thymelicus leoninus,±ªÅªµû,,
2107,Thymelicus sylvaticus,ºÚ±ªÅªµû,,
2108,Thymelicus lineola,Ïß±ªÅªµû,,
2109,Thymelicus sylvestris,ÓĞ°ß±ªÅªµû,,
2110,Thymelicus nervulata,ÂöÎÆ±ªÅªµû,,
2111,Hesperia comma,Åªµû,,
2112,Hesperia florinda,ºìÅªµû,,
2113,Ochlodes venata,Ğ¡ô÷Åªµû,,
2114,Ochlodes sylvanus,É­ô÷Åªµû,,
2115,Ochlodes similis,ËÆĞ¡ô÷Åªµû,,
2116,Ochlodes sagitta,Ğ¤Ğ¡ô÷Åªµû,,
2117,Ochlodes ochracea,¿í±ßô÷Åªµû,,
2118,Ochlodes linga,Í¸°ßô÷Åªµû,,
2119,Ochlodes lanta,¾»È¹ô÷Åªµû,,
2120,Ochlodes hasegawai,ËØô÷Åªµû,,
2121,Ochlodes flavomaculata,»Æ°ßô÷Åªµû,,
2122,Ochlodes thibetana,Î÷²Øô÷Åªµû,,
2123,Ochlodes formosana,Ì¨Íåô÷Åªµû,,
2124,Ochlodes subhyalina,°×°ßô÷Åªµû,,
2125,Ochlodes crataeis,»Æô÷Åªµû,,
2126,Ochlodes siva,Ñ©É½ô÷Åªµû,,
2127,Ochlodes bouddha,ÆĞÌáô÷Åªµû,,
2128,Ochlodes klapperichii,ÕëÎÆô÷Åªµû,,
2129,Eogenes alcides,ÒÉ°ÂÅªµû,,
2130,Pudicitia pholus,ĞßÅªµû,,
2131,Tapena thwaitesi,×¶Åªµû,,
