1,Troides helena
2,Troides aeacus
3,Troides magellenus
4,Atrophaneura horishana
5,Atrophaneura aidoneus
6,Atrophaneura nox
7,Atrophaneura varuna
8,Byasa alcinous
9,Byasa confusus
10,Byasa impediens
11,Byasa mencius
12,Byasa daemonius
13,Byasa crassipes
14,Byasa plutonius
15,Byasa nevilli
16,Byasa polyeuctes
17,Byasa dasarada
18,Byasa hedistus
19,Byasa latreillei
20,Byasa polla
21,Byasa rhadinus
22,Losaria coon
23,Pachliopta aristolochiae
24,Chilasa clytia
25,Chilasa agestor
26,Chilasa epycides
27,Chilasa paradoxa
28,Chilasa slateri
29,Papilio polytes
30,Papilio nephelus
31,Papilio castor
32,Papilio mahadeva
33,Papilio helenus
34,Papilio noblei
35,Papilio protenor
36,Papilio memnon
37,Papilio alcmenor
38,Papilio bootes
39,Papilio macilentus
40,Papilio thaiwanus
41,Papilio rumanzovia
42,Papilio bianor
43,Papilio polyctor
44,Papilio dialis
45,Papilio maackii
46,Papilio hoppo
47,Papilio arcturus
48,Papilio krishna
49,Papilio paris
50,Papilio hermosanus
51,Papilio demoleus
52,Papilio xuthus
53,Papilio machaon
54,Agehana elwesi
55,Agehana maraho
56,Lamproptera curius
57,Lamproptera meges
58,Lamproptera paracurius
59,Graphium sarpedon
60,Graphium adonarensis
61,Graphium cloanthus
62,Graphium agamemnon
63,Graphium chironides
64,Graphium leechi
65,Graphium doson
66,Graphium eurypylus
67,Graphium evemon
68,Paranticopsis macareus
69,Paranticopsis megarus
70,Paranticopsis xenocles
71,Paranticopsis phidias
72,Pathysa antiphates
73,Pathysa agetes
74,Pathysa aristea
75,Pathysa nomius
76,Pazala alebion
77,Pazala mullah
78,Pazala euroa
79,Pazala glycerion
80,Pazala parus
81,Pazala tamerlana
82,Pazala sichuanica
83,Iphiclides podalirius
84,Iphiclides podalirinus
85,Meandrusa payeni
86,Meandrusa sciron
87,Meandrusa lachinus
88,Teinopalpus imperialis
89,Teinopalpus aureus
90,Sericinus montelus
91,Bhutanitis lidderdalii
92,Bhutanitis mansfieldi
93,Bhutanitis thaidina
94,Luehdorfia puziloi
95,Luehdorfia chinensis
96,Luehdorfia longicaudata
97,Hypermnestra helios
98,Parnassius apollonius
99,Parnassius bremeri
100,Parnassius phoebus
101,Parnassius actius
102,Parnassius jacquemontii
103,Parnassius epaphus
104,Parnassius tianschanicus
105,Parnassius nomion
106,Parnassius apollo
107,Parnassius mnemosyne
108,Parnassius stubbendorfii
109,Parnassius citrinarius
110,Parnassius eversmanni
111,Parnassius ariadne
112,Parnassius orleans
113,Parnassius hardwickii
114,Parnassius szechenyii
115,Parnassius cephalus
116,Parnassius schulteri
117,Parnassius maharajus
118,Parnassius labeyriei
119,Parnassius acco
120,Parnassius hunningtoni
121,Parnassius przewalskii
122,Parnassius baileyi
123,Parnassius acdestis
124,Parnassius delphius
125,Parnassius staudingeri
126,Parnassius imperator
127,Parnassius charltonius
128,Parnassius loxias
129,Parnassius tenedius
130,Parnassius simo
131,Parnassius andreji
132,Parnassius dongalaicus
133,Parnassius mercurius
134,Parnassius patricius
135,Parnassius biamanensis
136,Parnassius augustus
137,Parnassius huberi
138,Parnassius hide
139,Parnassius nosei
140,Parnassius ruckbeili
141,Catopsilia pomona
142,Catopsilia scylla
143,Catopsilia pyranthe
144,Catopsilia florella
145,Dercas verhuelli
146,Dercas lycorias
147,Dercas nina
148,Colias erate
149,Colias poliographus
150,Colias erschoffi
151,Colias fieldii
152,Colias palaeno
153,Colias heos
154,Colias diva
155,Colias chrysotheme
156,Colias hyale
157,Colias montium
158,Colias berylla
159,Colias nebulosa
160,Colias arida
161,Colias adelaidae
162,Colias wanda
163,Colias stoliczkana
164,Colias eogene
165,Colias grumi
166,Colias sifanica
167,Colias aegidii
168,Colias cocandica
169,Colias tamerlana
170,Colias tibetana
171,Colias ladakensis
172,Colias nina
173,Colias thrasibulus
174,Colias felderi
175,Colias lada
176,Colias thisoa
177,Colias staudingeri
178,Colias tyche
179,Colias viluiensis
180,Colias dubia
181,Colias sieversi
182,Eurema brigitta
183,Eurema laeta
184,Eurema hecabe
185,Eurema mandarina
186,Eurema blanda
187,Eurema andersoni
188,Eurema alitha
189,Eurema ada
190,Gandaca harina
191,Gonepteryx mahaguru
192,Gonepteryx aspasia
193,Gonepteryx taiwana
194,Gonepteryx maxima
195,Gonepteryx rhamni
196,Gonepteryx amintha
197,Gonepteryx nepalensis
198,Ixias pyrene
199,Delias pasithoe
200,Delias acalis
201,Delias hyparete
202,Delias lativitta
203,Delias subnubila
204,Delias belladonna
205,Delias sanaca
206,Delias berinda
207,Delias agostina
208,Delias patrua
209,Delias descombesi
210,Delias levicki
211,Appias libythea
212,Appias albina
213,Appias paulina
214,Appias indra
215,Appias lalage
216,Appias pandione
217,Appias lalassis
218,Appias galba
219,Appias lyncida
220,Prioneris clemanthe
221,Prioneris thestylis
222,Aporia crataegi
223,Aporia hippia
224,Aporia bieti
225,Aporia martineti
226,Aporia potanini
227,Aporia genestieri
228,Aporia howarthi
229,Aporia leucodice
230,Aporia procris
231,Aporia uedai
232,Aporia lhamo
233,Aporia tsinglingica
234,Aporia goutellei
235,Aporia bernardi
236,Aporia delavayi
237,Aporia largeteaui
238,Aporia gigantea
239,Aporia agathon
240,Aporia lemoulti
241,Aporia oberthueri
242,Aporia hastata
243,Aporia kamei
244,Aporia nishimurai
245,Aporia acraea
246,Aporia tayiensis
247,Aporia harrietae
248,Apoia monbeigi
249,Aporia larraldei
250,Aporia kanekoi
251,Mesapia peloria
252,Cepora nerissa
253,Cepora nadina
254,Cepora judith
255,Pieris brassicae
256,Pieris deota
257,Pieris rapae
258,Pieris canidia
259,Pieris krueperi
260,Pieris extensa
261,Pieris napi
262,Pieris dulcinea
263,Pieris erutae
264,Pieris latouchei
265,Pieris steinigeri
266,Pieris melete
267,Pieris melaina
268,Pieris dubernardi
269,Pieris wangi
270,Pieris chumbiensis
271,Pieris kozlovi
272,Pieris rothschildi
273,Pieris aljinensis
274,Pieris davidis
275,Pieris venata
276,Pieris shangrilla
277,Pontia chloridice
278,Pontia daplidice
279,Pontia callidice
280,Talbotia naganum
281,Baltia shawii
282,Baltia butleri
283,Leptosia nina
284,Hebomoia glaucippe
285,Pareronia valeria
286,Anthocharis scolymus
287,Anthocharis bieti
288,Anthocharis cardamines
289,Anthocharis bambusarum
290,Anthocharis thibetana
291,Zegris eupheme
292,Zegris pyrothoe
293,Euchloe creusa
294,Leptidea amurensis
295,Leptidea serrata
296,Leptidea morsei
297,Leptidea sinapis
298,Leptidea gigantea
299,Leptidea lactea
300,Melanitis leda
301,Melanitis phedima
302,Melanitis zitenius
303,Cyllogenes maculata
304,Cyllogenes suradeva
305,Cyllogenes janetae
306,Lethe dura
307,Lethe moupinensis
308,Lethe sura
309,Lethe kansa
310,Lethe sinorix
311,Lethe mataja
312,Lethe europa
313,Lethe rohria
314,Lethe jalaurida
315,Lethe nosei
316,Lethe moelleri
317,Lethe chandica
318,Lethe mekara
319,Lethe confusa
320,Lethe verma
321,Lethe violaceopicta
322,Lethe visrava
323,Lethe siderea
324,Lethe maitrya
325,Lethe sidonis
326,Lethe cybele
327,Lethe monolifera
328,Lethe manzora
329,Lethe gemina
330,Lethe inomatai
331,Lethe syrcis
332,Lethe cyrene
333,Lethe sicelides
334,Lethe gracilis
335,Lethe procne
336,Lethe helle
337,Lethe uemurai
338,Lethe leei
339,Lethe nigrifascia
340,Lethe liyufeii
341,Lethe armandina
342,Lethe shirozui
343,Lethe ocellata
344,Lethe labyrinthea
345,Lethe yantra
346,Lethe yoshikoae
347,Lethe goalpara
348,Lethe niitakana
349,Lethe albolineata
350,Lethe andersoni
351,Lethe hayashii
352,Lethe luteofasciata
353,Lethe argentata
354,Lethe yunnana
355,Lethe baladeva
356,Lethe ramadeva
357,Lethe christophi
358,Lethe camilla
359,Lethe privigna
360,Lethe insana
361,Lethe baucis
362,Lethe serbonis
363,Lethe laodamia
364,Lethe titania
365,Lethe vindhya
366,Lethe diana
367,Lethe hecate
368,Lethe marginalis
369,Lethe lanaris
370,Lethe helena
371,Lethe oculatissima
372,Lethe butleri
373,Lethe satyrina
374,Lethe trimacula
375,Lethe proxima
376,Lethe umedai
377,Lethe latiaris
378,Lethe guansia
379,Lethe baileyi
380,Lethe bhairava
381,Lethe bitaensis
382,Lethe kanjupkula
383,Lethe liae
384,Lethe lisuae
385,Lethe wui
386,Lethe kouleikouzana
387,Lethe neofasciata
388,Lethe baoshana
389,Lethe minerva
390,Lethe distans
391,Lethe gulnihal
392,Lethe margaritae
393,Lethe paraprocne
394,Lethe yuemingae
395,Lethe berdievi
396,Neope bhadra
397,Neope armandii
398,Neope lacticolora
399,Neope pulaha
400,Neope pulahoides
401,Neope bremeri
402,Neope agrestis
403,Neope christi
404,Neope simulans
405,Neope dejeani
406,Neope muirheadii
407,Neope yama
408,Neope oberthueri
409,Neope ramosa
410,Neope shirozui
411,Neope contrast
412,Neope chayuensis
413,Neope serica
414,Neope pulahina
415,Ninguta schrenkii
416,Mandarinia regalis
417,Mandarinia uemurai
418,Rhaphicera dumicola
419,Rhaphicera satricus
420,Rhaphicera moorei
421,Orinoma damaris
422,Orinoma alba
423,Nosea hainanensis
424,Chonala praeusta
425,Chonala episcopalis
426,Chonala masoni
427,Chonala miyatai
428,Chonala yunnana
429,Chonala irene
430,Chonala laurae
431,Tatinga tibetana
432,Lopinga achine
433,Lopinga dumetora
434,Lopinga nemorum
435,Lopinga eckweileri
436,Lopinga catena
437,Lopinga gerdae
438,Lopinga fulvescens
439,Lasiommata eversmanni
440,Lasiommata minuscula
441,Lasiommata majuscula
442,Lasiommata deidamia
443,Lasiommata maera
444,Lasiommata kasumi
445,Kirinia epaminondas
446,Kirinia epimenides
447,Kirinia eversmanni
448,Orsotriaena medus
449,Mycalesis mineus
450,Mycalesis gotama
451,Mycalesis sangaica
452,Mycalesis perseus
453,Mycalesis francisca
454,Mycalesis intermedia
455,Mycalesis panthaka
456,Mycalesis lepcha
457,Mycalesis anaxias
458,Mycalesis misenus
459,Mycalesis mamerta
460,Mycalesis unica
461,Mycalesis suavolens
462,Penthema adelma
463,Penthema formosana
464,Penthema darlisa
465,Penthema lisarda
466,Callarge sagitta
467,Neorina patria
468,Neorina hilda
469,Neorina neosinica
470,Ethope henrici
471,Ethope noirei
472,Ethope himachala
473,Elymnias nesaea
474,Elymnias malelas
475,Elymnias hypermnestra
476,Elymnias vacudeva
477,Elymnias patna
478,Coelites nothis
479,Ragadia crisilda
480,Ragadia crito
481,Acropolis thalia
482,Melanargia russiae
483,Melanargia halimede
484,Melanargia leda
485,Melanargia ganymedes
486,Melanargia lugens
487,Melanargia asiatica
488,Melanargia epimede
489,Melanargia meridionalis
490,Melanargia montana
491,Hyponephele interposita
492,Hyponephele lupinus
493,Hyponephele dysdora
494,Hyponephele lycaon
495,Hyponephele huebneri
496,Hyponephele naricina
497,Hyponephele caducina
498,Hyponephele kirghisa
499,Hyponephele naubidensis
500,Hyponephele sifanica
501,Satyrus ferula
502,Satyrus parisatis
503,Minois dryas
504,Minois nagasawae
505,Minois aurata
506,Minois paupera
507,Paroeneis palaearctica
508,Paroeneis sikkimensis
509,Paroeneis pumilus
510,Paroeneis bicolor
511,Paroeneis parapumilus
512,Paroeneis grandis
513,Karanasa regeli
514,Karanasa latifasciata
515,Pseudochazara hippolyte
516,Pseudochazara baldiva
517,Pseudochazara turkestana
518,Eumenis autonoe
519,Chazara anthe
520,Chazara heydenreichii
521,Chazara briseis
522,Aulocera padma
523,Aulocera loha
524,Aulocera merlina
525,Aulocera magica
526,Aulocera sybillina
527,Aulocera brahminus
528,Aulocera lativitta
529,Aulocera saraswati
530,Aulocera ellenae
531,Aulocera koiwayai
532,Davidina armandi
533,Davidina alticola
534,Ypthima balda
535,Ypthima zodia
536,Ypthima conjuncta
537,Ypthima formosana
538,Ypthima yamanakai
539,Ypthima lisandra
540,Ypthima medusa
541,Ypthima sakra
542,Ypthima nikaea
543,Ypthima tappana
544,Ypthima praenubila
545,Ypthima ciris
546,Ypthima perfecta
547,Ypthima esakii
548,Ypthima chinensis
549,Ypthima nareda
550,Ypthima iris
551,Ypthima multistriata
552,Ypthima dromon
553,Ypthima megalomma
554,Ypthima motschulskyi
555,Ypthima melli
556,Ypthima argus
557,Ypthima insolita
558,Ypthima asterope
559,Ypthima yangjiahei
560,Ypthima dengae
561,Ypthima pemakoi
562,Ypthima confusa
563,Ypthima sinica
564,Ypthima tiani
565,Ypthima albipuncta
566,Ypthima methorina
567,Ypthima parasakra
568,Ypthima savara
569,Ypthima similis
570,Ypthima sobrina
571,Ypthima wangi
572,Ypthima beautei
573,Ypthima akragas
574,Ypthima pseudodromon
575,Ypthima akbar
576,Ypthima putamdui
577,Ypthima baileyi
578,Ypthima frontierii
579,Ypthima yoshinobui
580,Ypthima lihongxingi
581,Ypthima phania
582,Ypthima muotuoensis
583,Ypthima pseudosakra
584,Ypthima uemuraiana
585,Ypthima microphthalma
586,Ypthima angustipennis
587,Ypthima wenlungi
588,Ypthima eckweileri
589,Ypthima kitawakii
590,Ypthima prattii
591,Ypthima phania
592,Palaeonympha opalina
593,Callerebia suroia
594,Callerebia polyphemus
595,Callerebia baileyi
596,Callerebia hybrida
597,Callerebia ulfi
598,Loxerebia saxicola
599,Loxerebia pratorum
600,Loxerebia martyr
601,Loxerebia carola
602,Loxerebia sylvicola
603,Loxerebia albipuncta
604,Loxerebia megalops
605,Loxerebia bocki
606,Loxerebia zhongdianensis
607,Loxerebia lianhuanensis
608,Loxerebia phyllis
609,Loxerebia yphtimoides
610,Loxerebia innupta
611,Loxerebia yukikoae
612,Loxerebia pieli
613,Loxerebia loczyi
614,Hemadara delavayi
615,Hemadara ruricola
616,Hemadara narasingha
617,Hemadara minorata
618,Hemadara albiligata
619,Hemadara rurigena
620,Hemadara seitzi
621,Proterebia afra
622,Eugrumia herse
623,Eugrumia koenigi
624,Eugrumia discalis
625,Argestina pomena
626,Argestina inconstans
627,Argestina karta
628,Argestina waltoni
629,Paralasa hades
630,Paralasa kalinda
631,Paralasa zhongdianensis
632,Paralasa nitida
633,Paralasa phantasta
634,Sinonympha avinoffi
635,Boeberia parmenio
636,Oeneis urda
637,Oeneis nanna
638,Oeneis buddha
639,Oeneis mongolica
640,Oeneis jutta
641,Oeneis melissa
642,Oeneis peartiae
643,Oeneis norna
644,Coenonympha amaryllis
645,Coenonympha oedippus
646,Coenonympha pamphilus
647,Coenonympha sunbecca
648,Coenonympha semenovi
649,Coenonympha hero
650,Coenonympha arcania
651,Coenonympha tydeus
652,Coenonympha sinica
653,Coenonympha glycerion
654,Lyela myops
655,Aphantopus hyperantus
656,Aphantopus arvensis
657,Aphantopus maculosa
658,Triphysa phryne
659,Triphysa dohrnii
660,Triphysa nervosa
661,Erebia alcmena
662,Erebia neriene
663,Erebia ligea
664,Erebia theano
665,Erebia turanica
666,Erebia sibo
667,Erebia kalmuka
668,Erebia cyclopia
669,Erebia wanga
670,Erebia atramentaria
671,Erebia tsengelensis
672,Erebia tristior
673,Atercoloratus alini
674,Zipaetis unipupillata
675,Zipaetis scylax
676,Arethusana arethusa
677,Libythea lepita
678,Libythea myrrha
679,Libythea geoffroyi
680,Danaus chrysippus
681,Danaus genutia
682,Tirumala limniace
683,Tirumala gautama
684,Tirumala septentrionis
685,Parantica sita
686,Parantica pedonga
687,Parantica melanea
688,Parantica swinhoei
689,Parantica aglea
690,Ideopsis vulgaris
691,Ideopsis similis
692,Idea leuconoe
693,Euploea midamus
694,Euploea core
695,Euploea eunice
696,Euploea sylvester
697,Euploea tulliola
698,Euploea mulciber
699,Euploea algea
700,Euploea klugii
701,Euploea radamantha
702,Calinaga davidis
703,Calinaga buddha
704,Calinaga lhatso
705,Calinaga sudassana
706,Calinaga aborica
707,Calinaga funebris
708,Discophora sondaica
709,Discophora timora
710,Enispe lunatum
711,Enispe cycnus
712,Enispe euthymius
713,Thaumantis diores
714,Thaumantis hainana
715,Amathuxidia morishitai
716,Thauria lathyi
717,Aemona amathusia
718,Aemona lena
719,Aemona oberthueri
720,Stichophthalma howqua
721,Stichophthalma suffusa
722,Stichophthalma neumogeni
723,Stichophthalma louisa
724,Stichophthalma fruhstorferi
725,Stichophthalma nourmahal
726,Stichophthalma le
727,Stichophthalma sparta
728,Stichophthalma camadeva
729,Faunis eumeus
730,Faunis aerope
731,Faunis canens
732,Acraea issoria
733,Acraea violae
734,Cethosia biblis
735,Cethosia cyane
736,Vindula erota
737,Vagrans egista
738,Terinos atlita
739,Cupha erymanthis
740,Phalanta phalantha
741,Phalanta alcippe
742,Cirrochroa aoris
743,Cirrochroa tyche
744,Paduca fasciata
745,Argynnis paphia
746,Argynnis hyperbius
747,Argynnis anadyomene
748,Argynnis sagana
749,Argynnis laodice
750,Argynnis ruslana
751,Argynnis pandora
752,Argynnis childreni
753,Argynnis zenobia
754,Argynnis nerippe
755,Argynnis niobe
756,Argynnis xipe
757,Argynnis ornatissima
758,Argynnis adippe
759,Argynnis aglaja
760,Argynnis clara
761,Issoria eugenia
762,Issoria lathonia
763,Issoria gemmata
764,Issoria altissima
765,Brenthis hecate
766,Brenthis daphne
767,Brenthis ino
768,Clossiana gong
769,Clossiana selene
770,Clossiana perryi
771,Clossiana selenis
772,Clossiana dia
773,Clossiana freija
774,Clossiana erubescens
775,Clossiana euphrosyne
776,Clossiana iphigenia
777,Clossiana angarensis
778,Clossiana thore
779,Clossiana oscarus
780,Clossiana titania
781,Clossiana erda
782,Proclossiana eunomia
783,Boloria generator
784,Boloria sifanica
785,Boloria altaica
786,Boloria sipora
787,Boloria palina
788,Boloria eupales
789,Kallima inachus
790,Kallima alicia
791,Kallima limborgii
792,Kallima alompra
793,Doleschallia bisaltide
794,Yoma sabina
795,Hypolimnas missipus
796,Hypolimnas bolina
797,Vanessa indica
798,Vanessa cardui
799,Aglais urticae
800,Aglais chinensis
801,Aglais ladakensis
802,Aglais caschmirensis
803,Aglais nixa
804,Kaniska canace
805,Nymphalis antiopa
806,Nymphalis xanthomelas
807,Nymphalis vau-album
808,Polygonia c-album
809,Polygonia c-aureum
810,Polygonia gigantea
811,Polygonia extensa
812,Polygonia interposita
813,Polygonia gongga
814,Inachis io
815,Junonia almana
816,Junonia orithya
817,Junonia hierta
818,Junonia lemonias
819,Junonia atlites
820,Junonia iphita
821,Symbrenthia brabira
822,Symbrenthia leoparda
823,Symbrenthia hypselis
824,Symbrenthia niphanda
825,Symbrenthia lilaea
826,Symbrenthia silana
827,Symbrenthia doni
828,Symbrenthia sinoides
829,Symbrenthia sinica
830,Araschnia levana
831,Araschnia prorsoides
832,Araschnia doris
833,Araschnia burejana
834,Araschnia davidis
835,Euphydryas aurinia
836,Euphydryas iduna
837,Euphydryas maturna
838,Euphydryas ichnea
839,Euphydryas sibirica
840,Mellicta athalia
841,Mellicta dictynna
842,Mellicta plotina
843,Mellicta ambigua
844,Mellicta britomartis
845,Mellicta rebeli
846,Melitaea didyma
847,Melitaea didymoides
848,Melitaea yuenty
849,Melitaea romanovi
850,Melitaea cinxia
851,Melitaea pallas
852,Melitaea agar
853,Melitaea bellona
854,Melitaea jezabel
855,Melitaea diamina
856,Melitaea scotosia
857,Melitaea ala
858,Melitaea latonigena
859,Melitaea sutschana
860,Melitaea fergana
861,Melitaea infernalis
862,Melitaea asteroida
863,Melitaea solona
864,Melitaea protomedia
865,Melitaea arcesia
866,Melitaea phoebe
867,Melitaea sibina
868,Prothoe franck
869,Polyura arja
870,Polyura athamas
871,Polyura schreiber
872,Polyura narcaea
873,Polyura eudamippus
874,Polyura dolon
875,Polyura nepenthes
876,Polyura posidonius
877,Charaxes marmax
878,Charaxes aristogiton
879,Charaxes bernardus
880,Charaxes kahruba
881,Apatura iris
882,Apatura bieti
883,Apatura ilia
884,Apatura metis
885,Apatura laverna
886,Mimathyma chevana
887,Mimathyma nycteis
888,Mimathyma ambica
889,Mimathyma schrenckii
890,Chitoria fasciola
891,Chitoria ulupi
892,Chitoria subcaerulea
893,Chitoria pallas
894,Chitoria sordida
895,Chitoria chrysolora
896,Chitoria modesta
897,Chitoria naga
898,Chitoria leei
899,Rohana parisatis
900,Rohana parvata
901,Rohana nakula
902,Timelaea maculata
903,Timelaea albescens
904,Dilipa fenestra
905,Dilipa morgiana
906,Lelecella limenitoides
907,Sephisa chandra
908,Sephisa princeps
909,Sephisa daimio
910,Helcyra plesseni
911,Helcyra subalba
912,Helcyra superba
913,Helcyra heminea
914,Herona marathus
915,Eulaceura osteria
916,Euripus nyctelius
917,Euripus consimilis
918,Hestina assimilis
919,Hestina persimilis
920,Hestina nama
921,Hestina nicevillei
922,Sasakia funebris
923,Sasakia charonda
924,Pseudergolis wedah
925,Stibochiona nicea
926,Dichorragia nesimachus
927,Dichorragia nesseus
928,Cyrestis themire
929,Cyrestis cocles
930,Cyrestis thyodamas
931,Cyrestis nivea
932,Chersonesia risa
933,Ariadne ariadne
934,Ariadne merione
935,Laringa horsfieldii
936,Seokia pratti
937,Chalinga elwesi
938,Parthenos sylvia
939,Bhagadatta austenia
940,Euthalia lubentina
941,Euthalia apex
942,Euthalia irrubescens
943,Euthalia phemius
944,Euthalia aconthea
945,Euthalia alpheda
946,Euthalia monina
947,Euthalia eriphylae
948,Euthalia anosia
949,Euthalia yao
950,Euthalia saitaphernes
951,Euthalia evelina
952,Euthalia franciae
953,Euthalia durga
954,Euthalia linpingensis
955,Euthalia iva
956,Euthalia patala
957,Euthalia confucius
958,Euthalia kardama
959,Euthalia mingyiae
960,Euthalia hebe
961,Euthalia pulchella
962,Euthalia guangdongensis
963,Euthalia nara
964,Euthalia chayuana
965,Euthalia colinsmithi
966,Euthalia pacifica
967,Euthalia bunzoi
968,Euthalia omeia
969,Euthalia pratti
970,Euthalia occidentalis
971,Euthalia malapana
972,Euthalia sahadeva
973,Euthalia narayana
974,Euthalia pyrrha
975,Euthalia kosempona
976,Euthalia strephon
977,Euthalia khama
978,Euthalia dubernardi
979,Euthalia staudingeri
980,Euthalia thibetana
981,Euthalia rickettsi
982,Euthalia masumi
983,Euthalia koharai
984,Euthalia hoa
985,Euthalia yasuyukii
986,Euthalia monbeigi
987,Euthalia duda
988,Euthalia pseudoduda
989,Euthalia sakota
990,Euthalia chayuensis
991,Euthalia aristides
992,Euthalia kameii
993,Euthalia alpherakyi
994,Euthalia heweni
995,Euthalia insulae
996,Euthalia formosana
997,Euthalia thawgawa
998,Euthalia intusfascia
999,Euthalia pauxilla
1000,Euthalia orientalis
1001,Euthalia continentalis
1002,Euthalia teuta
1003,Cynitia telchinia
1004,Cynitia whiteheadi
1005,Cynitia lepidea
1006,Cynitia cocytus
1007,Tanaecia julii
1008,Tanaecia jahnu
1009,Lexias cyanipardus
1010,Lexias pardalis
1011,Lexias dirtea
1012,Auzakia danava
1013,Abrota ganga
1014,Neurosigma siva
1015,Limenitis populi
1016,Limenitis dubernardi
1017,Limenitis moltrechti
1018,Limenitis cleophas
1019,Limenitis disjucta
1020,Limenitis amphyssa
1021,Limenitis homeyeri
1022,Limenitis misuji
1023,Limenitis helmanni
1024,Limenitis doerriesi
1025,Limenitis sulpitia
1026,Limenitis sydyi
1027,Limenitis ciocolatina
1028,Limenitis camilla
1029,Limenitis tamaii
1030,Athyma asura
1031,Athyma opalina
1032,Athyma perius
1033,Athyma selenophora
1034,Athyma cama
1035,Athyma zeroca
1036,Athyma punctata
1037,Athyma ranga
1038,Athyma recurva
1039,Athyma jina
1040,Athyma fortuna
1041,Athyma pravara
1042,Athyma nefte
1043,Athyma whitei
1044,Litinga mimica
1045,Litinga cottini
1046,Moduza procris
1047,Lebadea martha
1048,Sumalia daraxa
1049,Patsuia sinensis
1050,Parasarpa dudu
1051,Parasarpa albomaculata
1052,Parasarpa hourberti
1053,Parasarpa zayla
1054,Lasippa viraja
1055,Lasippa heliodore
1056,Pantoporia hordonia
1057,Pantoporia sandaka
1058,Pantoporia paraka
1059,Pantoporia bieti
1060,Pantoporia assamica
1061,Pantoporia aurelia
1062,Pantoporia dingdinga
1063,Neptis sappho
1064,Neptis hylas
1065,Neptis yerburii
1066,Neptis clinia
1067,Neptis soma
1068,Neptis nata
1069,Neptis mahendra
1070,Neptis reducta
1071,Neptis choui
1072,Neptis leucoporos
1073,Neptis noyala
1074,Neptis harita
1075,Neptis miah
1076,Neptis sankara
1077,Neptis kuangtungensis
1078,Neptis philyra
1079,Neptis speyeri
1080,Neptis cartica
1081,Neptis nashona
1082,Neptis ananta
1083,Neptis namba
1084,Neptis pseudonamba
1085,Neptis taiwana
1086,Neptis thestias
1087,Neptis zaida
1088,Neptis antilope
1089,Neptis sylvana
1090,Neptis meloria
1091,Neptis armandia
1092,Neptis hesione
1093,Neptis radha
1094,Neptis narayana
1095,Neptis cydippe
1096,Neptis beroe
1097,Neptis arachne
1098,Neptis nemorosa
1099,Neptis manasa
1100,Neptis nycteus
1101,Neptis thisbe
1102,Neptis obscurior
1103,Neptis yunnana
1104,Neptis themis
1105,Neptis qianweiguoi
1106,Neptis ilos
1107,Neptis thetis
1108,Neptis nemorum
1109,Neptis philyroides
1110,Neptis rivularis
1111,Neptis pryeri
1112,Neptis andetria
1113,Neptis divisa
1114,Neptis alwina
1115,Neptis dejeani
1116,Phaedyma aspasia
1117,Phaedyma columella
1118,Phaedyma chinga
1119,Aldania raddei
1120,Aldania imitans
1121,Polycaena princeps
1122,Polycaena lama
1123,Polycaena chauchawensis
1124,Polycaena carmelita
1125,Polycaena lua
1126,Polycaena matuta
1127,Polycaena yunnana
1128,Polycaena kansuensis
1129,Polycaena aestivalis
1130,Takashia nana
1131,Abisara freda
1132,Abisara fylla
1133,Abisara fylloides
1134,Abisara neophron
1135,Abisara chelina
1136,Abisara burnii
1137,Abisara echerius
1138,Abisara saturata
1139,Abisara abnormis
1140,Paralaxita dora
1141,Taxila hainana
1142,Stiboges nymphidia
1143,Stiboges elodinia
1144,Zemeros flegyas
1145,Dodona eugenes
1146,Dodona egeon
1147,Dodona dipoea
1148,Dodona adonira
1149,Dodona durga
1150,Dodona ouida
1151,Dodona deodata
1152,Dodona henrici
1153,Dodona kaolinkon
1154,Dodona moritai
1155,Dodona dracon
1156,Dodona maculosa
1157,Dodona hoenei
1158,Poritia erycinoides
1159,Poritia hewitsoni
1160,Allotinus drumila
1161,Miletus boisduvali
1162,Miletus chinensis
1163,Miletus mallus
1164,Miletus nymphis
1165,Miletus archilochus
1166,Miletus bannanus
1167,Logania marmorata
1168,Spalgis epeus
1169,Taraka hamada
1170,Taraka shiloi
1171,Curetis acuta
1172,Curetis saronis
1173,Curetis bulis
1174,Curetis brunnea
1175,Shirozua jonasi
1176,Shirozua melpomene
1177,Thecla betulae
1178,Thecla ohyai
1179,Iozephyrus betulinus
1180,Artopoetes pryeri
1181,Artopoetes praetextatus
1182,Ussuriana michaelis
1183,Ussuriana fani
1184,Ussuriana igarashii
1185,Coreana raphaelis
1186,Shaanxiana takashimai
1187,Gonerilia seraphim
1188,Gonerilia thespis
1189,Gonerilia pesthis
1190,Gonerilia minerva
1191,Cordelia comes
1192,Cordelia koizumii
1193,Cordelia wilemaniella
1194,Neogonerilia okamurai
1195,Neogonerilia budda
1196,Pseudogonerilia kitawakii
1197,Japonica saepestriata
1198,Japonica lutea
1199,Japonica patungkoanui
1200,Nanlingozephyrus bella
1201,Leucantigius atayalicus
1202,Protantigius superans
1203,Araragi enthea
1204,Araragi sugiyamai
1205,Araragi panda
1206,Antigius attilia
1207,Antigius cheni
1208,Antigius jinpingi
1209,Antigius butleri
1210,Wagimo signata
1211,Wagimo sulgeri
1212,Wagimo insularis
1213,Wagimo asanoi
1214,Ravenna nivea
1215,Yamamotozephyrus kwangtungensis
1216,Saigusaozephyrus atabyrius
1217,Euaspa milionia
1218,Euaspa forsteri
1219,Euaspa wuyishana
1220,Euaspa tayal
1221,Howarthia caelestis
1222,Howarthia nigricans
1223,Howarthia sakakibarai
1224,Howarthia wakaharai
1225,Howarthia watanabei
1226,Howarthia hishikawai
1227,Howarthia cheni
1228,Howarthia melli
1229,Hayashikeia courvoisieri
1230,Hayashikeia sugiyamai
1231,Hayashikeia florianii
1232,Hayashikeia koizumii
1233,Teratozephyrus arisanus
1234,Teratozephyrus tsukiyamahiroshii
1235,Teratozephyrus yugaii
1236,Teratozephyrus hecale
1237,Teratozephyrus nuwai
1238,Teratozephyrus chibahideyukii
1239,Teratozephyrus hinomaru
1240,Fujiokaozephyrus tsangkie
1241,Fujiokaozephyrus camurius
1242,Uedaozephyrus kuromon
1243,Iwaseozephyrus longicaudatus
1244,Iwaseozephyrus bieti
1245,Iwaseozephyrus mandara
1246,Iwaseozephyrus ackeryi
1247,Esakiozephyrus icanus
1248,Esakiozephyrus zotelistes
1249,Kameiozephyrus neis
1250,Iratsume orsedice
1251,Neozephyrus japonicus
1252,Neozephyrus taiwanus
1253,Neozephyrus uedai
1254,Neozephyrus helenae
1255,Neozephyrus coruscans
1256,Neozephyrus dubernardi
1257,Neozephyrus suroia
1258,Chrysozephyrus smaragdina
1259,Chrysozephyrus yunnanensis
1260,Chrysozephyrus tatsienluensis
1261,Chrysozephyrus nishikaze
1262,Chrysozephyrus duma
1263,Chrysozephyrus dumoides
1264,Chrysozephyrus kimurai
1265,Chrysozephyrus inthanonensis
1266,Chrysozephyrus sakula
1267,Chrysozephyrus gaoi
1268,Chrysozephyrus linae
1269,Chrysozephyrus zoa
1270,Chrysozephyrus marginatus
1271,Chrysozephyrus yoshikoae
1272,Chrysozephyrus brillantinus
1273,Chrysozephyrus haradai
1274,Chrysozephyrus sikkimensis
1275,Chrysozephyrus fujiokai
1276,Chrysozephyrus okamurai
1277,Chrysozephyrus esakii
1278,Chrysozephyrus vittatus
1279,Chrysozephyrus kabrua
1280,Chrysozephyrus nigroapicalis
1281,Chrysozephyrus setohi
1282,Chrysozephyrus shimizui
1283,Chrysozephyrus scintillans
1284,Chrysozephyrus watsoni
1285,Chrysozephyrus tiemushanus
1286,Chrysozephyrus souleana
1287,Chrysozephyrus disparatus
1288,Chrysozephyrus rarasanus
1289,Chrysozephyrus hisamatsusanus
1290,Chrysozephyrus splendidulus
1291,Chrysozephyrus yuchingkinus
1292,Chrysozephyrus teisoi
1293,Shirozuozephyrus paona
1294,Shirozuozephyrus leigongshanensis
1295,Kawazoeozephyrus mushaellus
1296,Thermozephyrus ataxus
1297,Thermozephyrus lingi
1298,Favonius orientalis
1299,Favonius leechi
1300,Favonius taxila
1301,Favonius korshunovi
1302,Favonius watanabei
1303,Favonius cognatus
1304,Favonius ultramarinus
1305,Favonius saphirinus
1306,Sibataniozephyrus kuafui
1307,Sibataniozephyrus lijinae
1308,Arhopala bazala
1309,Arhopala japonica
1310,Arhopala eumolphus
1311,Arhopala hellenore
1312,Arhopala hellenoroides
1313,Arhopala rama
1314,Arhopala paramuta
1315,Arhopala qiongdaoensis
1316,Arhopala aida
1317,Arhopala arvina
1318,Arhopala oenea
1319,Arhopala pseudocentaurus
1320,Arhopala birmana
1321,Arhopala comica
1322,Arhopala perimuta
1323,Arhopala bazaloides
1324,Arhopala dispar
1325,Arhopala luoi
1326,Thaduka multicaudata
1327,Mahathala ameria
1328,Mahathala ariadeva
1329,Panchala ganesa
1330,Panchala paraganesa
1331,Panchala birmana
1332,Panchala aberrans
1333,Panchala ammonides
1334,Flos asoka
1335,Flos chinensis
1336,Flos areste
1337,Flos diardi
1338,Flos adriana
1339,Flos yunnanensis
1340,Surendra quercetorum
1341,Zinaspa distorta
1342,Zinaspa zana
1343,Zinaspa todara
1344,Zinaspa youngi
1345,Amblopala avidiena
1346,Mota massyla
1347,Amblypodia anita
1348,Iraota timoleon
1349,Catapaecilma major
1350,Acupicta hainanicum
1351,Loxura atymnus
1352,Yasoda androconifera
1353,Yasoda tripunctata
1354,Horaga rarasana
1355,Horaga albimacula
1356,Horaga onyx
1357,Horaga syrinx
1358,Ticherra acte
1359,Cheritrella truncipennis
1360,Apharitis acamas
1361,Spindasis syama
1362,Spindasis lohita
1363,Spindasis kuyaniana
1364,Spindasis takanonis
1365,Spindasis rukmini
1366,Spindasis leechi
1367,Spindasis zhengweilie
1368,Spindasis gigas
1369,Tajuria maculata
1370,Tajuria cippus
1371,Tajuria illurgis
1372,Tajuria luculenta
1373,Tajuria gui
1374,Tajuria diaeus
1375,Tajuria caerulea
1376,Tajuria nanlingana
1377,Tajuria androconia
1378,Suasa lisides
1379,Dacalana cotys
1380,Dacalana penicilligera
1381,Pratapa deva
1382,Pratapa icetas
1383,Maneca bhotea
1384,Charana mandarina
1385,Neocheritra fabronia
1386,Creon cleobis
1387,Rachana jalindra
1388,Remelana jangala
1389,Ancema ctesia
1390,Ancema blanka
1391,Hypolycaena erylus
1392,Chliaria kina
1393,Chilaria othona
1394,Zeltus amasa
1395,Drupadia scaeva
1396,Deudorix epijarbas
1397,Deudorix rapaloides
1398,Deudorix hypargyria
1399,Deudorix hainana
1400,Deudorix pseudorapaloides
1401,Deudorix nanlingensis
1402,Deudorix repercussa
1403,Deudorix sylvana
1404,Artipe eryx
1405,Rapala nissa
1406,Rapala micans
1407,Rapala subpurpurea
1408,Rapala takasagonis
1409,Rapala bomiensis
1410,Rapala iarbus
1411,Rapala varuna
1412,Rapala manea
1413,Rapala suffusa
1414,Rapala caerulea
1415,Rapala arata
1416,Rapala pheretima
1417,Rapala nemorensis
1418,Rapala hades
1419,Rapala rectivitta
1420,Rapala catena
1421,Qinorapala qinlingana
1422,Sinthusa chandrana
1423,Sinthusa nasaka
1424,Sinthusa rayata
1425,Sinthusa zhejiangensis
1426,Sinthusa menglaensis
1427,Sinthusa virgo
1428,Tomares fedtschenkoi
1429,Ahlbergia nicevillei
1430,Ahlbergia frivaldszkyi
1431,Ahlbergia prodiga
1432,Ahlbergia chalybeia
1433,Ahlbergia bimaculata
1434,Ahlbergia korea
1435,Ahlbergia leei
1436,Ahlbergia arquata
1437,Ahlbergia pluto
1438,Ahlbergia aleucopuncta
1439,Ahlbergia unicolora
1440,Ahlbergia caerulea
1441,Ahlbergia circe
1442,Ahlbergia caesius
1443,Ahlbergia lynda
1444,Ahlbergia chalcidis
1445,Ahlbergia confusa
1446,Ahlbergia dongyui
1447,Ahlbergia leechuanlungi
1448,Ahlbergia hsui
1449,Ahlbergia ferrea
1450,Ahlbergia distincta
1451,Ahlbergia luoliangi
1452,Ahlbergia clarofacia
1453,Ahlbergia clarolinea
1454,Ahlbergia matusiki
1455,Ahlbergia liyufeii
1456,Ahlbergia zhoujingshuae
1457,Callophrys rubi
1458,Novosatsuma pratti
1459,Novosatsuma collosa
1460,Novosatsuma magnasuffusa
1461,Novosatsuma plumbagina
1462,Novosatsuma oppocoenosa
1463,Novosatsuma magnapurpurea
1464,Novosatsuma cibdela
1465,Novosatsuma pictila
1466,Cissatsuma albilinea
1467,Cissatsuma kansuensis
1468,Cissatsuma halosa
1469,Cissatsuma tuba
1470,Cissatsuma crenata
1471,Cissatsuma contexta
1472,Satyrium w-album
1473,Satyrium iyonis
1474,Satyrium v-album
1475,Satyrium latior
1476,Satyrium prunoides
1477,Satyrium minshanicum
1478,Satyrium dejeani
1479,Satyrium bozanoi
1480,Satyrium pruni
1481,Satyrium grandis
1482,Satyrium formosanum
1483,Satyrium oenone
1484,Satyrium yangi
1485,Satyrium eximia
1486,Satyrium persimilis
1487,Satyrium lais
1488,Satyrium percomis
1489,Satyrium patrius
1490,Satyrium tamikoae
1491,Satyrium ornata
1492,Satyrium inflammata
1493,Satyrium austrinum
1494,Satyrium redae
1495,Satyrium phyllodendri
1496,Satyrium thalia
1497,Satyrium tanakai
1498,Satyrium inouei
1499,Satyrium watarii
1500,Satyrium esakii
1501,Satyrium pseudopruni
1502,Satyrium neosinica
1503,Neolycaena rhymnus
1504,Neolycaena tengstroemi
1505,Neolycaena davidi
1506,Neolycaena sinensis
1507,Neolycaena yiliensis(Huang
1508,Neolycaena iliensis
1509,Neolycaena eckweileri
1510,Helleia li
1511,Helleia helle
1512,Lycaena phlaeas
1513,Lycaena sichuanica
1514,Thersamonia dispar
1515,Thersamonia thersamon
1516,Thersamonia solskyi
1517,Thersamonia alpherakyi
1518,Thersamonia splendens
1519,Heodes virgaureae
1520,Heodes alciphron
1521,Heodes ouang
1522,Heodes irmae
1523,Heodes tityrus
1524,Athamanthia tseng
1525,Athamanthia svenhedini
1526,Athamanthia pang
1527,Athamanthia athamantis
1528,Athamanthia pavana
1529,Athamanthia kasyapa
1530,Athamanthia standfussi
1531,Athamanthia dimorpha
1532,Palaeochrysomphanus hippothoe
1533,Heliophorus androcles
1534,Heliophorus saphir
1535,Heliophorus saphiroides
1536,Heliophorus moorei
1537,Heliophorus indicus
1538,Heliophorus phoenicoparyphus
1539,Heliophorus ila
1540,Heliophorus epicles
1541,Heliophorus gloria
1542,Heliophorus brahma
1543,Heliophorus tamu
1544,Heliophorus eventa
1545,Heliophorus yunnani
1546,Heliophorus kohimensis
1547,Heliophorus pulcher
1548,Heliophorus delacouri
1549,Heliophorus stotzneri
1550,Niphanda fusca
1551,Niphanda tessellata
1552,Niphanda cymbia
1553,Niphanda asialis
1554,Anthene emolus
1555,Anthene lycaenina
1556,Orthomiella pontis
1557,Orthomiella sinensis
1558,Orthomiella rantaizana
1559,Una usta
1560,Petrelaea dana
1561,Caleta roxus
1562,Caleta elna
1563,Discolampa ethion
1564,Castalius rosimon
1565,Tarucus theophrastus
1566,Syntarucus plinius
1567,Nacaduba beroe
1568,Nacaduba kurava
1569,Nacaduba pactolus
1570,Nacaduba hermus
1571,Nacaduba berenice
1572,Nacaduba jiangi
1573,Prosotas nora
1574,Prosotas aluta
1575,Prosotas lutea
1576,Prosotas dubiosa
1577,Prosotas bhutea
1578,Prosotas pia
1579,Prosotas gracilis
1580,Ionolyce helicon
1581,Nothodanis schaeffera
1582,Catopyrops ancyra
1583,Jamides bochus
1584,Jamides elpis
1585,Jamides alecto
1586,Jamides celeno
1587,Jamides pura
1588,Catochrysops strabo
1589,Catochrysops panormus
1590,Lampides boeticus
1591,Euchrysops cnejus
1592,Zizeeria karsandra
1593,Zizeeria knysna
1594,Pseudozizeeria maha
1595,Zizina otis
1596,Zizina emelina
1597,Zizula hylax
1598,Famegana alsulus
1599,Cupido minimus
1600,Cupido buddhista
1601,Cupido prosecusa
1602,Sinocupido lokiangensis
1603,Shijimia moorei
1604,Tongeia filicaudis
1605,Tongeia hainani
1606,Tongeia fischeri
1607,Tongeia zuthus
1608,Tongeia potanini
1609,Tongeia ion
1610,Tongeia arcana
1611,Tongeia davidi
1612,Tongeia menpae
1613,Tongeia dongchuanensis
1614,Tongeia pseudozuthus
1615,Tongeia amplifascia
1616,Tongeia bella
1617,Tongeia confusa
1618,Everes argiades
1619,Everes lacturnus
1620,Everes acaudata
1621,Bothrinia nebulosa
1622,Bothrinia chennellii
1623,Talicada nyseus
1624,Pithecops corvus
1625,Pithecops fulgens
1626,Pithecops ryukyuensis
1627,Acytolepis puspa
1628,Celatoxia marginata
1629,Udara albocaerulea
1630,Udara dilecta
1631,Udara selma
1632,Lestranicus transpectus
1633,Celastrina argiola
1634,Celastrina lavendularis
1635,Celastrina oreas
1636,Celastrina hersilia
1637,Celastrina gigas
1638,Celastrina morsheadi
1639,Celastrina sugitanii
1640,Celastrina filipjevi
1641,Celastrina huegelli
1642,Celastrina perplexa
1643,Callenya melaena
1644,Megisba malaya
1645,Neopithecops zalmora
1646,Monodontides musina
1647,Maculinea arion
1648,Maculinea arionides
1649,Maculinea teleia
1650,Maculinea cyanecula
1651,Maculinea kurentzovi
1652,Maculinea alcon
1653,Caerulea coeligena
1654,Caerulea coelestis
1655,Iolana gigantea
1656,Phengaris atroguttata
1657,Phengaris daitozana
1658,Phengaris albida
1659,Phengaris xiushani
1660,Glaucopsyche lycormas
1661,Glaucopsyche alexis
1662,Palaeophilotes triphysina
1663,Scolitantides orion
1664,Sinia leechi
1665,Sinia lanty
1666,Shijimiaeoides divina
1667,Subsulanoides nagata
1668,Albulina orbitula
1669,Albulina sajana
1670,Albulina qinlingensis
1671,Albulina amphirrhoe
1672,Albulina tatsienluica
1673,Albulina tibetana
1674,Albulina lehana
1675,Albulina gaborronkayi
1676,Albulina felicis
1677,Albulina younghusbandi
1678,Albulina omphisa
1679,Albulina metallica
1680,Albulina gaborronkayi
1681,Albulina pharis
1682,Albulina shahidulla
1683,Aricia chinensis
1684,Aricia agestis
1685,Aricia allous
1686,Eumedonia eumedon
1687,Chilades lajus
1688,Chilades pandava
1689,Chilades yunnanensis
1690,Freyeria trochylus
1691,Freyeria putli
1692,Plebejus argus
1693,Plebejus christophi
1694,Plebejus samudra
1695,Plebejus planorum
1696,Plebejus ganssuensis
1697,Plebejus themis
1698,Plebejus biton
1699,Plebejus lucifuga
1700,Plebejus idas
1701,Agriades pheretiades
1702,Agriades lamasem
1703,Agriades janigena
1704,Agriades morsheadi
1705,Agriades luana
1706,Agriades dis
1707,Agriades sikkima
1708,Agriades orbona
1709,Vacciniina optilete
1710,Lycaeides argyrognomon
1711,Lycaeides qinghaiensis
1712,Lycaeides subsolanus
1713,Agrodiaetus amandus
1714,Agrodiaetus cyane
1715,Agrodiaetus rueckbeili
1716,Agrodiaetus pylaon
1717,Agrodiaetus damon
1718,Cyaniris semiargus
1719,Cyaniris persephatta
1720,Cyaniris annulata
1721,Polyommatus eros
1722,Polyommatus venus
1723,Polyommatus sarta
1724,Polyommatus icarus
1725,Polyommatus icadius
1726,Polyommatus hunza
1727,Polyommatus forresti
1728,Polyommatus erigone
1729,Polyommatus nuksani
1730,Polyommatus chrysopis
1731,Polyommatus tsvetaevi
1732,Polyommatus namjagbarwanus
1733,Polyommatus sinina
1734,Polyommatus faxiani
1735,Polyommatus annulata
1736,Polyommatus kashgharensis
1737,Polyommatus lama
1738,Polyommatus amorata
1739,Bibasis sena
1740,Bibasis aquilina
1741,Bibasis gomata
1742,Bibasis vasutana
1743,Bibasis miracula
1744,Bibasis striata
1745,Bibasis harisa
1746,Bibasis amara
1747,Bibasis oedipodea
1748,Bibasis jaina
1749,Hasora anura
1750,Hasora schoenherr
1751,Hasora vitta
1752,Hasora taminata
1753,Hasora chromus
1754,Hasora danda
1755,Hasora badra
1756,Hasora mixta
1757,Hasora malayana
1758,Badamia exclamationis
1759,Choaspes stigmatus
1760,Choaspes benjaminii
1761,Choaspes hemixantha
1762,Choaspes xanthopogon
1763,Erynnis pelias
1764,Erynnis montanus
1765,Erynnis tages
1766,Erynnis popoviana
1767,Carcharodus flocciferus
1768,Carcharodus alceae
1769,Spialia struvei
1770,Spialia galba
1771,Spialia sertorius
1772,Spialia orbifer
1773,Pyrgus malvae
1774,Pyrgus alveus
1775,Pyrgus speyeri
1776,Pyrgus serratulae
1777,Pyrgus alpinus
1778,Pyrgus maculatus
1779,Pyrgus bieti
1780,Pyrgus oberthuri
1781,Pyrgus dejeani
1782,Muschampia staudingeri
1783,Muschampia prometheus
1784,Muschampia antonia
1785,Muschampia cribrellum
1786,Muschampia tessellum
1787,Muschampia gigas
1788,Lobocla simplex
1789,Lobocla liliana
1790,Lobocla germana
1791,Lobocla nepos
1792,Lobocla bifasciata
1793,Lobocla proxima
1794,Capila hainana
1795,Capila pencillatum
1796,Capila lineata
1797,Capila neolineata
1798,Capila pieridoides
1799,Capila translucida
1800,Capila pauripunetata
1801,Capila phanaeus
1802,Capila omeia
1803,Capila pseudomeia
1804,Seseria sambara
1805,Seseria dohertyi
1806,Seseria formosana
1807,Abraximorpha davidii
1808,Abraximorpha heringi
1809,Abraximorpha esta
1810,Odontoptilum angulatum
1811,Caprona agama
1812,Caprona alida
1813,Sarangesa dasahara
1814,Pseudocoladenia fatua
1815,Pseudocoladenia dan
1816,Pseudocoladenia dea
1817,Pseudocoladenia festa
1818,Pseudocoladenia pinsbukana
1819,Celaenorrhinus dhanada
1820,Celaenorrhinus aurivittatus
1821,Celaenorrhinus aspersus
1822,Celaenorrhinus maculosus
1823,Celaenorrhinus oscula
1824,Celaenorrhinus yaojiani
1825,Celaenorrhinus inexspectus
1826,Celaenorrhinus consanguineus
1827,Celaenorrhinus pero
1828,Celaenorrhinus pulomaya
1829,Celaenorrhinus horishanus
1830,Celaenorrhinus kiku
1831,Celaenorrhinus ratna
1832,Celaenorrhinus kurosawai
1833,Celaenorrhinus plagifera
1834,Celaenorrhinus sumitra
1835,Celaenorrhinus patula
1836,Celaenorrhinus leucocera
1837,Celaenorrhinus munda
1838,Celaenorrhinus tibetana
1839,Celaenorrhinus vietnamicus
1840,Celaenorrhinus victor
1841,Celaenorrhinus chamunda
1842,Celaenorrhinus major
1843,Gerosis bhagava
1844,Gerosis yuani
1845,Gerosis sinica
1846,Gerosis phisara
1847,Ctenoptilum vasava
1848,Satarupa valentini
1849,Satarupa zulla
1850,Satarupa gopala
1851,Satarupa nymphalis
1852,Satarupa monbeigi
1853,Satarupa formosibia
1854,Satarupa splendens
1855,Coladenia uemurai
1856,Coladenia laxmi
1857,Coladenia agnioides
1858,Coladenia agni
1859,Coladenia igna
1860,Coladenia hoenei
1861,Coladenia sheila
1862,Coladenia vitrea
1863,Coladenia neomaeniata
1864,Coladenia maeniata
1865,Coladenia buchananii
1866,Coladenia nankoshana
1867,Mooreana trichoneura
1868,Darpa hanria
1869,Darpa striata
1870,Pintara bowringi
1871,Pintara melli
1872,Daimio tethys
1873,Tagiades gana
1874,Tagiades trebellius
1875,Tagiades litigiosa
1876,Tagiades menaka
1877,Tagiades cohaerens
1878,Tagiades vajuna
1879,Halpe homolea
1880,Barca bicolor
1881,Heteropterus morpheus
1882,Leptalina unicolor
1883,Carterocephalus silvicola
1884,Carterocephalus houangty
1885,Carterocephalus palaemon
1886,Carterocephalus urasimataro
1887,Carterocephalus pulchra
1888,Carterocephalus abax
1889,Carterocephalus patra
1890,Carterocephalus alcinus
1891,Carterocephalus stax
1892,Carterocephalus alcinoides
1893,Carterocephalus argyrostigma
1894,Carterocephalus avanti
1895,Carterocephalus dieckmanni
1896,Carterocephalus micio
1897,Carterocephalus christophi
1898,Carterocephalus flavomaculatus
1899,Carterocephalus chayuensis
1900,Carterocephalus niveomaculatus
1901,Astictopterus jama
1902,Cupitha purreea
1903,Zographetus satwa
1904,Zographetus pangi
1905,Zographetus hainanensis
1906,Pithauria stramineipennis
1907,Pithauria linus
1908,Pithauria murdava
1909,Pithauria marsena
1910,Arnetta atkinsoni
1911,Sebastonyma dolopia
1912,Aeromachus catocyanea
1913,Aeromachus kali
1914,Aeromachus inachus
1915,Aeromachus stigmatus
1916,Aeromachus piceus
1917,Aeromachus monstrabilus
1918,Aeromachus jhora
1919,Aeromachus pseudojhora
1920,Aeromachus propinquus
1921,Aeromachus dubius
1922,Aeromachus pygmaeus
1923,Aeromachus bandaishanus
1924,Aeromachus matudai
1925,Aeromachus dalailama
1926,Aeromachus nanus
1927,Parasovia perbella
1928,Ochus subvittatus
1929,Baracus vittatus
1930,Sovia grahami
1931,Sovia lucasii
1932,Sovia separata
1933,Sovia fangi
1934,Sovia subflava
1935,Sovia albipectus
1936,Sovia eminens
1937,Onryza maga
1938,Ampittia dioscorides
1939,Ampittia virgata
1940,Ampittia trimacula
1941,Halpe zema
1942,Halpe sikkima
1943,Halpe kumara
1944,Halpe parakumara
1945,Halpe knyvetti
1946,Halpe mixta
1947,Halpe porus
1948,Halpe gamma
1949,Halpe paupera
1950,Halpe hauxwelli
1951,Halpe wantona
1952,Halpe arcuata
1953,Halpe nephele
1954,Halpe dizangpusa
1955,Halpe molta
1956,Halpe aucma
1957,Halpe filda
1958,Halpe handa
1959,Halpe homolea
1960,Thoressa baileyi
1961,Thoressa bivitta
1962,Thoressa blanchardii
1963,Thoressa fusca
1964,Thoressa gupta
1965,Thoressa hyrie
1966,Thoressa kuata
1967,Thoressa latris
1968,Thoressa luanchuanensis
1969,Thoressa monastyrskyi
1970,Thoressa pandita
1971,Thoressa pedla
1972,Thoressa serena
1973,Thoressa submacula
1974,Thoressa masuriensis
1975,Thoressa horishana
1976,Thoressa viridis
1977,Thoressa xiaoqingae
1978,Thoressa yingqii
1979,Thoressa zinnia
1980,Thoressa maculata
1981,Thoressa cerata
1982,Psolos fuligo
1983,Koruthaialos rubecula
1984,Koruthaialos sindu
1985,Koruthaialos butleri
1986,Scobura woolletti
1987,Scobura matsutarai
1988,Scobura cephaloides
1989,Scobura coniata
1990,Scobura lyso
1991,Scobura evansi
1992,Scobura hainana
1993,Scobura isota
1994,Scobura parawoolletti
1995,Scobura stellata
1996,Idmon sinica
1997,Idmon flavata
1998,Idmon fujiananus
1999,Idmon bicolora
2000,Iambrix salsala
2001,Suastus gremius
2002,Suastus minutus
2003,Erionota torus
2004,Erionota grandis
2005,Gangara thyrsis
2006,Gangara lebadea
2007,Matapa sasivarna
2008,Matapa aria
2009,Matapa druna
2010,Matapa cresta
2011,Matapa pseudodruna
2012,Matapa purpurascens
2013,Ancistroides nigrita
2014,Notocrypta paralysos
2015,Notocrypta feisthamelii
2016,Notocrypta curvifascia
2017,Notocrypta pria
2018,Udaspes folus
2019,Udaspes stellata
2020,Isoteinon lamprospilus
2021,Praescobura chrysomaculata
2022,Quedara flavens
2023,Hyarotis adrastus
2024,Hyarotis quinquepunctatus
2025,Creteus cyrina
2026,Pyroneura margherita
2027,Lotongus saralus
2028,Parnara guttata
2029,Parnara batta
2030,Parnara ganga
2031,Parnara bada
2032,Parnara apostata
2033,Borbo cinnara
2034,Pseudoborbo bevani
2035,Pelopidas mathias
2036,Pelopidas agna
2037,Pelopidas sinensis
2038,Pelopidas subochracea
2039,Pelopidas assamensis
2040,Pelopidas conjuncta
2041,Pelopidas jansonis
2042,Tsukiyamaia macromaculata
2043,Polytremis lubricans
2044,Polytremis eltola
2045,Polytremis discreta
2046,Polytremis zina
2047,Polytremis matsuii
2048,Polytremis kiraizana
2049,Polytremis suprema
2050,Polytremis gigantea
2051,Polytremis pellucida
2052,Polytremis mencia
2053,Polytremis theca
2054,Polytremis jigongi
2055,Polytremis nascens
2056,Polytremis micropunctata
2057,Polytremis caerulescens
2058,Polytremis gotama
2059,Baoris pagana
2060,Baoris penicillata
2061,Baoris farri
2062,Baoris leechii
2063,Caltoris septentrionalis
2064,Caltoris tulsi
2065,Caltoris kumara
2066,Caltoris cormasa
2067,Caltoris aurociliata
2068,Caltoris cahira
2069,Caltoris bromus
2070,Caltoris chimdroa
2071,Telicota colon
2072,Telicota besta
2073,Telicota ohara
2074,Telicota ancilla
2075,Telicota augias
2076,Telicota linna
2077,Telicota bambusae
2078,Cephrenes chrysozona
2079,Potanthus rectifasciatus
2080,Potanthus pseudomaesa
2081,Potanthus wilemanni
2082,Potanthus pallidus
2083,Potanthus trachalus
2084,Potanthus juno
2085,Potanthus motzui
2086,Potanthus diffusus
2087,Potanthus flavus
2088,Potanthus taqini
2089,Potanthus yani
2090,Potanthus confucius
2091,Potanthus riefenstahli
2092,Potanthus mara
2093,Potanthus nesta
2094,Potanthus mingo
2095,Potanthus parvus
2096,Potanthus lydius
2097,Potanthus ganda
2098,Potanthus palnia
2099,Potanthus tibetana
2100,Taractrocera danna
2101,Taractrocera ceramas
2102,Taractrocera flavoides
2103,Taractrocera tilda
2104,Oriens gola
2105,Oriens goloides
2106,Thymelicus leoninus
2107,Thymelicus sylvaticus
2108,Thymelicus lineola
2109,Thymelicus sylvestris
2110,Thymelicus nervulata
2111,Hesperia comma
2112,Hesperia florinda
2113,Ochlodes venata
2114,Ochlodes sylvanus
2115,Ochlodes similis
2116,Ochlodes sagitta
2117,Ochlodes ochracea
2118,Ochlodes linga
2119,Ochlodes lanta
2120,Ochlodes hasegawai
2121,Ochlodes flavomaculata
2122,Ochlodes thibetana
2123,Ochlodes formosana
2124,Ochlodes subhyalina
2125,Ochlodes crataeis
2126,Ochlodes siva
2127,Ochlodes bouddha
2128,Ochlodes klapperichii
2129,Eogenes alcides
2130,Pudicitia pholus
2131,Tapena thwaitesi
