zh_name,full_name,0
½ğÉÑ·ïµû,Troides aeacus,482
ÉÑ·ïµû,Troides helena,304
Ó«¹âÉÑ·ïµû,Troides magellenus,0
Å¯Êï·ïµû,Atrophaneura aidoneus,8
ÂêÊï·ïµû,Atrophaneura nox,2
Êï·ïµû,Atrophaneura horishana,2
Õ­Êï·ïµû,Atrophaneura zaleuca,0
ÍßÊï·ïµû,Atrophaneura varuna,15
÷ê·ïµû,Byasa alcinous,292
ÖĞ»ª÷ê·ïµû,Byasa confusa,0
³¤Î²÷ê·ïµû,Byasa impediens,102
»ÒÈŞ÷ê·ïµû,Byasa mencius,100
´ïÄ¦÷ê·ïµû,Byasa daemonius,1
¶ÌÎ²÷ê·ïµû,Byasa crassipes,0
Í»Ôµ÷ê·ïµû,Byasa plutonius,10
´ÖÈŞ÷ê·ïµû,Byasa nevilli,4
¶à×Ë÷ê·ïµû,Byasa polyeuctes,190
°×°ß÷ê·ïµû,Byasa dasarada,17
ÔÆÄÏ÷ê·ïµû,Byasa hedistus,28
æı¿ã÷ê·ïµû,Byasa latreillei,2
²ÊÈ¹÷ê·ïµû,Byasa polla,0
æ¬÷ê·ïµû,Byasa rhadinus,1
´¸Î²·ïµû,Losaria coon,25
ºìÖé·ïµû,Pachliopta aristolochiae,220
ºÖ°ß·ïµû,Chilasa agestor,15
°ß·ïµû,Chilasa clytia,17
Ğ¡ºÚ°ß·ïµû,Chilasa epycides,13
´äÀ¶°ß·ïµû,Chilasa paradoxa,1
ÍÎÖé°ß·ïµû,Chilasa slateri,0
ÓñÑÀ·ïµû,Papilio castor,145
ºÚÃÀ·ïµû,Papilio bootes,6
Óñ°ß·ïµû,Papilio helenus,207
ÃÃÃÀ·ïµû,Papilio macilentus,55
ÃÀ·ïµû,Papilio memnon,557
¿í´ø·ïµû,Papilio nephelus,397
ÄÉ²¹·ïµû,Papilio noblei,1
Óñ´ø·ïµû,Papilio polytes,441
À¶·ïµû,Papilio protenor,251
ºì»ùÃÀ·ïµû,Papilio alcmenor,27
Ì¨Íå·ïµû,Papilio thaiwanus,70
ºì°ßÃÀ·ïµû,Papilio rumanzovia,27
Âí¹ş·ïµû,Papilio mahadeva,14
Õ­°ß´ä·ïµû,Papilio arcturus,35
±Ì·ïµû,Papilio bianor,640
ñ·´ä·ïµû,Papilio dialis,93
¶ÌÎ²´ä·ïµû,Papilio doddsi,0
ÖØàø´ä·ïµû,Papilio hoppo,0
²¨ÂÌ·ïµû,Papilio polyctor,0
¿ËÀï´ä·ïµû,Papilio krishna,4
ÂÌ´ø´ä·ïµû,Papilio maackii,370
°ÍÀè´ä·ïµû,Papilio paris,292
Î÷·¬´ä·ïµû,Papilio syfanius,25
´ïÄ¦´ä·ïµû,Papilio demoleus,545
¸ÌéÙ·ïµû,Papilio xuthus,2526
½ğ·ïµû,Papilio machaon,298
¿íÎ²·ïµû,Agehana elwesi,57
Ì¨Íå¿íÎ²·ïµû,Agehana maraho,1
Ñà·ïµû,Lamproptera curius,450
ÂÌ´øÑà·ïµû,Lamproptera meges,123
Í³Ë§Çà·ïµû,Graphium agamemnon,553
Ëé°ßÇà·ïµû,Graphium chironides,85
¿í´øÇà·ïµû,Graphium cloanthus,162
Ä¾À¼Çà·ïµû,Graphium doson,520
Òø¹³Çà·ïµû,Graphium eurypylus,158
Çà·ïµû,Graphium sarpedon,397
ÀèÊÏÇà·ïµû,Graphium leechi,19
ÎÆ·ïµû,Paranticopsis macareus,1
Ï¸ÎÆ·ïµû,Paranticopsis megarus,1
¿ÍÎÆ·ïµû,Paranticopsis xenocles,0
Ğ±ÎÆÂÌ·ïµû,Pathysa agetes,9
ÂÌ·ïµû,Pathysa antiphates,19
Ã¢ÂÌ·ïµû,Pathysa aristea,0
ºìç·ÂÌ·ïµû,Pathysa nomius,4
½ğ°ß½£·ïµû,Pazala alebion,0
ÌúÄ¾½£·ïµû,Pazala timur,55
ÉıÌì½£·ïµû,Pazala euroa,11
»ªÏÄ½£·ïµû,Pazala glycerion,25
Ô²³á½£·ïµû,Pazala incerta,0
ÎÚ¿ËÀ¼½£·ïµû,Pazala tamerlana,11
ËÄ´¨½£·ïµû,Pazala hoenei,2
ì½·ïµû,Iphiclides podalirius,302
Î÷²Øì½·ïµû,Iphiclides podalirinus,1
ºÖ¹³·ïµû,Meandrusa sciron,8
ºÚ¹³·ïµû,Meandrusa lachinus,3
¹³·ïµû,Meandrusa payeni,16
à¹·ïµû,Teinopalpus imperialis,4
½ğ°ßà¹·ïµû,Teinopalpus aureus,19
Ë¿´ø·ïµû,Sericinus montelus,180
¶àÎ²·ïµû,Bhutanitis lidderdalii,12
¶şÎ²·ïµû,Bhutanitis mansfieldi,1
Àö°ßÎ²·ïµû,Bhutanitis pulchristata,0
ÈıÎ²·ïµû,Bhutanitis thaidina,10
²»µ¤Î²·ïµû,Bhutanitis ludlowi,0
ÓñÁúÎ²·ïµû,Bhutanitis yulongensis,0
ĞşÉÑÎ²·ïµû,Bhutanitis nigrilima,0
ÖĞ»ª»¢·ïµû,Luehdorfia chinensis,35
»¢·ïµû,Luehdorfia puziloi,28
³¤Î²»¢·ïµû,Luehdorfia longicaudata,0
ÔÆ¾îµû,Hypermnestra helios,11
ôËºÍ¾îµû,Parnassius apollonius,7
ºìÖé¾îµû,Parnassius bremeri,19
¸£²¼¾îµû,Parnassius phoebus,114
ÏÄÃÎ¾îµû,Parnassius jacquemontii,5
ÒÀÅÁ¾îµû,Parnassius epaphus,2
ÌìÉ½¾îµû,Parnassius tianschanicus,1
Ğ¡ºìÖé¾îµû,Parnassius nomion,84
°¢²¨ÂŞ¾îµû,Parnassius apollo,111
ÃÙÃÎ¾îµû,Parnassius mnemosyne,157
°×¾îµû,Parnassius stubbendorfii,113
±ùÇå¾îµû,Parnassius glacialis,165
°¬ö©¾îµû,Parnassius eversmanni,14
°®ÂÂ¾îµû,Parnassius ariadne,3
ÕäÖé¾îµû,Parnassius orleans,36
ÁªÖé¾îµû,Parnassius hardwickii,5
ËÄ´¨¾îµû,Parnassius szechenyii,3
ÖÜÊÏ¾îµû,Parnassius choui,0
ÔªÊ×¾îµû,Parnassius cephalus,3
Ê¦¹Å¾îµû,Parnassius schulteri,0
Âí¹ş¾îµû,Parnassius maharajus,0
À¯±´¾îµû,Parnassius labeyriei,0
°®çæ¾îµû,Parnassius acco,0
ÆÕÊÏ¾îµû,Parnassius przewalskii,0
°ÍÒá¾îµû,Parnassius baileyi,0
À¶¾«Áé¾îµû,Parnassius acdestis,0
´äÈ¸¾îµû,Parnassius delphius,19
Î÷Úï¾îµû,Parnassius staudingeri,0
¾ıÖ÷¾îµû,Parnassius imperator,10
æ±Í«¾îµû,Parnassius charltonius,3
¿×È¸¾îµû,Parnassius loxias,0
Î¢µã¾îµû,Parnassius tenedius,2
Î÷ºï¾îµû,Parnassius simo,0
°²¶È¾îµû,Parnassius andreji,0
Ç¨·Ûµû,Catopsilia pomona,516
ïÓ»ÆÇ¨·Ûµû,Catopsilia scylla,233
Àæ»¨Ç¨·Ûµû,Catopsilia pyranthe,422
Ëé°ßÇ¨·Ûµû,Catopsilia florella,359
ºÚ½Ç·½·Ûµû,Dercas lycorias,17
³È³á·½·Ûµû,Dercas nina,18
Ì´·½·Ûµû,Dercas verhuelli,16
°ßÔµ¶¹·Ûµû,Colias erate,223
³È»Æ¶¹·Ûµû,Colias fieldii,117
ºÚÔµ¶¹·Ûµû,Colias palaeno,16
ÀèÃ÷¶¹·Ûµû,Colias heos,1
ïÖ½ğ¶¹·Ûµû,Colias chrysotheme,17
¶¹·Ûµû,Colias hyale,90
É½¶¹·Ûµû,Colias montium,5
ÓñÉ«¶¹·Ûµû,Colias berylla,0
÷ó¶¹·Ûµû,Colias richthofrni,0
ºìºÚ¶¹·Ûµû,Colias arida,0
Êïºì¶¹·Ûµû,Colias eogene,0
¸ñÂ³¶¹·Ûµû,Colias grumi,0
Î÷èó¶¹·Ûµû,Colias sieversi,0
Î÷·¬¶¹·Ûµû,Colias sifanica,0
Ë¹ÍĞ¶¹·Ûµû,Colias stoliczkana,0
Ğ¡¶¹·Ûµû,Colias cocandica,5
½ğ¶¹·Ûµû,Colias ladakensis,1
»ÆÜÎ¶¹·Ûµû,Colias erschoffi,0
¶«ÑÇ¶¹·Ûµû,Colias poliographus,83
Å®Éñ¶¹·Ûµû,Colias diva,0
Àè¶¹·Ûµû,Colias nebulosa,0
Î÷²Ø¶¹·Ûµû,Colias tibetana,0
°¢¶¹·Ûµû,Colias adelaidae,0
Íò´ï¶¹·Ûµû,Colias wanda,0
¶ı¶¹·Ûµû,Colias aegidii,0
ĞÂ½®¶¹·Ûµû,Colias tamerlana,0
ÄáÄÇ¶¹·Ûµû,Colias nina,0
ÓÂ¶¹·Ûµû,Colias thrasibulus,0
·Æ¶ù¶¹·Ûµû,Colias felderi,0
À­¶¹·Ûµû,Colias lada,0
É°¶¹·Ûµû,Colias thisoa,0
Ç³³È¶¹·Ûµû,Colias staudingeri,0
ĞË°²¶¹·Ûµû,Colias tyche,3
¶Å±È¶¹·Ûµû,Colias dubia,0
±±Àè¶¹·Ûµû,Colias viluiensis,0
¼â½Ç»Æ·Ûµû,Eurema laeta,139
¿í±ß»Æ·Ûµû,Eurema hecabe,293
éŞ»Æ·Ûµû,Eurema blanda,355
°²µÏ»Æ·Ûµû,Eurema andersoni,167
Ã´ÃÃ»Æ·Ûµû,Eurema ada,9
ÎŞ±ê»Æ·Ûµû,Eurema brigitta,396
°²Àï»Æ·Ûµû,Eurema alitha,29
«\»Æ·Ûµû,Gandaca harina,142
¼â¹³·Ûµû,Gonepteryx mahaguru,51
¹³·Ûµû,Gonepteryx rhamni,88
Ô²³á¹³·Ûµû,Gonepteryx amintha,75
Ì¨Íå¹³·Ûµû,Gonepteryx taiwana,3
³È·Ûµû,Ixias pyrene,366
±¨Ï²°ß·Ûµû,Delias pasithoe,497
ºìÒ¸°ß·Ûµû,Delias acalis,72
ÓÅÔ½°ß·Ûµû,Delias hyparete,586
²àÌõ°ß·Ûµû,Delias lativitta,1
ÒşÌõ°ß·Ûµû,Delias subnubila,0
»ÆÈ¹°ß·Ûµû,Delias wilemani,0
ÑŞ¸¾°ß·Ûµû,Delias belladonna,78
È÷Çà°ß·Ûµû,Delias sanaca,7
±¶ÁÖ°ß·Ûµû,Delias berinda,13
°Â¹Å°ß·Ûµû,Delias agostina,10
Àö°ß·Ûµû,Delias descombesi,116
°×³á¼â·Ûµû,Appias albina,199
±¦Áá¼â·Ûµû,Appias paulina,246
À×Õğ¼â·Ûµû,Appias indra,68
Àû±È¼â·Ûµû,Appias libythea,394
ÁéÆæ¼â·Ûµû,Appias lyncida,371
À¼¼§¼â·Ûµû,Appias lalage,23
À¼Î÷¼â·Ûµû,Appias lalassis,6
ÁªÃ¼¼â·Ûµû,Appias remedios,0
ºì³á¼â·Ûµû,Appias nero,33
ºì¼ç¾â·Ûµû,Prioneris clemanthe,1
¾â·Ûµû,Prioneris thestylis,121
¾î·Ûµû,Aporia crataegi,496
Ğ¡ŞÁ¾î·Ûµû,Aporia hippia,27
Âí¶¡¾î·Ûµû,Aporia martineti,8
°µÉ«¾î·Ûµû,Aporia bieti,45
¼ıÎÆ¾î·Ûµû,Aporia procris,5
¾âÎÆ¾î·Ûµû,Aporia goutellei,16
»Ò¹ÃÄï¾î·Ûµû,Aporia intercostata,8
ÀÒÉ«¾î·Ûµû,Aporia potanini,4
´ó³á¾î·Ûµû,Aporia largeteaui,42
°Â±¶¾î·Ûµû,Aporia oberthueri,0
ÖĞÑÇ¾î·Ûµû,Aporia leucodice,26
Àû¼ı¾î·Ûµû,Aporia harrietae,2
Èı»Æ¾î·Ûµû,Aporia larraldei,4
â¬ĞÎ¾î·Ûµû,Aporia hastata,0
ºÚ±ß¾î·Ûµû,Aporia acraea,7
ÍêÉÆ¾î·Ûµû,Aporia agathon,56
É­ÏÂ¾î·Ûµû,Aporia morishitai,0
Ñ¾ÎÆ¾î·Ûµû,Aporia delavayi,19
ÆÕÍ¨¾î·Ûµû,Aporia genestieri,8
ÇØÁë¾î·Ûµû,Aporia tsinglingica,11
Î÷´å¾î·Ûµû,Aporia nishimurai,0
¹şÄ¬¾î·Ûµû,Aporia lhamo,0
µÈ¾à¾î·Ûµû,Aporia howarthi,0
¹ê¾®¾î·Ûµû,Aporia kamei,4
»Æ³á¾î·Ûµû,Aporia lemoulti,0
¸ßÀè¹±¾î·Ûµû,Aporia kaolinkonensis,0
ÃÃ·Ûµû,Mesapia peloria,10
ºÚÂöÔ°·Ûµû,Cepora nerissa,379
ÇàÔ°·Ûµû,Cepora nadina,224
»ÆÈ¹Ô°·Ûµû,Cepora judith,0
ÎâÊÏÔ°·Ûµû,Cepora wui,0
Å·ÖŞ·Ûµû,Pieris brassicae,286
²Ë·Ûµû,Pieris rapae,443
°ßÔµ²Ë·Ûµû,Pieris deota,0
¶«·½²Ë·Ûµû,Pieris canidia,471
°µÂö²Ë·Ûµû,Pieris napi,428
ºÚÎÆ·Ûµû,Pieris melete,195
´óÕ¹·Ûµû,Pieris extensa,13
¶Å±´·Ûµû,Pieris dubernardi,2
´óÎÀ·Ûµû,Pieris davidis,4
ÍõÊÏ·Ûµû,Pieris wangi,0
¿ËÀ³·Ûµû,Pieris krueperi,48
Ë¹Ì¹·Ûµû,Pieris steinigeri,0
¶«±±·Ûµû,Pieris orientis,0
ºÚ±ß·Ûµû,Pieris melaina,0
´ºØ§·Ûµû,Pieris chumbiensis,0
¿â´Ä·Ûµû,Pieris kozlovi,0
Ù¼Ë¼·Ûµû,Pieris rothschildi,0
°¢¶û½ğ·Ûµû,Pieris aljinensis,0
Ë¹ÍĞ·Ûµû,Pieris stotzneri,0
ÂÌÔÆ·Ûµû,Pontia chloridice,40
ÔÆ·Ûµû,Pontia daplidice,415
¼ıÎÆÔÆ·Ûµû,Pontia callidice,71
·ÉÁú·Ûµû,Talbotia naganum,50
Ùª·Ûµû,Baltia butleri,3
ÏË·Ûµû,Leptosia nina,176
Çà·Ûµû,Pareronia valeria,77
»Æ¼â½ó·Ûµû,Anthocharis scolymus,82
Æ¤ÊÏ¼â½ó·Ûµû,Anthocharis bieti,4
ºì½ó·Ûµû,Anthocharis cardamines,218
³È³á½ó·Ûµû,Anthocharis bambusarum,76
²Ø½ó·Ûµû,Anthocharis thibetana,12
³àÃ¼·Ûµû,Zegris pyrothoe,0
Í»½ÇĞ¡·Ûµû,Leptidea amurensis,18
¾âÎÆĞ¡·Ûµû,Leptidea serrata,0
ÄªÊÏĞ¡·Ûµû,Leptidea morsei,21
Ô²³áĞ¡·Ûµû,Leptidea gigantea,0
¾ıÖ÷°ßµû,Danaus plexippus,226
½ğ°ßµû,Danaus chrysippus,228
»¢°ßµû,Danaus genutia,221
ºÚ»¢°ßµû,Danaus melanippus,164
Çà°ßµû,Tirumala limniace,216
æéÎÆÇà°ßµû,Tirumala gautama,1
ØÄÇà°ßµû,Tirumala septentrionis,219
°×É«Çà°ßµû,Tirumala alba,0
´ó¾î°ßµû,Parantica sita,206
Î÷²Ø¾î°ßµû,Parantica pedonga,1
ºÚ¾î°ßµû,Parantica melanea,46
¾î°ßµû,Parantica aglea,410
ì½°ßµû,Ideopsis vulgaris,256
Äâì½°ßµû,Ideopsis similis,396
´ó²¯°ßµû,Idea leuconoe,226
À¶µã×Ï°ßµû,Euploea midamus,429
»Ã×Ï°ßµû,Euploea core,427
ºÚ×Ï°ßµû,Euploea eunice,152
Ë«±ê×Ï°ßµû,Euploea sylvester,260
¶ÊÀö×Ï°ßµû,Euploea tulliola,0
ÒìĞÍ×Ï°ßµû,Euploea mulciber,333
Àä×Ï°ßµû,Euploea algea,19
Ä¬×Ï°ßµû,Euploea klugii,67
Ì¨ÄÏ×Ï°ßµû,Euploea phaenareta,103
°×±Ú×Ï°ßµû,Euploea radamantha,0
¿§Âê×Ï°ßµû,Euploea cameralzeman,0
·ïÑÛ·½»·µû,Discophora sondaica,252
¾ª¿Ö·½»·µû,Discophora timora,39
ÔÂÎÆ¾Ø»·µû,Enispe lunatum,0
À¶´ø¾Ø»·µû,Enispe cycnus,1
¾Ø»·µû,Enispe euthymius,3
×Ï°ß»·µû,Thaumantis diores,52
º£ÄÏ×Ï°ß»·µû,Thaumantis hainana,0
É­ÏÂ½»Âö»·µû,Amathuxidia morishitai,0
Ğ±´ø»·µû,Thauria lathyi,37
ÎÆ»·µû,Aemona amathusia,42
¼â³áÎÆ»·µû,Aemona lena,2
°Â±¶ÎÆ»·µû,Aemona oberthueri,0
Ë«ĞÇ¼ı»·µû,Stichophthalma neumogeni,33
°×Ğä¼ı»·µû,Stichophthalma louisa,13
°×¶µ¼ı»·µû,Stichophthalma fruhstorferi,0
¼ı»·µû,Stichophthalma howqua,264
ĞÄ°ß¼ı»·µû,Stichophthalma nourmahal,0
Àè¼ı»·µû,Stichophthalma le,0
Ë¹°Í´ï¼ı»·µû,Stichophthalma sparta,0
Ï²Âí¼ı»·µû,Stichophthalma camadeva,4
´®Öé»·µû,Faunis eumeus,310
»Ò³á´®Öé»·µû,Faunis aerope,55
ºÖ´®Öé»·µû,Faunis canens,230
ÄºÑÛµû,Melanitis leda,335
íûÄºÑÛµû,Melanitis phedima,310
»Æ´øÄºÑÛµû,Melanitis zitenius,16
÷ìÑÛµû,Lethe dura,18
ËØÀ­÷ìÑÛµû,Lethe sura,0
¸ÊÈø÷ìÑÛµû,Lethe kansa,6
¼âÎ²÷ìÑÛµû,Lethe sinorix,11
ÂíÌ«÷ìÑÛµû,Lethe mataja,16
³¤ÎÆ÷ìÑÛµû,Lethe europa,315
²¨ÎÆ÷ìÑÛµû,Lethe rohria,90
Ğ¡ÔÆ°ß÷ìÑÛµû,Lethe jalaurida,0
Ã×ÀÕ÷ìÑÛµû,Lethe moelleri,0
ÇúÎÆ÷ìÑÛµû,Lethe chandica,294
ÈıĞ¨÷ìÑÛµû,Lethe mekara,53
»ªÉ½÷ìÑÛµû,Lethe serbonis,1
°×´ø÷ìÑÛµû,Lethe confusa,380
ÉîÉ½÷ìÑÛµû,Lethe insana,73
Óñ´ø÷ìÑÛµû,Lethe verma,158
°ËÄ¿÷ìÑÛµû,Lethe oculatissima,0
¿í´ø÷ìÑÛµû,Lethe helena,4
×ÏÏß÷ìÑÛµû,Lethe violaceopicta,11
Ğ¡È¦÷ìÑÛµû,Lethe ocellata,2
Î÷á¼÷ìÑÛµû,Lethe sidonis,33
Ê¥Ä¸÷ìÑÛµû,Lethe cybele,2
ºÚ´ø÷ìÑÛµû,Lethe nigrifascia,1
ó´ÎÆ÷ìÑÛµû,Lethe labyrinthea,1
åû÷ìÑÛµû,Lethe yantra,0
Ã÷´ø÷ìÑÛµû,Lethe helle,6
ÃÔÎÆ÷ìÑÛµû,Lethe maitrya,0
ÓñÉ½÷ìÑÛµû,Lethe niitakana,0
°×Ìõ÷ìÑÛµû,Lethe albolineata,1
»Æ´ø÷ìÑÛµû,Lethe luteofascia,0
°²Í½Éú÷ìÑÛµû,Lethe andersoni,3
ÒøÏß÷ìÑÛµû,Lethe argentata,3
Î÷²Ø÷ìÑÛµû,Lethe baladeva,15
ÔÆÄÏ÷ìÑÛµû,Lethe yunnana,1
×ØºÖ÷ìÑÛµû,Lethe christophi,23
ÆæÎÆ÷ìÑÛµû,Lethe cyrene,3
Á¬ÎÆ÷ìÑÛµû,Lethe syrcis,84
±ßÎÆ÷ìÑÛµû,Lethe marginalis,18
ÂŞµ¤÷ìÑÛµû,Lethe laodamia,2
Ì©æ§÷ìÑÛµû,Lethe titania,0
Ì¦ÄÈ÷ìÑÛµû,Lethe diana,79
¿µ¶¨÷ìÑÛµû,Lethe sicelides,0
ÎÄæ·÷ìÑÛµû,Lethe windhya,0
Ö±´ø÷ìÑÛµû,Lethe lanaris,11
ÖØÍ«÷ìÑÛµû,Lethe trimacula,6
±ÈÄ¿÷ìÑÛµû,Lethe proxima,0
Ë´Ä¿÷ìÑÛµû,Lethe bipupilla,0
ÂÏ°ß÷ìÑÛµû,Lethe gemina,6
ÃÅ×ó÷ìÑÛµû,Lethe manzora,1
ÖéÁ¬÷ìÑÛµû,Lethe monolifera,0
Ô²³á÷ìÑÛµû,Lethe butleri,12
ÉßÉñ÷ìÑÛµû,Lethe satyrina,24
Ï¸÷ìÑÛµû,Lethe siderea,0
°×È¹÷ìÑÛµû,Lethe visrava,1
»ªÎ÷÷ìÑÛµû,Lethe baucis,14
²à´ø÷ìÑÛµû,Lethe latiaris,3
Ä¾Æº÷ìÑÛµû,Lethe moupinensis,3
²Ê°ß÷ìÑÛµû,Lethe procne,2
±´Àû÷ìÑÛµû,Lethe baileyi,0
¿¨Ã×À­÷ìÑÛµû,Lethe camilla,2
ÅÁµÂÀ­ÒñÑÛµû,Neope bhadra,2
°¢Ã¢ÒñÑÛµû,Neope armandii,18
ÈéÉ«ÒñÑÛµû,Neope lacticolora,0
»Æ°ßÒñÑÛµû,Neope pulaha,36
ºÚ°ßÒñÑÛµû,Neope pulahoides,8
²¼À³ÒñÑÛµû,Neope bremeri,50
ÌïÔ°ÒñÑÛµû,Neope agrestis,8
ÍøÎÆÒñÑÛµû,Neope christi,3
ÄâÍøÎÆÒñÑÛµû,Neope simulans,4
µÂÏéÒñÑÛµû,Neope dejeani,1
ÃÉÁ´ÒñÑÛµû,Neope muirheadii,299
Ë¿Á´ÒñÑÛµû,Neope yama,17
°ÂÒñÑÛµû,Neope oberthueri,2
´ó°ßÒñÑÛµû,Neope ramosa,5
ËÄ´¨ÒñÑÛµû,Neope shirozui,0
»ÆÒñÑÛµû,Neope contrasta,0
²ìÓçÒñÑÛµû,Neope chayuensis,0
ÄşÑÛµû,Ninguta schrenkii,15
À¶°ßÀöÑÛµû,Mandarinia regalis,46
Ğ±°ßÀöÑÛµû,Mandarinia uemurai,0
ÍøÑÛµû,Rhaphicera dumicola,20
»ÆÍøÑÛµû,Rhaphicera satricus,3
°×ÎÆÔÀÑÛµû,Orinoma alba,0
±ªÑÛµû,Nosea hainanensis,2
×Ø´øÑÛµû,Chonala praeusta,17
´øÑÛµû,Chonala episcopalis,0
ÂíÉ­´øÑÛµû,Chonala masoni,0
²ØÑÛµû,Tatinga tibetana,15
»Æ»·Á´ÑÛµû,Lopinga achine,242
´ÔÁÖÁ´ÑÛµû,Lopinga dumetora,0
Ğ¡Á´ÑÛµû,Lopinga nemorum,0
»Æ³áÃ«ÑÛµû,Lasiommata eversmanni,1
Ğ¡Ã«ÑÛµû,Lasiommata minuscula,0
´óÃ«ÑÛµû,Lasiommata majuscula,0
ºÍ·áÃ«ÑÛµû,Lasiommata hefengana,0
¶·Ã«ÑÛµû,Lasiommata deidamia,76
¶àÑÛµû,Kirinia epaminondas,17
°ÂÑÛµû,Orsotriaena medus,243
Ğ¡Ã¼ÑÛµû,Mycalesis mineus,337
µ¾Ã¼ÑÛµû,Mycalesis gotama,204
É®ôÂÃ¼ÑÛµû,Mycalesis sangaica,66
ÅáË¹Ã¼ÑÛµû,Mycalesis perseus,241
Äâµ¾Ã¼ÑÛµû,Mycalesis francisca,252
ÖĞ½éÃ¼ÑÛµû,Mycalesis intermedia,0
Æ½¶¥Ã¼ÑÛµû,Mycalesis panthaka,7
çó°ÍÃ¼ÑÛµû,Mycalesis lepcha,0
¾ıÖ÷Ã¼ÑÛµû,Mycalesis anaxias,74
ÃÜÉ´Ã¼ÑÛµû,Mycalesis misenus,2
´óÀíÊ¯Ã¼ÑÛµû,Mycalesis mamerta,2
ºÖÃ¼ÑÛµû,Mycalesis unica,0
°×°ßÑÛµû,Penthema adelma,103
Ì¨Íå°ßÑÛµû,Penthema formosana,0
²ÊÉÑ°ßÑÛµû,Penthema darlisa,34
¼ıÎÆ·ÛÑÛµû,Callarge sagitta,8
·ïÑÛµû,Neorina patria,9
»Æ´ø·ïÑÛµû,Neorina hilda,4
ºÚÑÛµû,Ethope henrici,0
°×½óºÚÑÛµû,Ethope noirei,3
ÁúÅ®¾âÑÛµû,Elymnias nesaea,50
ÉÁ×Ï¾âÑÛµû,Elymnias malelas,44
´äĞä¾âÑÛµû,Elymnias hypermnestra,281
À¶ñ·ÑÛµû,Coelites nothis,4
çéÑÛµû,Ragadia crisilida,1
µßÑÛµû,Acropolis thalia,5
¶íÂŞË¹°×ÑÛµû,Melanargia russiae,270
°×ÑÛµû,Melanargia halimede,74
»ªÎ÷°×ÑÛµû,Melanargia leda,6
¸Ê²Ø°×ÑÛµû,Melanargia ganymedes,17
ºÚÉ´°×ÑÛµû,Melanargia lugens,18
»ª±±°×ÑÛµû,Melanargia epimede,9
ÂüÀö°×ÑÛµû,Melanargia meridionalis,9
É½µØ°×ÑÛµû,Melanargia montana,19
¾Ó¼äÔÆÑÛµû,Hyponephele interposita,0
»Æ³ÄÔÆÑÛµû,Hyponephele lupina,0
Î÷·½ÔÆÑÛµû,Hyponephele dysdora,20
»Æ³áÔÆÑÛµû,Hyponephele davendra,0
ĞşÉÑÑÛµû,Satyrus ferula,300
±ßÑÛµû,Satyrus parisatis,0
ÉßÑÛµû,Minois dryas,349
ÓÀÔóÉßÑÛµû,Minois nagasawae,14
¸ßÉ½ÉßÑÛµû,Minois aurata,0
¹Å±±Äâ¾ÆÑÛµû,Paroeneis palaearctica,1
Îı½ğÄâ¾ÆÑÛµû,Paroeneis sikkimensis,0
Äâ¾ÆÑÛµû,Paroeneis pumilus,0
éÂÑÛµû,Karanasa regeli,0
²àÌõéÂÑÛµû,Karanasa latifasciata,0
ÊÙÑÛµû,Pseudochazara hippolyte,10
Ë«ĞÇÊÙÑÛµû,Pseudochazara baldiva,0
ÈÊÑÛµû,Eumenis autonoe,13
»¨ÑÒÑÛµû,Chazara anthe,0
°×ÊÒÑÒÑÛµû,Chazara heydenreichii,0
°Ë×ÖÑÒÑÛµû,Chazara briseis,307
´óĞÍÁÖÑÛµû,Aulocera padma,10
ÂŞ¹şÁÖÑÛµû,Aulocera loha,3
Ï¸Ã¼ÁÖÑÛµû,Aulocera merlina,6
ËÄÉäÁÖÑÛµû,Aulocera magica,1
Ğ¡ĞÍÁÖÑÛµû,Aulocera sybillina,2
Ï²ÂíÁÖÑÛµû,Aulocera brahminoides,0
¾îÑÛµû,Davidina armandi,9
ºÚ¾îÑÛµû,Davidina alticola,0
ÛÇÑÛµû,Ypthima balda,112
×¿ÛÇÑÛµû,Ypthima zodia,44
ÓÄÛÇÑÛµû,Ypthima conjuncta,20
Ì¨ÍåÛÇÑÛµû,Ypthima formosana,33
É½ÖĞÛÇÑÛµû,Ypthima yamanakai,0
ÀèÉ£ÛÇÑÛµû,Ypthima lisandra,63
Ä§Å®ÛÇÑÛµû,Ypthima medusa,3
Á¬°ßÛÇÑÛµû,Ypthima sakra,19
ÈÚ°ßÛÇÑÛµû,Ypthima nikaea,57
´ó²¨ÛÇÑÛµû,Ypthima tappana,15
Ç°ÎíÛÇÑÛµû,Ypthima praenubila,20
ğØÛÇÑÛµû,Ypthima ciris,4
ÍêèµÛÇÑÛµû,Ypthima perfecta,0
½­ÆéÛÇÑÛµû,Ypthima esakii,5
ÖĞ»ªÛÇÑÛµû,Ypthima chinensis,22
Ğ¡ÛÇÑÛµû,Ypthima nareda,1
ÄâËÄÑÛÛÇÑÛµû,Ypthima imitans,2
ºçÛÇÑÛµû,Ypthima iris,15
ÃÜÎÆÛÇÑÛµû,Ypthima multistriata,400
ÖØ¹âÛÇÑÛµû,Ypthima dromon,1
ÂÒÔÆÛÇÑÛµû,Ypthima megalomma,9
Çú°ßÛÇÑÛµû,Ypthima zyzzomacula,0
¶«ÑÇÛÇÑÛµû,Ypthima motschulskyi,10
ÂõÊ½ÛÇÑÛµû,Ypthima melli,1
Ğ¡ÈıÛÇÑÛµû,Ypthima norma,24
¶«±±ÛÇÑÛµû,Ypthima argus,157
²»¹ÂÛÇÑÛµû,Ypthima insolita,2
Ä«ÍÑÛÇÑÛµû,Ypthima muotuoensis,0
¹ÅÑÛµû,Palaeonympha opalina,21
´óÑŞÑÛµû,Callerebia suroia,31
»ìÍ¬ÑŞÑÛµû,Callerebia confusa,0
¶à°ßÑŞÑÛµû,Callerebia polyphemus,25
°×±ßÑŞÑÛµû,Callerebia baileyi,0
°×Í«Ë´ÑÛµû,Loxerebia saxicola,24
ºá²¨Ë´ÑÛµû,Loxerebia delavayi,0
´¹ÀáË´ÑÛµû,Loxerebia ruricola,0
²İÔ­Ë´ÑÛµû,Loxerebia pratorum,0
ºÚË´ÑÛµû,Loxerebia martyr,0
Ê®Ä¿Ë´ÑÛµû,Loxerebia carola,0
ÁÖÇøË´ÑÛµû,Loxerebia sylvicola,17
Ã÷íøÑÛµû,Argestina pomena,0
É½ÑÛµû,Paralasa batanga,0
¶ú»·É½ÑÛµû,Paralasa herse,0
»ªÑÛµû,Sinonympha amoena,0
»ªÑÛµû,Sinonympha avinoffi,0
±´ÑÛµû,Boeberia parmenio,21
¾ÆÑÛµû,Oeneis urda,0
ÄÈÄÈ¾ÆÑÛµû,Oeneis nanna,0
ÆĞÈø¾ÆÑÛµû,Oeneis buddha,0
ÃÉ¹Å¾ÆÑÛµû,Oeneis mongolica,44
ÄÁÅ®ÕäÑÛµû,Coenonympha amaryllis,73
ĞÂ½®ÕäÑÛµû,Coenonympha xinjiangensis,0
°®ÕäÑÛµû,Coenonympha oedippus,193
ÅË·ÇÕäÑÛµû,Coenonympha pamphilus,251
ÂÌ°ßÕäÑÛµû,Coenonympha sunbecca,46
Î÷ÃÅÕäÑÛµû,Coenonympha semenovi,2
Ó¢ĞÛÕäÑÛµû,Coenonympha hero,260
Òş²ØÕäÑÛµû,Coenonympha arcania,246
µÒÌ©ÕäÑÛµû,Coenonympha tydeus,0
ÖĞ»ªÕäÑÛµû,Coenonympha sinica,0
ÓÍÇìÕäÑÛµû,Coenonympha glycerion,282
°¢·ÒÑÛµû,Aphantopus hyperantus,297
ó¸ÑÛµû,Triphysa phryne,4
ºìÑÛµû,Erebia alcmena,11
°µºìÑÛµû,Erebia neriene,9
²¨³áºìÑÛµû,Erebia ligea,278
õ¢ºìÑÛµû,Erebia theano,6
Í¼À¼ºìÑÛµû,Erebia turanica,7
Î÷±¦ºìÑÛµû,Erebia sibo,0
äÖºÚÑÛµû,Atercoloratus alini,0
·ïÎ²òÌµû,Polyura arja,32
Õ­°ß·ïÎ²òÌµû,Polyura athamas,360
ºÚ·ïÎ²òÌµû,Polyura schreiber,65
¶şÎ²òÌµû,Polyura narcaea,216
´ó¶şÎ²òÌµû,Polyura eudamippus,91
ÕëÎ²òÌµû,Polyura dolon,25
ÍüÓÇÎ²òÌµû,Polyura nepenthes,123
Õ´½óÎ²òÌµû,Polyura posidonius,1
òüòÌµû,Charaxes marmax,51
ÑÇÁ¦òüòÌµû,Charaxes aristogiton,2
°×´øòüòÌµû,Charaxes bernardus,381
»¨°ßòüòÌµû,Charaxes kahruba,2
è±òÌµû,Prothoe franck,10
ºì¾âòÌµû,Cethosia biblis,180
°×´ø¾âòÌµû,Cethosia cyane,299
×ÏÉÁòÌµû,Apatura iris,394
Áø×ÏÉÁòÌµû,Apatura ilia,520
Ï¸´øÉÁòÌµû,Apatura metis,130
Çú´øÉÁòÌµû,Apatura laverna,49
ÃÔòÌµû,Mimathyma chevana,50
Ò¹ÃÔòÌµû,Mimathyma nycteis,15
»·´øÃÔòÌµû,Mimathyma ambica,56
°×°ßÃÔòÌµû,Mimathyma schrenckii,151
»Æ´øîøòÌµû,Chitoria fasciola,0
ÎäîøòÌµû,Chitoria ulupi,16
ÀõîøòÌµû,Chitoria subcaerulea,0
²¬îøòÌµû,Chitoria pallas,2
Ğ±´øîøòÌµû,Chitoria sordida,0
½ğîøòÌµû,Chitoria chrysolora,158
Ä£îøòÌµû,Chitoria modesta,0
ÄÇîøòÌµû,Chitoria naga,0
ÀîÊÏîøòÌµû,Chitoria leei,0
ÂŞòÌµû,Rohana parisatis,26
ÕäÏ¡ÂŞòÌµû,Rohana parvata,0
ÄÇÂŞòÌµû,Rohana nakula,0
Ã¨òÌµû,Timelaea maculata,72
°×ÉÑÃ¨òÌµû,Timelaea albescens,238
ÒìĞÍÃ¨òÌµû,Timelaea aformis,0
·¢ÉäÎÆÃ¨òÌµû,Timelaea radiata,0
Ã÷´°òÌµû,Dilipa fenestra,77
´°òÌµû,Dilipa morgiana,24
ÀÛ»ıòÌµû,Lelecella limenitoides,4
Ë§òÌµû,Sephisa chandra,74
»ÆË§òÌµû,Sephisa princeps,168
Ì¨ÍåË§òÌµû,Sephisa daimio,16
Ì¨Íå°×òÌµû,Helcyra plesseni,3
Òø°×òÌµû,Helcyra subalba,0
°Á°×òÌµû,Helcyra superba,55
Å¼µã°×òÌµû,Helcyra heminea,0
Ø³òÌµû,Herona marathus,33
¶úòÌµû,Eulaceura osteria,140
Ã¢òÌµû,Euripus nyctelius,122
ºÚÂöòÌµû,Hestina assimilis,635
Äâ°ßÂöòÌµû,Hestina persimilis,114
Ú©ÂöòÌµû,Hestina ouvrardi,0
İğŞ¼ÎÆÂöòÌµû,Hestina nama,42
ºÚ×ÏòÌµû,Sasakia funebris,19
´ó×ÏòÌµû,Sasakia charonda,188
×îÃÀ×ÏòÌµû,Sasakia pulcherrima,0
ĞãòÌµû,Pseudergolis wedah,106
ÊÎòÌµû,Stibochiona nicea,242
µçòÌµû,Dichorragia nesimachus,230
³¤ÎÆµçòÌµû,Dichorragia nesseus,8
ÎÄòÌµû,Vindula erota,265
Ì¨ÎÄòÌµû,Vindula dejone,0
²ÊòÌµû,Vagrans egista,63
¹³³áÌûòÌµû,Terinos atlita,24
»Æ½óòÌµû,Cupha erymanthis,348
·©òÌµû,Phalanta phalantha,281
ĞÒÔËê¤òÌµû,Cirrochroa tyche,176
ì³±ªòÌµû,Argyreus hyperbius,1066
ÂÌ±ªòÌµû,Argynnis paphia,561
ÀÏ±ªòÌµû,Argyronome laodice,71
ÈÚ°ßÀÏ±ªòÌµû,Argyronome kuniga,0
ºìÀÏ±ªòÌµû,Argyronome ruslana,6
ÅË±ªòÌµû,Pandoriana pandora,0
ÔÆ±ªòÌµû,Nephargynnis anadyomene,37
Å·ÖŞĞ¡±ªòÌµû,Brenthis hecate,260
Ğ¡±ªòÌµû,Brenthis daphne,327
ÒÁÅµĞ¡±ªòÌµû,Brenthis ino,293
çêòÌµû,Paduca fasciata,0
Çà±ªòÌµû,Damora sagana,141
Òø±ªòÌµû,Childrena childreni,44
ÇúÎÆÒø±ªòÌµû,Childrena zenobia,20
Òø°ß±ªòÌµû,Speyeria aglaja,46
Ã¾°ß±ªòÌµû,Speyeria clara,1
¸£òÌµû,Fabriciana niobe,328
ó¸¸£òÌµû,Fabriciana nerippe,17
²Ó¸£òÌµû,Fabriciana adippe,420
¶«ÑÇ¸£±ªòÌµû,Fabriciana xipe,22
ÕäòÌµû,Clossiana gong,28
Å®ÉñÕäòÌµû,Clossiana dia,0
·ğÕäòÌµû,Clossiana freija,0
Î÷ÀäÕäòÌµû,Clossiana selenis,5
Í¨ÕäòÌµû,Clossiana thore,3
¶«±±ÕäòÌµû,Clossiana perryi,2
²¬òÌµû,Proclossiana eunomia,0
ÂåÉñ±¦òÌµû,Boloria napaea,308
ÁúÅ®±¦òÌµû,Boloria pales,279
Çú°ßÖéòÌµû,Issoria eugenia,15
ÖéòÌµû,Issoria lathonia,266
ÂÌòÌµû,Dophla evelina,66
ÂÌÈ¹çéòÌµû,Tanaecia julii,202
ºÖÈ¹çéòÌµû,Tanaecia jahnu,46
°×È¹´äòÌµû,Euthalia lepidea,0
»ÆÈ¹´äòÌµû,Euthalia cocytus,0
ÂÌÈ¹±ß´äòÌµû,Euthalia niepelti,20
ºìÈ¹±ß´äòÌµû,Euthalia irrubescens,18
ºì°ß´äòÌµû,Euthalia lubentina,238
°µ°ß´äòÌµû,Euthalia monina,256
Ó¥´äòÌµû,Euthalia anosia,37
°µ´äòÌµû,Euthalia eriphylae,1
¼â³á´äòÌµû,Euthalia phemius,286
»ÆÍ­´äòÌµû,Euthalia nara,12
Ã¬´äòÌµû,Euthalia aconthea,301
Äí´ø´äòÌµû,Euthalia strephon,0
É¢°ß´äòÌµû,Euthalia khama,4
Öé´äòÌµû,Euthalia perlella,2
ÎÆ´äòÌµû,Euthalia alpheda,25
»Æ´ø´äòÌµû,Euthalia patala,12
çê´äòÌµû,Euthalia pratti,49
¼Î´äòÌµû,Euthalia kardama,37
·©ÀÅ´äòÌµû,Euthalia franciae,5
¿××Ó´äòÌµû,Euthalia confucius,11
»Æ³á´äòÌµû,Euthalia kosempoma,24
¶É´ø´äòÌµû,Euthalia duda,1
Î÷²Ø´äòÌµû,Euthalia thibetana,71
¾â´ø´äòÌµû,Euthalia alpherakyi,0
Ì¨Íå´äòÌµû,Euthalia formosana,44
Á´°ß´äòÌµû,Euthalia sahadeva,4
ºÖİí´äòÌµû,Euthalia hebe,5
²¨ÎÆ´äòÌµû,Euthalia undosa,23
Õ­§´äÍµû,Euthalia insulae,8
¶ëÃ¼´äòÌµû,Euthalia omeia,4
Ñà×ÓÆº´äòÌµû,Euthalia linpingensis,0
²ìÓç´äòÌµû,Euthalia chayuensis,0
Ì«Æ½´äòÌµû,Euthalia pacifica,1
²¼´äòÌµû,Euthalia bunzoi,5
¹ã¶«´äòÌµû,Euthalia guangdongensis,9
À¶±ªÂÉòÌµû,Lexias cyanipardus,0
Ğ¡±ªÂÉòÌµû,Lexias pardalis,466
ºÚ½ÇÂÉòÌµû,Lexias dirtea,182
¼â³áÂÉòÌµû,Lexias acutipenna,0
ºìÏßòÌµû,Limenitis populi,375
À¶ÏßòÌµû,Limenitis dubernardi,0
ÒşÏßòÌµû,Limenitis camilla,304
ÇÉ¿ËÁ¦ÏßòÌµû,Limenitis ciocolatina,11
ÕÛÏßòÌµû,Limenitis sydyi,35
Ï¸ÏßòÌµû,Limenitis cleophas,1
ºáÃ¼ÏßòÌµû,Limenitis moltrechti,6
ÖØÃ¼ÏßòÌµû,Limenitis amphyssa,17
ÑïÃ¼ÏßòÌµû,Limenitis helmanni,176
êªÃ¼ÏßòÌµû,Limenitis homeyeri,30
¶ÏÃ¼ÏßòÌµû,Limenitis doerriesi,73
²ĞïÉÏßòÌµû,Limenitis sulpitia,0
³îÃ¼ÏßòÌµû,Limenitis disjucta,4
ÖéÂÄ´øòÌµû,Athyma asura,107
ò°Ã¼´øòÌµû,Athyma opalina,70
ĞşÖé´øòÌµû,Athyma perius,292
ĞÂÔÂ´øòÌµû,Athyma selenophora,420
Ë«É«´øòÌµû,Athyma cama,234
¹Â°ß´øòÌµû,Athyma zeroca,46
Áùµã´øòÌµû,Athyma punctata,37
Àë°ß´øòÌµû,Athyma ranga,143
µ¹¹³´øòÌµû,Athyma recurva,2
ÓñèÆ´øòÌµû,Athyma jina,84
ĞÒ¸£´øòÌµû,Athyma fortuna,17
»û´øòÌµû,Athyma pravara,81
ÏàË¼´øòÌµû,Athyma nefte,327
¸£½¨´øòÌµû,Athyma minensis,0
ÄâÂÆòÌµû,Litinga mimica,17
ÂÆòÌµû,Litinga cottini,8
æ¹òÌµû,Abrota ganga,77
°ÂòÌµû,Auzakia danava,47
°ÒòÌµû,Bhagadatta austenia,69
ÄÂòÌµû,Moduza procris,282
ËàòÌµû,Sumalia daraxa,41
ÖĞ»ªİâòÌµû,Patsuia sinensis,4
Ñ¾ÎÆÙ½òÌµû,Parasarpa dudu,72
°×°ßÙ½òÌµû,Parasarpa albomaculata,2
ß¹²ÊÒÂÙ½òÌµû,Parasarpa hourberti,0
Î÷²ØËàòÌµû,Parasarpa zayla,23
½õÉªòÌµû,Seokia pratti,23
æ±òÌµû,Chalinga elwesi,0
Î¶À¯òÌµû,Lasippa viraja,2
ÈÕ¹âÀ¯òÌµû,Lasippa heliodore,15
½ğó´òÌµû,Pantoporia hordonia,258
É½ó´òÌµû,Pantoporia sandaka,33
ğÎó´òÌµû,Pantoporia paraka,32
Æƒó´òÌµû,Pantoporia bieti,3
¶Ì´øó´òÌµû,Pantoporia assamica,0
¿Â»·òÌµû,Neptis clinia,318
·Â¿Â»·òÌµû,Neptis clinioides,0
Ğ¡»·òÌµû,Neptis sappho,392
ÖĞ»·òÌµû,Neptis hylas,366
Ò®»·òÌµû,Neptis yerburii,27
ÄÈ»·òÌµû,Neptis nata,281
æ¶»·òÌµû,Neptis soma,123
ÖÜÊÏ»·òÌµû,Neptis choui,4
»Ø»·òÌµû,Neptis reducta,0
¿í»·òÌµû,Neptis mahendra,6
°×»·òÌµû,Neptis leucoporos,88
ÃÖ»·òÌµû,Neptis miah,110
è§»·òÌµû,Neptis noyala,1
¶Ï»·òÌµû,Neptis sankara,113
·È»·òÌµû,Neptis philyra,25
Ë¾»·òÌµû,Neptis speyeri,11
»ù»·òÌµû,Neptis nashona,2
¿¨»·òÌµû,Neptis cartica,13
°¢»·òÌµû,Neptis ananta,53
ÄÈ°Í»·òÌµû,Neptis namba,15
Ì¨Íå»·òÌµû,Neptis taiwana,61
Ì©»·òÌµû,Neptis thestias,1
Áç»·òÌµû,Neptis antilope,18
ÁÖ»·òÌµû,Neptis sylvana,2
½­Æé»·òÌµû,Neptis esakii,0
Ãµ»·òÌµû,Neptis meloria,2
¹ğ±±»·òÌµû,Neptis guia,0
Ã¬»·òÌµû,Neptis armandia,10
Á«»¨»·òÌµû,Neptis hesione,2
×Ï»·òÌµû,Neptis radha,1
µ¥»·òÌµû,Neptis rivularis,364
ÖØ»·òÌµû,Neptis alwina,64
Á´»·òÌµû,Neptis pryeri,121
Âê»·òÌµû,Neptis manasa,3
»Æ»·òÌµû,Neptis themis,3
Îå¶Î»·òÌµû,Neptis divisa,0
ÕÛ»·òÌµû,Neptis beroe,4
Ìá»·òÌµû,Neptis thisbe,22
ÒÁÂå»·òÌµû,Neptis ilos,10
µÂ»·òÌµû,Neptis dejeani,6
çæ»·òÌµû,Neptis clynia,40
¹ã¶«»·òÌµû,Neptis kuangtungensis,1
°ª·ÆòÌµû,Phaedyma aspasia,14
Öù·ÆòÌµû,Phaedyma columella,318
ÇØ·ÆòÌµû,Phaedyma chinga,7
ºÚÌõÉ¡òÌµû,Aldania raddei,9
·Â°ßÉ¡òÌµû,Aldania imitans,3
ÀöòÌµû,Parthenos sylvia,267
²¨òÌµû,Ariadne ariadne,315
Ï¸ÎÆ²¨òÌµû,Ariadne merione,255
ºÚÔµË¿òÌµû,Cyrestis themire,81
°ËÄ¿Ë¿òÌµû,Cyrestis cocles,87
ÍøË¿òÌµû,Cyrestis thyodamas,543
Ñ©°×Ë¿òÌµû,Cyrestis nivea,23
»Æ¾î¿²òÌµû,Chersonesia risa,133
ó¼Ò¶òÌµû,Doleschallia bisaltide,316
¿İÒ¶òÌµû,Kallima inachus,477
À¶´ø¿İÒ¶òÌµû,Kallima knyvetti,0
ÑşòÌµû,Yoma sabina,165
½ğ°ßòÌµû,Hypolimnas missipus,9
»Ã×Ï°ßòÌµû,Hypolimnas bolina,421
»ûÎÆ×Ï°ßòÌµû,Hypolimnas anomala,260
İ¡ÂéòÌµû,Aglais urticae,345
Î÷²ØÂéòÌµû,Aglais ladakensis,2
´óºìòÌµû,Vanessa indica,657
Ğ¡ºìòÌµû,Vanessa cardui,735
ÁğÁ§òÌµû,Kaniska canace,610
»ÆÔµòÌµû,Nymphalis antiopa,338
ÖìòÌµû,Nymphalis xanthomelas,306
°×¾ØÖìòÌµû,Nymphalis vau-album,10
°×¹³òÌµû,Polygonia c-album,468
»Æ¹³òÌµû,Polygonia c-aureum,1036
¾ŞĞÍ¹³òÌµû,Polygonia gigantea,2
Õ¹¹³òÌµû,Polygonia extensa,0
¿×È¸òÌµû,Inachis io,161
ÃÀÑÛòÌµû,Junonia almana,746
´äÀ¶ÑÛòÌµû,Junonia orithya,634
»ÆÉÑÑÛòÌµû,Junonia hierta,302
ÉßÑÛòÌµû,Junonia lemonias,325
²¨ÎÆÑÛòÌµû,Junonia atlites,329
¹³³áÑÛòÌµû,Junonia iphita,367
»Æ±ªÊ¢òÌµû,Symbrenthia brabira,104
°ß±ªÊ¢òÌµû,Symbrenthia leoparda,1
»¨±ªÊ¢òÌµû,Symbrenthia hypselis,157
ÔÆ±ªÊ¢òÌµû,Symbrenthia niphanda,39
É¢ÎÆÊ¢òÌµû,Symbrenthia lilaea,508
Ö±ÎÆÖ©òÌµû,Araschnia prorsoides,23
ÇúÎÆÖ©òÌµû,Araschnia doris,245
¶ÏÎÆÖ©òÌµû,Araschnia dohertyi,4
²¼ÍøÖ©òÌµû,Araschnia burejana,68
´óÎÀÖ©òÌµû,Araschnia davidis,14
ÕÅÊÏÖ©òÌµû,Araschnia zhangi,0
Ö©òÌµû,Araschnia levana,334
½ğİÀòÌµû,Euphydryas aurinia,360
ÒÁİÀòÌµû,Euphydryas iduna,21
ÖĞİÀòÌµû,Euphydryas intermedia,156
»ÆÃÛòÌµû,Mellicta athalia,0
ÍøÎÆÃÛòÌµû,Mellicta dictynna,0
ºÚÃÛòÌµû,Mellicta plotina,0
µÒÍøòÌµû,Melitaea didyma,321
°ßÍøòÌµû,Melitaea didymoides,31
Ô²³áÍøòÌµû,Melitaea yuenty,20
ÂŞÍøòÌµû,Melitaea romanovi,7
ÇìÍøòÌµû,Melitaea cinxia,292
²üÍøòÌµû,Melitaea pallas,0
¾úÍøòÌµû,Melitaea agar,1
À¼ÍøòÌµû,Melitaea bellona,0
ºÚÍøòÌµû,Melitaea jezabel,12
ÍøòÌµû,Melitaea diamina,527
´óÍøòÌµû,Melitaea scotosia,36
´óÎÀ¾îòÌµû,Calinaga davidis,25
¾îòÌµû,Calinaga buddha,47
ºÚ¾îòÌµû,Calinaga lhatso,4
ÜÑÂéÕäµû,Acraea issoria,786
°ßÕäµû,Acraea violae,46
ÆÓà¹µû,Libythea celtis,365
°ôÎÆà¹µû,Libythea myrrha,82
×Ïà¹µû,Libythea geoffroyi,13
µÚÒ»Ğ¡ò¹µû,Polycaena princeps,0
À®ÂïĞ¡ò¹µû,Polycaena lama,1
ÆçÎÆĞ¡ò¹µû,Polycaena chauchawensis,0
ºìÂöĞ¡ò¹µû,Polycaena carmelita,0
Â¶æ«Ğ¡ò¹µû,Polycaena lua,0
ÃÜ°ßĞ¡ò¹µû,Polycaena matuta,0
¸ÊËàĞ¡ò¹µû,Polycaena kansuensis,0
ÔÆÄÏĞ¡ò¹µû,Polycaena yunnana,0
·½È¹ºÖò¹µû,Abisara freda,3
»Æ´øºÖò¹µû,Abisara fylla,92
°×´øºÖò¹µû,Abisara fylloides,100
³¤Î²ºÖò¹µû,Abisara neophron,58
°×µãºÖò¹µû,Abisara burnii,57
ÉßÄ¿ºÖò¹µû,Abisara echerius,369
Ìİ³áºÖò¹µû,Abisara saturata,59
Çú´øºÖò¹µû,Abisara abnormis,1
°µò¹µû,Paralaxita dora,1
°×ò¹µû,Stiboges nymphidia,19
²¨ò¹µû,Zemeros flegyas,538
ÒøÎÆÎ²ò¹µû,Dodona eugenes,44
´ó°ßÎ²ò¹µû,Dodona egeon,134
ÍºÎ²ò¹µû,Dodona dipoea,15
ºìÍºÎ²ò¹µû,Dodona adonira,20
ÎŞÎ²ò¹µû,Dodona durga,82
Ğ±´øÈ±Î²ò¹µû,Dodona ouida,26
ºÚÑàÎ²ò¹µû,Dodona deodata,12
°×ÑàÎ²ò¹µû,Dodona henrici,0
°£Ô²»Òµû,Poritia ericynoides,0
µÂï±»Òµû,Allotinus drumila,3
²¼ÒÂÔÆ»Òµû,Miletus boisduvali,0
ÖĞ»ªÔÆ»Òµû,Miletus chinensis,61
ÑòÃ«ÔÆ»Òµû,Miletus mallus,4
ÄıÔÆ»Òµû,Miletus nymphis,0
¹ÅÔÆ»Òµû,Miletus archilochus,0
ÂéÂ¤»Òµû,Logania marmorata,50
Îõ»Òµû,Spalgis epeus,21
ÑÁ»Òµû,Taraka hamada,175
°×°ßÑÁ»Òµû,Taraka shiloi,7
¼â³áÒø»Òµû,Curetis acuta,323
Ô²³áÒø»Òµû,Curetis saronis,52
Òø»Òµû,Curetis bulis,24
ºÖ³áÒø»Òµû,Curetis brunnea,6
Ê«»Òµû,Shirozua jonasi,3
ÃÄÊ«»Òµû,Shirozua melpomene,0
Ïß»Òµû,Thecla betulae,326
àŞÏß»Òµû,Thecla ohyai,0
Ò¢»Òµû,Iozephyrus betulinus,0
çæ»Òµû,Cordelia comes,4
åµÄİçæ»Òµû,Cordelia minerva,0
±±Ğ­çæ»Òµû,Cordelia kitawakii,2
ÌìÊ¹¹¤»Òµû,Gonerilia seraphim,1
ÒøÏß¹¤»Òµû,Gonerilia thespis,3
·ğ¹¤»Òµû,Gonerilia buddha,0
¸Ô´å¹¤»Òµû,Gonerilia okamurai,0
Åå¹¤»Òµû,Gonerilia pesthis,0
ÉÂ»Òµû,Shaanxiana takashimai,2
ËÄ´¨ÉÂ»Òµû,Shaanxiana pauper,0
·¶ô÷»Òµû,Ussuriana fani,18
ô÷»Òµû,Ussuriana michaelis,12
²Ø±¦ô÷»Òµû,Ussuriana takarana,0
ÖÜô÷»Òµû,Ussuriana choui,0
Æ½ô÷»Òµû,Ussuriana plania,0
³¯»Òµû,Coreana raphaelis,1
°ß¾«»Òµû,Artopoetes pryeri,11
è±¾«»Òµû,Artopoetes praetextatus,1
Õ¤»Òµû,Japonica saepestriata,17
»ÆÕ¤»Òµû,Japonica lutea,29
Ì¨ÍåÕ¤»Òµû,Japonica patungkoanui,0
°¢Õ¤»Òµû,Japonica adusta,0
ÄÏÁë»Òµû,Nanlingozephyrus bella,0
ñ®»Òµû,Araragi enthea,20
É¼É½ñ®»Òµû,Araragi sugiyamai,1
ĞÜÃ¨ñ®»Òµû,Araragi panda,0
×æ»Òµû,Protantigius superans,0
Çà»Òµû,Antigius attilia,29
°ÍÇà»Òµû,Antigius butleri,7
³ÂÊÏÇà»Òµû,Antigius cheni,0
è´»Òµû,Leucantigius atayalicus,3
Îú»Òµû,Wagimo signata,7
»ªÎú»Òµû,Wagimo sulgeri,2
³¯Ò°Îú»Òµû,Wagimo asanoi,0
±¦µºÎú»Òµû,Wagimo insularis,4
Ğ±ÏßÎú»Òµû,Wagimo asanoi,0
»¢»Òµû,Yamamotozephyrus kwangtungensis,1
Öé»Òµû,Iratsume orsedice,11
×Ïéî»Òµû,Euaspa forsteri,0
éî»Òµû,Euaspa milionia,6
³ÂÊÏºÎ»ª»Òµû,Howarthia cheni,0
ºÎ»ª»Òµû,Howarthia caelestis,3
ºÚÔµºÎ»ª»Òµû,Howarthia nigricans,0
¿ÂÊÏºÎ»ª»Òµû,Howarthia courvoisieri,0
ÃÀÀöºÎ»ª»Òµû,Howarthia melli,3
¶É±ßºÎ»ª»Òµû,Howarthia watanabei,0
ºÚÌú»Òµû,Teratozephyrus hecale,0
ÏíÌú»Òµû,Teratozephyrus hinomaru,0
Ç§Ò¶Ìú»Òµû,Teratozephyrus chibahideyukii,0
´ÙÌú»Òµû,Teratozephyrus tsukiyamahiroshii,0
ÍßÌú»Òµû,Teratozephyrus vallonia,0
²ÖÌú»Òµû,Teratozephyrus tsangkie,3
Å­ºÍÌú»Òµû,Teratozephyrus nuwai,0
ÓáÌú»Òµû,Teratozephyrus yugaii,3
¸£ÊÏÌú»Òµû,Teratozephyrus florianii,0
Ìú»Òµû,Teratozephyrus arisanus,7
Æ¤Ìú»Òµû,Teratozephyrus picquenardi,0
°¢ÀïÌú»Òµû,Teratozephyrus arisanus,7
Æé»Òµû,Esakiozephyrus icanus,0
²Ø¶«Æé»Òµû,Esakiozephyrus zhengi,0
ÄÎË¹Æé»Òµû,Esakiozephyrus neis,2
±ÏÅÍ»Òµû,Iwaseozephyrus bieti,39
°¢ÅÍ»Òµû,Iwaseozephyrus ackeryi,2
ÈıÖ¦»Òµû,Saigusaozephyrus atabyrius,0
Ì¨Íå´ä»Òµû,Neozephyrus taiwanus,26
ÉÁ¹â´ä»Òµû,Neozephyrus coruscans,0
º£Â×ÄÈ´ä»Òµû,Neozephyrus helenae,0
ÈÕ±¾´ä»Òµû,Neozephyrus japonicus,3
¶Å´ä»Òµû,Neozephyrus dubernardi,0
ÉÏÌï´ä»Òµû,Neozephyrus uedai,0
½ğ»Òµû,Chrysozephyrus smaragdinus,0
ÖØ½ğ»Òµû,Chrysozephyrus smaragdina,0
Ò«½ğ»Òµû,Chrysozephyrus brillantinus,0
É«½ğ»Òµû,Chrysozephyrus setohi,0
ºÚ½Ç½ğ»Òµû,Chrysozephyrus nigroapicalis,3
¼Ó²¼À×½ğ»Òµû,Chrysozephyrus kabrua,0
ÉÁ¹â½ğ»Òµû,Chrysozephyrus scintillans,7
Ìú³í½ğ»Òµû,Chrysozephyrus teisoi,0
ÇåË®½ğ»Òµû,Chrysozephyrus shimizui,0
¿íÔµ½ğ»Òµû,Chryozephyrus marginatus,0
ÃÀ½ğ»Òµû,Chrysozephyrus meili,0
¸Á½ğ»Òµû,Chrysozephyrus garmanitus,0
ÓÄ°ß½ğ»Òµû,Chrysozephyrus zoa,0
Èø½ğ»Òµû,Chrysozephyrus sakula,0
µÏ½ğ»Òµû,Chrysozephyrus desgodinsi,0
¶¼½ğ»Òµû,Chrysozephyrus duma,1
¿µ¶¨½ğ»Òµû,Chrysozephyrus tatsienluensis,0
Î÷·ç½ğ»Òµû,Chrysozephyrus nishikaze,4
ÔÆÄÏ½ğ»Òµû,Chrysozephyrus yunnanensis,0
Ñü½ğ»Òµû,Chrysozephyrus yoshikoae,0
¸ßÊÏ½ğ»Òµû,Chrysozephyrus gaoi,0
ÁÖÊÏ½ğ»Òµû,Chrysozephyrus linae,0
ÅÓ½ğ»Òµû,Chrysozephyrus giganteus,0
ÌìÄ¿É½½ğ»Òµû,Chrysozephyrus tiemushanus,0
ÖĞ»ª½ğ»Òµû,Chrysozephyrus chinensis,0
ËÕ½ğ»Òµû,Chrysozephyrus souleana,0
Íß½ğ»Òµû,Chrysozephyrus watsoni,0
ÁÑ°ß½ğ»Òµû,Chrysozephyrus disparatus,1
Ó¯½ğ»Òµû,Chrysozephyrus inthanonensis,0
çÑË¹½ğ»Òµû,Chrysozephyrus mushaellus,3
Àí½ğ»Òµû,Chrysozephyrus rileyi,0
¾ÃËÉ½ğ»Òµû,Chrysozephyrus splendidulus,0
ÆÒÀï½ğ»Òµû,Chrysozephyrus yuchingkinus,0
°×µ×½ğ»Òµû,Chrysozephyrus ataxus,2
æ¬æ¬½ğ»Òµû,Chrysozephyrus rarasanus,0
À×¹«É½½ğ»Òµû,Chrysozephyrus leigongshanensis,0
ÅÁ½ğ»Òµû,Chrysozephyrus paona,0
É­ÏÂ½ğ»Òµû,Chrysozephyrus morishitai,0
Ò¢½ğ»Òµû,Chrysozephyrus ioi,0
Ô¬ÊÏ½ğ»Òµû,Chrysozephyrus yuani,0
¿â½ğ»Òµû,Chrysozephyrus kuromon,0
Îı½ğ½ğ»Òµû,Chrysozephyrus sikkimensis,0
½­Æé½ğ»Òµû,Chrysozephyrus esakii,10
ÖÜÊÏ½ğ»Òµû,Chrysozephyrus choui,0
¹óÖİ²ñ¹È»Òµû,Sibataniozephyrus Iijinae,0
Ì¨Íå²ñ¹È»Òµû,Sibataniozephyrus kuafui,2
ÑŞ»Òµû,Favonius orientalis,14
´äÑŞ»Òµû,Favonius taxila,0
ÈøÑŞ»Òµû,Favonius saphirinus,3
³¬ÑŞ»Òµû,Favonius ultramarinus,0
¿¼ÑŞ»Òµû,Favonius korshunovi,5
ÀïÆæÑŞ»Òµû,Favonius leechi,3
Ç×ÑŞ»Òµû,Favonius congnatus,2
°Ùæ¬»Òµû,Arhopala bazala,0
ÈÕ±¾æ¬»Òµû,Arhopala japonica,144
¶ğæ¬»Òµû,Arhopala eumolphus,19
º£À¶æ¬»Òµû,Arhopala hellenore,3
´äĞäæ¬»Òµû,Arhopala hellenoroides,0
³İ³áæ¬»Òµû,Arhopala rama,30
Ğ¡æ¬»Òµû,Arhopala paramuta,7
Çíµºæ¬»Òµû,Arhopala qiongdaoensis,0
æ¹ÒÁæ¬»Òµû,Arhopala aida,6
ÎŞÎ²æ¬»Òµû,Arhopala arvina,0
¾Ææ¬»Òµû,Arhopala oenea,0
ÒøÁ´æ¬»Òµû,Arhopala pseudocentaurus,10
Ãåµéæ¬»Òµû,Arhopala birmana,53
Æææ¬»Òµû,Arhopala comica,0
Ååæ¬»Òµû,Arhopala perimuta,0
²¦æ¬»Òµû,Arhopala bazaloides,8
Ëş»Òµû,Thaduka multicaudata,17
Âê»Òµû,Mahathala ameria,88
æ¹Âê»Òµû,Mahathala ariadeva,6
Ù½»Òµû,Panchala ganesa,6
ºÚÙ½»Òµû,Panchala paraganesa,0
±ÌÙ½»Òµû,Panchala birmana,0
»ûÙ½»Òµû,Panchala aberrans,0
°¢Ù½»Òµû,Panchala ammonides,0
Ëøîø»¨»Òµû,Flos asoka,2
ÖĞ»ª»¨»Òµû,Flos chinensis,0
°®íù»¨»Òµû,Flos areste,4
µÏ»¨»Òµû,Flos diardi,0
°¢»¨»Òµû,Flos adriana,0
µá»¨»Òµû,Flos yunnanensis,0
ËÖ»Òµû,Surendra quercetorum,103
»ûÌÕ»Òµû,Zinaspa distorta,0
ÒÁÌÕ»Òµû,Zinaspa isshiki,0
ÔúÌÕ»Òµû,Zinaspa zana,0
ÌÕ»Òµû,Zinaspa todara,6
ÑîÌÕ»Òµû,Zinaspa youngi,3
Ñ¾»Òµû,Amblopala avidiena,24
êÄ»Òµû,Amblypodia anita,168
ÌúÄ¾À³Òì»Òµû,Iraota timoleon,255
ÈıÎ²»Òµû,Catapaecilma major,0
º£ÄÏ´Ì»Òµû,Acupicta hainanicum,0
Â¹»Òµû,Loxura atymnus,314
ĞÛÇòèâ»Òµû,Yasoda androconifera,0
Èıµãèâ»Òµû,Yasoda tripunctata,35
Ğ±Ìõ°ß»Òµû,Horaga rarasana,11
°×°ß»Òµû,Horaga albimacula,25
°ß»Òµû,Horaga onyx,42
Îı°ß»Òµû,Horaga syrinx,1
ÈıµÎ»Òµû,Ticherra acte,22
½Ø»Òµû,Cheritrella truncipennis,1
¸»Àö»Òµû,Apharitis acamas,31
¶¹Á£ÒøÏß»Òµû,Spindasis syama,75
ÒøÏß»Òµû,Spindasis lohita,105
»ÆÒøÏß»Òµû,Spindasis kuyaniana,0
ËşÒøÏß»Òµû,Spindasis takanonis,4
Â¶ÒøÏß»Òµû,Spindasis rukmini,0
ÀïÆæÒøÏß»Òµû,Spindasis leechi,1
Î÷²ØÒøÏß»Òµû,Spindasis zhengweilie,0
±ª°ßË«Î²»Òµû,Tajuria maculata,5
Ë«Î²»Òµû,Tajuria cippus,240
µ­À¶Ë«Î²»Òµû,Tajuria illurgis,4
²ÓÀÃË«Î²»Òµû,Tajuria luculenta,0
¹ËÊÏË«Î²»Òµû,Tajuria gui,0
°×ÈÕË«Î²»Òµû,Tajuria diaeus,1
ÌìÀ¶Ë«Î²»Òµû,Tajuria caerulea,11
ÄÏÁëË«Î²»Òµû,Tajuria nanlingana,0
¿¼´ï»Òµû,Dacalana cotys,0
çê»Òµû,Pratapa deva,29
Ğ¡çê»Òµû,Pratapa icetas,2
ÂêÄË»Òµû,Maneca bhotea,1
·ï»Òµû,Charana mandarina,0
·©ÄÎ»Òµû,Neocheritra fabronia,0
¿Ë»Òµû,Creon cleobis,19
À³»Òµû,Remelana jangala,229
°²»Òµû,Ancema ctesia,23
°×³Ä°²»Òµû,Ancema blanka,27
¼ªÆÑ»Òµû,Chliaria kina,22
ÆÑ»Òµû,Chilaria othona,0
ÛÂÀ°ÆÑ»Òµû,Chliaria menglaensis,0
Õä»Òµû,Zeltus amasa,284
çé»Òµû,Deudorix epijarbas,271
µ­ºÚçé»Òµû,Deudorix rapaloides,11
ÒøÏÂçé»Òµû,Deudorix hypargyria,0
º£ÄÏçé»Òµû,Deudorix hainana,0
ÄâÑàçé»Òµû,Deudorix pseudorapaloides,0
ÄÏÁëçé»Òµû,Deudorix nanlingensis,0
É¢çé»Òµû,Deudorix sankakuhonis,0
ÂÌ»Òµû,Artipe eryx,170
ÄŞÉ´Ñà»Òµû,Rapala nissa,75
¸ßÉ³×ÓÑà»Òµû,Rapala takasagonis,7
ºìÑà»Òµû,Rapala iarbus,122
Ñà»Òµû,Rapala varuna,210
¿í´øÑà»Òµû,Rapala arata,29
µãÈ¾Ñà»Òµû,Rapala suffusa,25
À¶Ñà»Òµû,Rapala caerulea,56
ÄÎÑà»Òµû,Rapala nemorensis,1
ç³ÀÃÑà»Òµû,Rapala pheretima,137
ÂéÑà»Òµû,Rapala manea,273
²¨ÃÜÑà»Òµû,Rapala bomiensis,0
°×´øÑà»Òµû,Rapala repercussa,2
ÇØ»Òµû,Qinorapala qinlingana,0
Éú»Òµû,Sinthusa chandrana,87
ÄÈÉú»Òµû,Sinthusa nasaka,36
À­Éú»Òµû,Sinthusa rayata,0
Õã½­Éú»Òµû,Sinthusa zhejiangensis,0
·ÑÍĞ»Òµû,Tomares fedtschenkoi,0
Äá²ÉÊá»Òµû,Ahlbergia nicevillei,14
¶«±±Êá»Òµû,Ahlbergia frivaldszkyi,112
Å¨À¶Êá»Òµû,Ahlbergia prodiga,4
ÒøÊá»Òµû,Ahlbergia chalybeia,0
Ë«°ßÊá»Òµû,Ahlbergia bimaculata,0
³¯ÏÊÊá»Òµû,Ahlbergia korea,0
ÀîÊá»Òµû,Ahlbergia leei,0
°¢Êá»Òµû,Ahlbergia arquata,0
ÆÕÊá»Òµû,Ahlbergia pluto,0
°×Êá»Òµû,Ahlbergia aleucopuncta,0
µ¥É«Êá»Òµû,Ahlbergia unicolora,0
ĞãÊá»Òµû,Ahlbergia pictila,0
ÌìÀ¶Êá»Òµû,Ahlbergia caerulea,0
»·Êá»Òµû,Ahlbergia circe,0
Å¨À¶Êá»Òµû,Ahlbergia prodiga,4
À¶»ÒÊá»Òµû,Ahlbergia caesius,0
ÁÖ´ïÊá»Òµû,Ahlbergia lynda,0
½ğÊá»Òµû,Ahlbergia chalcides,0
¿¨»Òµû,Callophrys rubi,251
ÆÕÊÏ³İ»Òµû,Novosatsuma pratti,0
¾Ş³İ»Òµû,Novosatsuma collosa,0
ÂíÊÏ³İ»Òµû,Novosatsuma matusiki,0
´ó³İ»Òµû,Novosatsuma magnasuffusa,0
è±³İ»Òµû,Novosatsuma plumbagina,1
°Â³İ»Òµû,Novosatsuma oppocoenosa,0
×Ï³İ»Òµû,Novosatsuma magnapurpurea,0
±Î³İ»Òµû,Novosatsuma cibdela,0
Ê¼»Òµû,Cissatsuma albilinea,0
¸ÊËàÊ¼»Òµû,Cissatsuma kansuensis,0
¹şÊ¼»Òµû,Cissatsuma halosa,0
¹ÜÊ¼»Òµû,Cissatsuma tuba,0
³İÊ¼»Òµû,Cissatsuma crenata,0
×ÛÊ¼»Òµû,Cissatsuma contexta,0
Åå»ÒµûÊô,Petrelaea Toxopeus,0
Ì¨ÍåÈ÷»Òµû,Satyrium formosanum,23
ÌïÖĞÈ÷»Òµû,Satyrium tanakai,0
ÓÅĞãÈ÷»Òµû,Satyrium eximia,0
ÄÏ·çÈ÷»Òµû,Satyrium austrinum,0
¾®ÉÏÈ÷»Òµû,Satyrium inouei,1
µÂË¹»Òµû,Satyrium dejeani,0
ÊÎÈ÷»Òµû,Satyrium ornata,5
Îä´óÈ÷»Òµû,Satyrium watarii,0
ºì°ßÈ÷»Òµû,Satyrium rubicundula,0
´óÈ÷»Òµû,Satyrium grandis,8
ÑîÊÏÈ÷»Òµû,Satyrium yangi,3
Î¢È÷»Òµû,Satyrium v-album,0
ÆÕÈ÷»Òµû,Satyrium prunoides,20
Æ»¹ûË¹»Òµû,Satyrium pruni,275
ËşÈ÷»Òµû,Satyrium thalia,0
Å·È÷»Òµû,Satyrium oenone,0
ÀñÈ÷»Òµû,Satyrium percomis,0
·ÆË¹È÷»Òµû,Satyrium phyllodendri,1
½­ÆéË¹»Òµû,Satyrium esakii,0
¸¸Ë¹»Òµû,Satyrium patrius,0
ÏñË¹»Òµû,Satyrium persimilis,0
À­Ë¹»Òµû,Satyrium lais,0
ÓÄÈ÷»Òµû,Satyrium iyonis,0
áºÉ½È÷»Òµû,Satyrium minshanicum,9
¿×Ã÷È÷»Òµû,Satyrium kongmingi,0
ÄâĞÓÈ÷»Òµû,Satyrium pseudopruni,0
ĞÂĞãÈ÷»Òµû,Satyrium neoeximia,0
´ÌğëÈ÷»Òµû,Satyrium spini,271
ËÄ¹ÃÄïÈ÷»Òµû,Satyrium siguniangshanicum,0
¾Ã±£È÷»Òµû,Satyrium kuboi,1
ÀëÎÆÈ÷»Òµû,Satyrium w-album,335
¾Ã±£Ë¹»Òµû,Satyrium kuboi,1
ĞÂË¹»Òµû,Satyrium neosinica,0
·üË¹»Òµû,Satyrium volt,0
À³Ë¹»Òµû,Satyrium redae,0
ÊóÀîĞÂ»Òµû,Neolycaena rhymnus,1
°×°ßĞÂ»Òµû,Neolycaena tengstroemi,11
´óÎÀĞÂ»Òµû,Neolycaena davidi,0
ĞÂ»Òµû,Neolycaena sinensis,0
ÒÁÀçĞÂ»Òµû,Neolycaena yiliensis,0
ÒÁÖŞĞÂ»Òµû,Neolycaena iliensis,0
Àöº±À³»Òµû,Helleia li,10
º±À³»Òµû,Helleia helle,0
ºì»Òµû,Lycaena phlaeas,649
³Èê¼»Òµû,Thersamonia dispar,36
ê¼»Òµû,Thersamonia thersamon,0
Ëó¶ûê¼»Òµû,Thersamonia solskyi,0
°¢ê¼»Òµû,Thersamonia alpherakyi,0
Àöê¼»Òµû,Thersamonia splendens,0
ºÑ»Òµû,Heodes virgaureae,4
¼â³áºÑ»Òµû,Heodes alciphron,0
°ººÑ»Òµû,Heodes ouang,7
ÒÁºÑ»Òµû,Heodes irmae,0
ÌáºÑ»Òµû,Heodes tityrus,0
³ÂßÀ»Òµû,Athamanthia tseng,9
»ªÉ½ßÀ»Òµû,Athamanthia svenhedini,19
ÅÓßÀ»Òµû,Athamanthia pang,2
ßÀ»Òµû,Athamanthia athamantis,0
ÅÁßÀ»Òµû,Athamanthia pavana,0
¿¨ßÀ»Òµû,Athamanthia kasyapa,0
Ë¹µ©ßÀ»Òµû,Athamanthia standfussi,4
µÏßÀ»Òµû,Athamanthia dimorpha,4
¹Å»Òµû,Palaeochrysomphanus hippothoe,2
Ä¦À´²Ê»Òµû,Heliophorus moorei,0
Ğ±°ß²Ê»Òµû,Heliophorus phoenicoparyphus,22
ÃÀÄĞ²Ê»Òµû,Heliophorus androcles,12
Å¨×Ï²Ê»Òµû,Heliophorus ila,382
ÃÀÀö²Ê»Òµû,Heliophorus pulcher,0
¹ÅÍ­²Ê»Òµû,Heliophorus brahma,39
É¯·Æ²Ê»Òµû,Heliophorus saphir,183
É¯ÂŞ²Ê»Òµû,Heliophorus saphiroides,0
¿¾²Ê»Òµû,Heliophorus kohimensis,5
Ò«²Ê»Òµû,Heliophorus gloria,0
ÔÆÄÏ²Ê»Òµû,Heliophorus yunnani,1
´ä²Ê»Òµû,Heliophorus viridipunctata,0
Ó¡¶È²Ê»Òµû,Heliophorus indicus,6
²Ê»Òµû,Heliophorus epicles,347
ÉÁ¹â²Ê»Òµû,Heliophorus brillantinus,0
Ëş²Ê»Òµû,Heliophorus tamu,10
ºÚ»Òµû,Niphanda fusca,108
Ğ¡ºÚ»Òµû,Niphanda cymbia,1
¼â½Ç»Òµû,Anthene emolus,274
¾â»Òµû,Orthomiella pontis,10
ÖĞ»ª¾â»Òµû,Orthomiella sinensis,20
ÂÍÌ«¾â»Òµû,Orthomiella rantaizana,15
´¿»Òµû,Una usta,14
Åå»Òµû,Petrelaea dana,66
ÇúÎÆÍØ»Òµû,Caleta roxus,112
É¢ÎÆÍØ»Òµû,Caleta elna,213
éÑ»Òµû,Discolampa ethion,151
±ª»Òµû,Castalius rosimon,272
´ï»Òµû,Tarucus theophrastus,27
Ï¸»Òµû,Syntarucus plinius,7
±´ÄÈ»Òµû,Nacaduba beroe,40
¹ÅÂ¥ÄÈ»Òµû,Nacaduba kurava,304
ÅÁÄÈ»Òµû,Nacaduba pactolus,25
ºØÄÈ»Òµû,Nacaduba hermus,15
°ÙÄÈ»Òµû,Nacaduba berenice,171
ÄÈÀ­²¨»Òµû,Prosotas nora,260
°¢²¨»Òµû,Prosotas aluta,12
»Æ²¨»Òµû,Prosotas lutea,2
²¨»Òµû,Prosotas dubiosa,282
²¼²¨»Òµû,Prosotas bhutea,0
Æ¤²¨»Òµû,Prosotas pia,2
ÑÅ»Òµû,Jamides bochus,311
±ÌÑÅ»Òµû,Jamides elpis,15
ËØÑÅ»Òµû,Jamides alecto,304
ÎıÀäÑÅ»Òµû,Jamides celeno,263
¾»ÑÅ»Òµû,Jamides pura,21
¿§»Òµû,Catochrysops strabo,272
À¶¿§»Òµû,Catochrysops panormus,132
ÁÁ»Òµû,Lampides boeticus,395
×Ø»Òµû,Euchrysops cnejus,60
¼ª»Òµû,Zizeeria karsandra,139
çæ¼ª»Òµû,Zizeeria knysna,194
õ¡½¬»Òµû,Pseudozizeeria maha,581
Ã«ÑÛ»Òµû,Zizina otis,169
³¤¸¹»Òµû,Zizula hylax,214
·©»Òµû,Famegana alsulus,22
¿İ»Òµû,Cupido minimus,124
·ğ¿İ»Òµû,Cupido buddhista,0
ÆÕ¿İ»Òµû,Cupido prosecusa,0
»ª¿İ»Òµû,Sinocupido lokiangensis,0
É½»Òµû,Shijimia moorei,7
µãĞş»Òµû,Tongeia filicaudis,268
º£ÄÏĞş»Òµû,Tongeia hainani,8
Ğş»Òµû,Tongeia fischeri,41
Öñ¶¼Ğş»Òµû,Tongeia zuthus,0
²¨Ì«Ğş»Òµû,Tongeia potanini,8
µ­ÎÆĞş»Òµû,Tongeia ion,12
»¡Ğş»Òµû,Tongeia arcana,0
´óÎÀĞş»Òµû,Tongeia davidi,3
Î÷²ØĞş»Òµû,Tongeia menpae,0
À¶»Òµû,Everes argiades,228
³¤Î²À¶»Òµû,Everes lacturnus,155
ÎŞÎ²À¶»Òµû,Everes acaudata,0
ÔÆ²µ»Òµû,Bothrinia nebulosa,4
ºÚÍè»Òµû,Pithecops corvus,49
À¶Íè»Òµû,Pithecops fulgens,6
ÁğÇòÍè»Òµû,Pithecops ryukyuensis,0
Å¥»Òµû,Acytolepis puspa,154
è¹Óñ»Òµû,Celatoxia marginata,4
°×°ßåü»Òµû,Udara albocaerulea,24
Õä¹óåü»Òµû,Udara dilecta,6
Àµ»Òµû,Lestranicus transpectus,0
ÁğÁ§»Òµû,Celastrina argiola,115
Ñ¬ÒÂÁ§»Òµû,Celastrina lavendularis,160
´ó×ÏÁ§»Òµû,Celastrina oreas,8
»ªÎ÷Á§»Òµû,Celastrina hersilia,0
¾Ş´óÁ§»Òµû,Celastrina gigas,0
ÄªÁ§»Òµû,Celastrina morsheadi,2
ËÕÁ§»Òµû,Celastrina sugitanii,4
·ÆÁ§»Òµû,Celastrina filipjevi,0
»ôÁ§»Òµû,Celastrina huegelli,0
¿íÔµÁ§»Òµû,Celastrina perplexa,0
Ãµ»Òµû,Callenya melaena,0
ÃÀ¼§»Òµû,Megisba malaya,166
Ò»µã»Òµû,Neopithecops zalmora,199
ÄÂ»ÒµûÊô,Monodontides Toxopeus,0
ÄÂ»Òµû,Monodontides musina,0
¸Âö²»Òµû,Maculinea arion,18
´ó°ßö²»Òµû,Maculinea arionides,4
ºúÂéö²»Òµû,Maculinea teleia,5
À¶µ×ö²»Òµû,Maculinea cyanecula,0
¿âÊÏö²»Òµû,Maculinea kurentzovi,0
ö²»Òµû,Maculinea alcon,3
µå»Òµû,Caerulea coeligena,18
¿Ûµå»Òµû,Caerulea coelestis,0
¾ŞÑş»Òµû,Iolana gigantea,0
°×»Òµû,Phengaris atroguttata,8
Ì¨Íå°×»Òµû,Phengaris daitozana,1
æ¹°×»Òµû,Phengaris abida,0
Àè¸ê»Òµû,Glaucopsyche lycormas,20
À¶µ×¸ê»Òµû,Glaucopsyche alexis,178
ôÖ»Òµû,Palaeophilotes triphysina,1
çó»Òµû,Scolitantides orion,327
ÙÒ»Òµû,Sinia leechi,0
ÀÃÙÒ»Òµû,Sinia lanty,0
ĞÀ»Òµû,Shijimiaeoides divina,0
É¨»Òµû,Subsulanoides nagata,0
æ¹»Òµû,Albulina orbitula,24
Èøæ¹»Òµû,Albulina sajana,0
ÇØÁëæ¹»Òµû,Albuling qinlingensis,0
°²æ¹»Òµû,Albulina amphirrhoe,0
¿µ¶¨æ¹»Òµû,Albulina tatsienluica,0
Î÷²Øæ¹»Òµû,Albulina tibetana,0
À³°¢»Òµû,Albulina lehana,0
¸Âæ¹»Òµû,Albulina gaborronkayi,0
·Ææ¹»Òµû,Albulina felicis,0
Ó¾æ¹»Òµû,Albulina younghusbandi,0
°Äæ¹»Òµû,Albulina omphisa,0
Ò«æ¹»Òµû,Albulina metallica,0
ÖĞ»ª°®»Òµû,Aricia mandschurica,53
»ªÏÄ°®»Òµû,Aricia chinensis,6
°®»Òµû,Aricia agestis,163
°¢°®»Òµû,Aricia allous,6
°£»Òµû,Eumedonia eumedon,275
×Ï»Òµû,Chilades lajus,0
ÇúÎÆ×Ï»Òµû,Chilades pandava,482
ÔÆÄÏ×Ï»Òµû,Chilades yunnanensis,0
¸£À´»Òµû,Freyeria trochylus,62
ÆÕ¸£À´»Òµû,Freyeria putli,165
¶¹»Òµû,Plebejus argus,145
¿Ë¶¹»Òµû,Plebejus christophi,0
Èø¶¹»Òµû,Plebejus samudra,0
Æ½¶¹»Òµû,Plebejus planorum,0
°Ä¶¹»Òµû,Plebejus obscurolunulata,0
Ì©¶¹»Òµû,Plebejus themis,0
±Ï¶¹»Òµû,Plebejus biton,0
Â¶¶¹»Òµû,Plebejus lucifuga,0
²Ó»Òµû,Agriades pheretiades,0
À®²Ó»Òµû,Agriades lamasem,1
¼Î²Ó»Òµû,Agriades janigen,0
Ä¬²Ó»Òµû,Agriades morsheadi,0
°ß²Ó»Òµû,Agriades luana,0
µİ²Ó»Òµû,Agriades dis,2
Îı½ğ²Ó»Òµû,Agriades sikkima,0
æ´»Òµû,Vacciniina optilete,0
ºìÖé»Òµû,Lycaeides argyrognomon,80
Çàº£Öé»Òµû,Lycaeides qinghaiensis,0
Ë÷Öé»Òµû,Lycaeides subsolanus,5
°¢µã»Òµû,Agrodiaetus amandus,0
À¶µã»Òµû,Agrodiaetus cyane,0
Â¶µã»Òµû,Agrodiaetus rueckbeili,0
Æ¤µã»Òµû,Agrodiaetus pylaon,0
µã»Òµû,Agrodiaetus damon,0
¿á»Òµû,Cyaniris semiargus,120
Åæ¿á»Òµû,Cyaniris persephatta,0
°²¿á»Òµû,Cyaniris annulata,0
¶àÑÛ»Òµû,Polyommatus erotides,44
Î¬ÄÉË¹ÑÛ»Òµû,Polyommatus venus,0
ÈøÑÛ»Òµû,Polyommatus sarta,0
ÒÁÑÛ»Òµû,Polyommatus icarus,231
ÒÇÑÛ»Òµû,Polyommatus icadius,0
ºæÑÛ»Òµû,Polyommatus hunza,0
·ğÑÛ»Òµû,Polyommatus forresti,8
°£ÑÛ»Òµû,Polyommatus erigone,0
Å«ÑÛ»Òµû,Polyommatus nuksani,0
½ğÑÛ»Òµû,Polyommatus chrysopis,0
µñĞÎÉ¡Åªµû,Bibasis aquilina,2
¹³ÎÆÉ¡Åªµû,Bibasis sena,42
ÂÌÉ¡Åªµû,Bibasis striata,1
´óÉ¡Åªµû,Bibasis miracula,23
ºÚ°ßÉ¡Åªµû,Bibasis oedipodea,36
³È³áÉ¡Åªµû,Bibasis jaina,54
ºÖÉ¡Åªµû,Bibasis harisa,47
°×É¡Åªµû,Bibasis gomata,123
ÎŞÖºÅªµû,Hasora anura,21
ÎŞ°ßÖºÅªµû,Hasora danda,0
Ë«°ßÖºÅªµû,Hasora chromus,150
ÒøÕëÖºÅªµû,Hasora taminata,0
Î³´øÖºÅªµû,Hasora vitta,39
Èı°ßÖºÅªµû,Hasora badra,113
½ğ´øÖºÅªµû,Hasora schoenherr,6
¼â³áÅªµû,Badamia exclamationis,156
ÂÌÅªµû,Choaspes benjaminii,178
°ë»ÆÂÌÅªµû,Choaspes hemixantha,13
»ÆÃ«ÂÌÅªµû,Choaspes xanthopogon,2
¶ëÃ¼´óÅªµû,Capila omeia,3
º£ÄÏ´óÅªµû,Capila hainana,4
ÏßÎÆ´óÅªµû,Capila lineata,0
´°°ß´óÅªµû,Capila translucida,1
ºÚÉÑ´óÅªµû,Capila nigrilima,0
°×·Û´óÅªµû,Capila pieridoides,0
Î¢µã´óÅªµû,Capila pauripunetata,0
»Æ´øÅªµû,Lobocla liliana,1
Ë«´øÅªµû,Lobocla bifasciata,35
¼òÎÆ´øÅªµû,Lobocla simplex,0
ÇúÎÆ´øÅªµû,Lobocla germana,0
Êø´øÅªµû,Lobocla contracta,0
Ç¶´øÅªµû,Lobocla proxima,0
ÊèĞÇÅªµû,Celaenorrhinus aspersus,1
°ßĞÇÅªµû,Celaenorrhinus maculosus,19
»ÆÉäÎÆĞÇÅªµû,Celaenorrhinus oscula,4
Í¬×ÚĞÇÅªµû,Celaenorrhinus consanguineus,1
Ğ¡ĞÇÅªµû,Celaenorrhinus ratna,7
¼â³áĞ¡ĞÇÅªµû,Celaenorrhinus pulomaya,2
Ì¨ÍåĞÇÅªµû,Celaenorrhinus horishanus,2
»ÆĞÇÅªµû,Celaenorrhinus pero,4
ÖÜÊÏĞÇÅªµû,Celaenorrhinus choui,0
Ğ±´øĞÇÅªµû,Celaenorrhinus aurivittatus,0
ÖéÅªµû,Erynnis tages,254
ÉîÉ½ÖéÅªµû,Erynnis montanus,132
°×Åªµû,Abraximorpha davidii,130
·Û°×Åªµû,Abraximorpha pieridoides,0
ºÚÂö°×Åªµû,Abraximorpha heringi,0
²ÊÅªµû,Caprona agama,35
»Æ´°Åªµû,Coladenia laxmi,0
Ã÷´°Åªµû,Coladenia agnioides,0
»¨´°Åªµû,Coladenia hoenei,0
ÓÄ´°Åªµû,Coladenia sheila,4
ÃàÑò´°Åªµû,Coladenia agni,1
»Æ½óÅªµû,Pseudocoladenia dan,219
Êá³áÅªµû,Ctenoptilum vasava,21
ºÚÅªµû,Daimio tethys,405
ÖĞ»ª½İÅªµû,Gerosis sinica,5
·ËÒÄ½İÅªµû,Gerosis phisara,22
½Ç³áÅªµû,Odontoptilum angulatum,10
Ë¢ëÖÅªµû,Sarangesa dasahara,118
ìªÅªµû,Satarupa gopala,1
ÃÜÎÆìªÅªµû,Satarupa monbeigi,21
Ì¨ÍåìªÅªµû,Satarupa formosibia,1
òÌĞÍìªÅªµû,Satarupa nymphalis,17
Ì¨ÍåÉªÅªµû,Seseria formosana,100
½õÉªÅªµû,Seseria dohertyi,6
°×¸¹ÉªÅªµû,Seseria sambara,3
°×±ßÈ¹Åªµû,Tagiades gana,217
ºÚ±ßÈ¹Åªµû,Tagiades menaka,72
Õ´±ßÈ¹Åªµû,Tagiades litigiosa,331
¹ö±ßÈ¹Åªµû,Tagiades cohaerens,53
Ã«ÂöÅªµû,Mooreana trichoneura,40
»¨Åªµû,Pyrgus maculatus,105
±±·½»¨Åªµû,Pyrgus alveus,201
½õ¿û»¨Åªµû,Pyrgus malvae,269
ĞÇµãÅªµû,Syrichtus tessellum,1
¿í´ø°×µãÅªµû,Syrichtus antonia,0
Ï¡µãÅªµû,Syrichtus staudingeri,0
»ÆÊÎÅªµû,Spialia galba,252
ÇúÎÆĞäÅªµû,Notocrypta curvifascia,284
¿íÎÆĞäÅªµû,Notocrypta feisthamelii,38
Õ­ÎÆĞäÅªµû,Notocrypta paralysos,239
É­ÏÂĞäÅªµû,Notocrypta morishitai,0
ºÚÉ«¹³Åªµû,Ancistroides nigrita,187
ÑÅÅªµû,Iambrix salsala,281
ºì±êÅªµû,Koruthaialos rubecula,31
ĞÂºì±êÅªµû,Koruthaialos sindu,61
ÑÌÅªµû,Psolos fuligo,76
½ªÅªµû,Udaspes folus,397
Ğ¡ĞÇ½ªÅªµû,Udaspes stellata,0
ºÚïÉÅªµû,Aeromachus piceus,4
±êïÉÅªµû,Aeromachus stigmatus,0
ÒÉïÉÅªµû,Aeromachus dubius,8
ºÓ²®ïÉÅªµû,Aeromachus inachus,34
ëç³áÅªµû,Astictopterus jama,227
¸£½¨ëç³áÅªµû,Astictopterus fujiananus,0
Õ­³áÅªµû,Halpe homolea,12
¶À×Óº¨Åªµû,Halpe homolea,12
Ë«×Óº¨Åªµû,Halpe porus,75
Ú©Åªµû,Onryza maga,15
ÅıÅªµû,Pithauria murdava,0
»Æ±êÅıÅªµû,Pithauria marsena,10
éÂ³áÅıÅªµû,Pithauria stramineipennis,16
»¨È¹ÍÓÅªµû,Thoressa submacula,7
»ÆÌõÍÓÅªµû,Thoressa horishana,0
áâÍÓÅªµû,Thoressa latris,0
°×°ßÒøÅªµû,Carterocephalus dieckmanni,22
¿ËÀíÒøÅªµû,Carterocephalus christophi,3
»Æ°ßÒøÅªµû,Carterocephalus alcinoides,22
ÒøÅªµû,Carterocephalus palaemon,312
»Æ³áÒøÅªµû,Carterocephalus silvicola,303
Á´Åªµû,Heteropterus morpheus,281
Ë«É«ÖÛÅªµû,Barca bicolor,9
Ğ¡Åªµû,Leptalina unicolor,0
´ÌëÖÅªµû,Baoris farri,50
Ë¢³á´ÌëÖÅªµû,Baoris penicillata,0
ôÌÅªµû,Borbo cinnara,295
ÄâôÌÅªµû,Pseudoborbo bevani,24
ÎŞ°ßçæÅªµû,Caltoris bromus,27
·ÅõàçæÅªµû,Caltoris cahira,59
·½°ßçæÅªµû,Caltoris cornasa,1
Ö±ÎÆµ¾Åªµû,Parnara guttata,76
ÇúÎÆµ¾Åªµû,Parnara ganga,61
ĞşÎÆµ¾Åªµû,Parnara bada,198
ÖĞ»ª¹ÈÅªµû,Pelopidas sinensis,61
ÄÏÑÇ¹ÈÅªµû,Pelopidas agna,157
½üô÷¹ÈÅªµû,Pelopidas subochracea,9
ÒşÎÆ¹ÈÅªµû,Pelopidas mathias,222
Ó¡¶È¹ÈÅªµû,Pelopidas assamensis,31
¹ÅÍ­¹ÈÅªµû,Pelopidas conjuncta,41
É½µØ¹ÈÅªµû,Pelopidas jansonis,9
ºÚ±ê¿×Åªµû,Polytremis mencia,6
Í¸ÎÆ¿×Åªµû,Polytremis pelllucida,0
ºĞÎÆ¿×Åªµû,Polytremis theca,13
´ÌÎÆ¿×Åªµû,Polytremis zina,5
»ÆÎÆ¿×Åªµû,Polytremis lubricans,211
ÈÚÎÆ¿×Åªµû,Polytremis discreta,4
Ì¨Íå¿×Åªµû,Polytremis eltola,21
»ÆÂö¿×Åªµû,Polytremis flavinerva,0
ÖÜÊÏ¿×Åªµû,Polytremis choui,0
Åªµû,Hesperia comma,111
Ğ¡ô÷Åªµû,Ochlodes venata,36
¿í±ßô÷Åªµû,Ochlodes ochracea,44
°×°àô÷Åªµû,Ochlodes subhualina,0
Ñ©É½ô÷Åªµû,Ochlodes siva,0
ÆĞÌáô÷Åªµû,Ochlodes bouddha,0
ÕëÎÆô÷Åªµû,Ochlodes klapperichii,3
»Æô÷Åªµû,Ochlodes crataeis,13
Î÷²Øô÷Åªµû,Ochlodes thibetana,1
±ªÅªµû,Thymelicus leoninus,41
ºÚ±ªÅªµû,Thymelicus sylvaticus,32
ì½Åªµû,Isoteinon lamprospilus,233
»Æ°ß½¶Åªµû,Erionota torus,204
°×°ß½¶Åªµû,Erionota grandis,2
Ïã½¶Åªµû,Erionota torus,204
Ò¬Åªµû,Gangara thyrsis,105
¼â³áÒ¬Åªµû,Gangara lebadea,4
ÂêÅªµû,Matapa aria,134
³¤ĞëÅªµû,Scobura cephaloides,2
ĞëÅªµû,Scobura coniata,1
ËØÅªµû,Suastus gremius,77
Ğ¡ËØÅªµû,Suastus minutus,0
çóÅªµû,Lotongus saralus,13
Ï£Åªµû,Hyarotis adrastus,149
»ğÂöÅªµû,Pyroneura margherita,0
»ÆÉÑÖ×ÂöÅªµû,Zographetus satwa,44
Áú¹¬Ö×ÂöÅªµû,Zographetus ogygioides,0
¹âÈÙÖ×ÂöÅªµû,Zographetus doxus,9
¼â³á»ÆÊÒÅªµû,Potanthus palnia,0
¿××Ó»ÆÊÒÅªµû,Potanthus confucius,173
ÇúÎÆ»ÆÊÒÅªµû,Potanthus flavus,23
µ­É«»ÆÊÒÅªµû,Potanthus pallidus,0
Ö±ÎÆ»ÆÊÒÅªµû,Potanthus rectifasciatus,0
¶ÏÎÆ»ÆÊÒÅªµû,Potanthus trachalus,3
¿íÎÆ»ÆÊÒÅªµû,Potanthus pavus,1
¾âÎÆ»ÆÊÒÅªµû,Potanthus lydius,0
³¤±êÅªµû,Telicota colon,103
×Ï³á³¤±êÅªµû,Telicota augias,40
»ÆÎÆ³¤±êÅªµû,Telicota ohara,76
ºÚÂö³¤±êÅªµû,Telicota linna,13
ºì³á³¤±êÅªµû,Telicota ancilla,24
½ğ°ßÅªµû,Cephrenes chrysozona,0
Ë«×ÓÅ¼ÂÂÅªµû,Oriens goloides,51
Å¼ÂÂÅªµû,Oriens gola,104
»ÆÅªµû,Taractrocera flavoides,0
»Æ°ßÅªµû,Ampittia dioscorides,237
¹³ĞÎ»Æ°ßÅªµû,Ampittia virgata,95
Ğ¡»Æ°ßÅªµû,Ampittia nana,21
